company,status,board_url,ats_type,jobs_read,source_url,notes,original_reason
Family Dollar,Blocked — unchanged,,,,,Explicit live admin blocklist; skipped.,blocklisted
Tata Consultancy Services,Added and verified,https://ibegin.tcsapps.com/candidate/?geography=US&language=EN,tcs,2374,https://www.tcs.com/careers/united-states,Board registration read back from live database.,staffing_firm
Tesla,Public portal restricted during check,,,,https://www.tesla.com/careers/search/job/280953?source=Indeed,,needs_adapter
Mphasis,Further adapter investigation required,,,,https://careers.mphasis.com,,no_board_found
Prime Healthcare,Added and verified,https://careers-primehealthcare.icims.com/jobs/search?ss=1&in_iframe=1,icims,3292,https://careers.primehealthcare.com/,Board registration read back from live database.,no_board_found
Kforce Inc,Blocked — unchanged,,,,,Explicit live admin blocklist; skipped.,blocklisted
Siemens,Added and verified,https://jobs.siemens.com/en_US/externaljobs/SearchJobs/?42386=%5B812209%5D&42386_format=17546&listFilterMode=1,avature_links,1191,https://jobs.siemens.com/en_US/externaljobs/SearchJobs,Board registration read back from live database.,needs_adapter
KPMG US,Fetch failed during check,,,,https://careers.kpmg-us.com,ValueError: blocked non-public URL: https://careers.kpmg-us.com,no_board_found
University of Michigan,Added and verified,https://careers.umich.edu/search-jobs?position=All,umich,763,https://careers.umich.edu/search-jobs?position=All,Board registration read back from live database.,no_board_found
TikTok,Added and verified,https://lifeattiktok.com/search,tiktok,1824,https://careers.tiktok.com/,Board registration read back from live database.,needs_adapter
Verizon,Further adapter investigation required,,,,https://careers.verizon.com,,no_board_found
Johns Hopkins University,University follow-up required,,,,https://careers.jhu.edu/,Official careers.jhu.edu/hiring.jhu.edu careers endpoint challenged403. Current complete public listing not verified.,needs_adapter
American Airlines,Public portal restricted during check,,,,https://jobs.aa.com/job/Fort-Worth-Project-ManagerSr-Project-Manager%2C-Planning-and-Strategy-TX-76101/1431288000/?feedId=198700&utm_source=Indeed&utm_campaign=AA_Indeed,,needs_adapter
Moody's Corporation,Adapter validation unresolved,https://careers.moodys.com/en/search-jobs,radancy,0,https://careers.moodys.com,,no_board_found
University of Pittsburgh,University follow-up required,,,,https://www.join.pitt.edu/,"Taleo agent tested public board192 rows vs215 advertised, retained partial and withheld complete adoption.",needs_adapter
EPAM Systems,Further adapter investigation required,,,,https://careers.epam.com/en/vacancy/bltgozffrn3ztm4txq9_en?city=New%20York&state=NY&country=USA&utm_source=indeed&utm_medium=xml-job-feed&utm_campaign=ta,,needs_adapter
University of Florida,Added and verified,https://careers.pageuppeople.com/674/cw/en-us/listing/,pageup,731,https://jobs.ufl.edu/,Board registration read back from live database.,no_url_at_all
University of Minnesota,University follow-up required,https://hr.myu.umn.edu/psc/hrprd/EMPLOYEE/HRMS/c/HRS_HRAM_FL.HRS_CG_SEARCH_FL.GBL,peoplesoft,,https://www.myu.umn.edu/employment,PartialScrapeError: PeopleSoft returned 300 of 740 advertised postings,no_url_at_all
Dallas Independent School District,Further adapter investigation required,,,,https://careers.dallasindependentschooldistrict.com,,no_board_found
Slalom,Adapter validation unresolved,https://jobs.slalom.com/en_US/careersmarketplace/SearchJobs,avature,0,https://careers.slalom.com,,no_board_found
Indiana University,Added and verified,https://hrms.iu.edu/psc/PH1PRD_PUB/EMPLOYEE/HRMS/c/HRS_HRAM_FL.HRS_CG_SEARCH_FL.GBL,peoplesoft,324,https://hr.iu.edu/working-at-iu/job-search/index.html,Board registration read back from live database.,no_board_found
Atlassian,Further adapter investigation required,,,,https://atlassian.com/careers,,no_url_at_all
The Ohio State University,Already configured,https://osu.wd1.myworkdayjobs.com/OSUCareers,workday,1011,https://hr.osu.edu/careers/,Board registration read back from live database.,board_guessed_unverified
University of Southern California,Added and verified,https://usc.wd5.myworkdayjobs.com/ExternalUSCCareers,workday,823,https://usccareers.usc.edu/,Board registration read back from live database.,no_board_found
"V-Soft Consulting Group, Inc.",Search leads saved — validation pending,,,,https://info.vsoftconsulting.com/hubfs/Saleskit/IT%20Staffing%20Overview%20l%20V-Soft.pdf,Search results are unverified leads; no board added.,no_url_at_all
The University of Iowa,University follow-up required,,,,https://jobs.uiowa.edu/,"Officialsource retrieved, but no fully validated supported board behind it during this audit.",no_board_found
Sony Interactive Entertainment,Added and verified,https://job-boards.greenhouse.io/sonyinteractiveentertainmentglobal,greenhouse,192,https://careers.playstation.com/senior-product-manager/job/6191585004,Board registration read back from live database.,needs_adapter
Best Buy,Further adapter investigation required,,,,https://careers.bestbuy.com,,no_board_found
University of Utah,Added and verified,https://utah.peopleadmin.com/postings/search,peopleadmin,798,https://medicine.utah.edu/pediatrics/clinical-enterprise/recruitment,Board registration read back from live database.,no_board_found
The University of Texas at Austin,Already configured,https://utaustin.wd1.myworkdayjobs.com/UTstaff,workday,587,https://hr.utexas.edu/prospective/apply,Board registration read back from live database.,no_url_at_all
System Soft Technologies,Further adapter investigation required,,,,https://sstech.us/home-new/,,no_url_at_all
Eli Lilly and Company,Public portal restricted during check,,,,https://lilly.com/careers,,no_url_at_all
Audible,Further adapter investigation required,,,,https://audible.com/careers,,no_url_at_all
Starbucks,Further adapter investigation required,,,,https://careers.starbucks.com,,no_board_found
Cyient,Further adapter investigation required,,,,https://careers.cyient.com,,no_board_found
Schneider Electric,Public portal restricted during check,,,,https://se.com/careers,,no_url_at_all
Michigan State University,Added and verified,https://careers.pageuppeople.com/782/cw/en-us/listing/,pageup,466,https://careers.msu.edu/,Board registration read back from live database.,no_board_found
University of California Berkeley,Added and verified,https://careerspub.universityofcalifornia.edu/psc/ucb/EMPLOYEE/HRMS/c/HRS_HRAM_FL.HRS_CG_SEARCH_FL.GBL?SiteId=21,peoplesoft,185,https://jobs.berkeley.edu/job-listings/external-applicants,Board registration read back from live database.,no_board_found
Texas Tech University,University follow-up required,,,,https://www.texastech.edu/careers/,Official texastech.edu/careers links BrassRing partner25898 site5637/5635/5639 for TTU and separate healthscience sites. BrassRing unsupported.,no_board_found
Jacobs,Further adapter investigation required,,,,https://careers.jacobs.com/en_US/careers/JobDetail/Construction-Project-Coordinator-LSNA-TX/45494,,needs_adapter
Federal Express Corporation,Search leads saved — validation pending,,,,https://careers.fedex.com/jobs,Search results are unverified leads; no board added.,no_url_at_all
CBRE,Adapter validation unresolved,https://cbreglobal.avature.net/careers/SearchJobs,avature,0,https://cbreglobal.avature.net/careers/JobDetail/293737,,board_resolved_but_unused
University of Miami,Added and verified,https://careers.miami.edu,phenom,2025,https://careers.miami.edu/,Board registration read back from live database.,no_board_found
University of Oklahoma,University follow-up required,https://jobs.ou.edu/jobs/search,pageup,,https://jobs.ou.edu/,PartialScrapeError: Incomplete PageUp listing: PageUp listing returned no new postings,needs_adapter
University of Kentucky,Added and verified,https://ukjobs.uky.edu/postings/search,peopleadmin,879,https://ukjobs.uky.edu/,Board registration read back from live database.,no_url_at_all
Equinix,Further adapter investigation required,,,,https://careers.equinix.com/jobs/senior-construction-project-manager-new-york-united-states,,needs_adapter
West Virginia University,University follow-up required,,,,https://careers.wvu.edu/,"Taleo agent tested public board114 vs119 advertised, retained partial and withheld complete adoption.",no_board_found
Georgia Institute of Technology,Added and verified,https://careers.hprod.onehcm.usg.edu/psc/careers/CAREERS/HRMS/c/HRS_HRAM_FL.HRS_CG_SEARCH_FL.GBL?SiteId=03000,peoplesoft,269,https://hr.gatech.edu/careers,Board registration read back from live database.,no_board_found
Tata Technologies,Fetch failed during check,,,,https://careers.tata-technologies.com,"SSLError: HTTPSConnectionPool(host='careers.tata-technologies.com', port=443): Max retries exceeded with url: / (Caused by SSLError(SSLError(1, '[SSL: TLSV1_ALERT_INTERNAL_ERROR] tlsv1 alert internal error (_ss",no_board_found
Two Sigma,Adapter validation unresolved,https://careers.twosigma.com/en_US/careers/SearchJobs,avature,0,https://careers.twosigma.com,,no_board_found
7-Eleven,Readable — identity review pending,https://careers.7-eleven.com/category/field-operations-jobs/7/8736544/1,radancy,5344,https://careers.7-eleven.com,,no_board_found
Yahoo,Further adapter investigation required,,,,https://careers.yahoo.com,,no_board_found
ARUP Laboratories,Further adapter investigation required,,,,https://careers.aruplaboratories.com/,,no_board_found
Jefferies,Further adapter investigation required,,,,https://www.jefferies.com/,,no_url_at_all
Leidos,Public portal restricted during check,,,,https://careers.leidos.com/jobs/18253647-data-scientist-mid-level-active-ts-slash-sci?tm_job=R-00192357&tm_event=view&tm_company=2502,,needs_adapter
Drury Hotels,Blocked — unchanged,,,,,Explicit live admin blocklist; skipped.,blocklisted
University of Houston,University follow-up required,,,,https://careers.uh.edu/,Official careers.uh.edu/jobs/search/uh-postings is campus-scoped Clinch; generic board contains entireUH system. Direct fetch202; not adopted.,no_board_found
Case Western Reserve University,University follow-up required,,,,https://employment.case.edu/,Official employment.case.edu redirects classic PeopleSoft HRS_HRAM.HRS_APP_SCHJOB.GBL; current adapter only Fluid. Internal hcm.case.edu path was excluded.,no_board_found
Cotiviti,Added and verified,https://careers-cotiviti.icims.com/jobs/search?ss=1&in_iframe=1,icims,84,https://www.cotiviti.com/careers,Board registration read back from live database.,no_url_at_all
Stantec,Further adapter investigation required,,,,https://rr.jobsyn.org/DA14A4150E7143699BBB80B353657C331554,,needs_adapter
"Pyramid Consulting, Inc",Search leads saved — validation pending,,,,https://www.pyramidcg.com/candidates,Search results are unverified leads; no board added.,staffing_firm
Cloudera,Added and verified,https://cloudera.wd5.myworkdayjobs.com/External_Career,workday,70,https://www.cloudera.com/careers.html,Board registration read back from live database.,no_url_at_all
Niagara Bottling,Added and verified,https://niagarawater.wd5.myworkdayjobs.com/Niagara,workday,355,https://careers.niagarawater.com/us/en/phoenix-1,Board registration read back from live database.,no_url_at_all
Vanderbilt University,Added and verified,https://ecsr.fa.us2.oraclecloud.com/hcmUI/CandidateExperience/en/sites/CX_1,oracle,140,https://www.vanderbilt.edu/work-at-vanderbilt/,Board registration read back from live database.,no_board_found
Black & Veatch,Fetch failed during check,,,,https://careers.blackveatch.com,"ConnectTimeout: HTTPSConnectionPool(host='careers.blackveatch.com', port=443): Max retries exceeded with url: / (Caused by ConnectTimeoutError(<HTTPSConnection(host='careers.blackveatch.com', port=443) at 0x1ebe51b6d",no_board_found
Medidata Solutions,Further adapter investigation required,,,,https://www.3ds.com/careers/jobs/principal-devops-engineer-549974,,needs_adapter
Publix Super Markets,Further adapter investigation required,,,,https://corporate.publix.com/careers,,no_url_at_all
Publix,Further adapter investigation required,,,,https://sjobs.brassring.com/TGNewUI/Search/Home/Homewithpreload?partnerid=26173&siteid=5197&Pagetype=jobdetails&jobid=1429122&codes=Indeed,,needs_adapter
"University of California, Riverside",University follow-up required,,,,https://jobsportal.ucr.edu/,Official Angular public /api/jobs returns127 jobs and /api/jobs/id full details. Unintegrated prototype in proposed_ucr_adapter.py; stopped new implementation for user quick-wrap request.,needs_adapter
Rush University Medical Center,University follow-up required,,,,https://tinyurl.com/bdf7m4e6?rumc,"Official rush.edu external-applicant shortlink resolves Infor CandidateSelfService port1444, JobBoardRUSHEXTERNAL. Current adapters do not support Infor.",no_board_found
LS Solutions,Fetch failed during check,,,,https://www.ls-sol.com/contact-us,"ReadTimeout: HTTPSConnectionPool(host='www.ls-sol.com', port=443): Read timed out. (read timeout=8.0)",no_url_at_all
Siemens Energy,Added and verified,https://jobs.siemens-energy.com/en_US/jobs/SearchJobsUS,avature_links,500,https://jobs.siemens-energy.com/en_US/jobs/SearchJobsUS,Board registration read back from live database.,no_board_found
Zifo,Added and verified,https://apply.workable.com/zifo,workable,37,https://apply.workable.com/zifo/j/2B2D6E78CE,Board registration read back from live database.,needs_adapter
C3 AI,Readable — identity review pending,https://job-boards.greenhouse.io/c3ascend,greenhouse,2,https://job-boards.greenhouse.io/c3ascend,,no_url_at_all
Applied Systems,Held for identity or scope review,,,,,Original Ashby link belongs to Applied Intuition. Replacement discovered; requires final validation.,no_board_found
InfoVision Inc.,Further adapter investigation required,,,,https://careers.infovision.com,,no_board_found
Shutterfly,Public portal restricted during check,,,,https://careers.shutterfly.com,,no_board_found
Credit One Bank,Public portal restricted during check,,,,https://careers.creditonebank.com,,no_board_found
Veeva Systems,Provided URL unavailable,,,,https://jobs.lever.co/veeva,,board_guessed_unverified
New York City Department of Education,Further adapter investigation required,,,,https://nychb.teacherssupportnetwork.com/guest/ShowVacancyDetails.do?vacancyId=27149,,needs_adapter
Molex,Fetch failed during check,,,,https://molex.com/careers,"ReadTimeout: HTTPSConnectionPool(host='www.molex.com', port=443): Read timed out. (read timeout=8.0)",no_url_at_all
City National Bank,Provided URL unavailable,,,,https://careers.cnb.com/jobs/jobs/13740/job?utm_source=indeed_integration&iis=Job%20Board&iisn=Indeed&indeed-apply-token=73a2d2b2a8d6d5c0a62696875eaebd669103652d3f0c2cd5445d3e66b1592b0f,,needs_adapter
Compass Group USA,Held for identity or scope review,,,,,"Original Greenhouse link belongs to real estate Compass, not Compass Group USA.",needs_adapter
University of New Mexico,Added and verified,https://unm.csod.com/ux/ats/careersite/18/home,cornerstone,759,https://jobs.unm.edu/,Board registration read back from live database.,no_board_found
Catalent Pharma Solutions,Already configured,https://catalent.wd1.myworkdayjobs.com/External,workday,334,https://careers.catalent.com/us/en/job/CATAUS0096625EXTERNALENUS/Associate-Project-Manager?utm_source=indeed&utm_medium=phenom-feeds,Board registration read back from live database.,needs_adapter
SUNY Upstate Medical University,University follow-up required,https://careers.upstate.edu/jobs/search,pageup,,https://careers.upstate.edu/,PartialScrapeError: Incomplete PageUp listing: PageUp listing returned no new postings,needs_adapter
The University of Kansas,Added and verified,https://employment.ku.edu/jobs,ku,148,https://employment.ku.edu/jobs,Board registration read back from live database.,no_url_at_all
New York Technology Partners,Further adapter investigation required,,,,https://www.nytp.com/career-opportunities,,no_url_at_all
Akkodis,Further adapter investigation required,,,,https://karriere.akkodis.no/jobs,,no_url_at_all
Remitly,Further adapter investigation required,,,,https://careers.remitly.com/,,no_board_found
Burns & McDonnell,Further adapter investigation required,,,,https://rr.jobsyn.org/F399C404CD4F43CAB0D901A008F06B8C1554,,needs_adapter
"Siri InfoSolutions, Inc.",Provided URL unavailable,,,,https://siriinfosolutions.com/careers,,staffing_firm
Transamerica,Further adapter investigation required,,,,https://careers.transamerica.com,,no_board_found
Dematic,Readable — identity review pending,https://kiongroup.wd3.myworkdayjobs.com/KION_SCS,workday,370,https://dematic.com/careers,,no_url_at_all
World Wide Technology,Further adapter investigation required,,,,https://recruiting.adp.com/srccsh/public/RTI.home?r=5001226133100&c=2166501&d=WWTExternalCareerSite&rb=INDEED&idUnique=5001226133100,,needs_adapter
Ryder System,Further adapter investigation required,,,,https://rr.jobsyn.org/FA38F320C3F54C09942B7B2EAD0C3DAF1554,,needs_adapter
AutoZone,Blocked — unchanged,,,,,Explicit live admin blocklist; skipped.,blocklisted
The University of Texas Medical Branch,University follow-up required,,,,https://applyjobs.utmb.edu/,"Officialsource retrieved, but no fully validated supported board behind it during this audit.",no_url_at_all
Georgia State University,Added and verified,https://gsu.taleo.net/careersection/2/jobsearch.ftl,taleo,78,https://hr.gsu.edu/careers/,Board registration read back from live database.,no_board_found
Syracuse University,Added and verified,https://www.sujobopps.com/postings/search,peopleadmin,222,https://www.sujobopps.com/postings/search,Board registration read back from live database.,no_board_found
University of Nebraska Medical Center,Added and verified,https://unmc.peopleadmin.com/postings/search,peopleadmin,211,https://unmc.peopleadmin.com/postings/search,Board registration read back from live database.,no_board_found
Applied Intuition,Added and verified,https://jobs.ashbyhq.com/applied,ashby,293,https://www.appliedintuition.com/ja/careers,Board registration read back from live database.,no_url_at_all
Tyler Technologies,Added and verified,https://jobs.jobvite.com/tylertech,jobvite,106,https://jobs.jobvite.com/careers/tylertech/job/oJSLAfwG?__jvst=job+board&__jvsd=Indeed,Board registration read back from live database.,needs_adapter
Penske Truck Leasing,Further adapter investigation required,,,,https://rr.jobsyn.org/05A26E164E7B4651976BEAC628AE8E221554,,needs_adapter
R Systems,Further adapter investigation required,,,,https://careers.rsystems.com,,no_board_found
Mindlance,Added and verified,https://www1.jobdiva.com/portal/?a=7fjdnw91pq69jlvngz1gp518iugamw00c66623tmx447r7e3lkr3gqqpqjhpy8mo,jobdiva,2820,https://mindlance.com/job-board/,Board registration read back from live database.,no_url_at_all
National Grid,Further adapter investigation required,,,,https://jobs.nationalgrid.com/usa/jobs/11094/lead-data-engineer,,needs_adapter
"LanceSoft, Inc.",Further adapter investigation required,,,,https://careers.lancesoft.com,,no_board_found
ARGO,Further adapter investigation required,,,,https://www.argospace.com/careers,,no_url_at_all
"American Unit, Inc",Further adapter investigation required,,,,https://www.americanunit.com/open-positions.php,,no_url_at_all
Etsy,Further adapter investigation required,,,,https://careers.etsy.com,,no_board_found
Mohawk Industries,Adapter validation unresolved,https://careers.mohawkind.com,successfactors,0,https://careers.mohawkind.com/DalTile,,no_url_at_all
Maximus,Added and verified,https://maximus.avature.net/careers/SearchJobs,avature,288,https://maximus.avature.net/careers/FolderDetail/United-States-Cloud-Engineer-ACOP/43243?source=eQuest,Board registration read back from live database.,needs_adapter
Kansas State University,University follow-up required,https://careers.pageuppeople.com/742/cw/en-us/listing/,pageup,,https://careers.k-state.edu/,ValueError: PageUp listing returned no new postings,needs_adapter
LiveRamp,Added and verified,https://liveramp.wd5.myworkdayjobs.com/LiveRampCareers,workday,45,https://liveramp.com/careers,Board registration read back from live database.,no_url_at_all
Precision Technologies,Further adapter investigation required,,,,https://www.precision-techno.com/current-job-openings/cnc-machine-operator,,no_url_at_all
Research Foundation of The City University of New York,University follow-up required,,,,https://www.rfcuny.org/careers/,Corrected officialsource returned HTTP404,no_url_at_all
Fannie Mae,Added and verified,https://fanniemae.wd1.myworkdayjobs.com/FannieMaeCareers,workday,58,https://www.fanniemae.com/careers/search-all-jobs,Board registration read back from live database.,no_board_found
uString Solutions LLC,Further adapter investigation required,,,,https://ustringsolutions.com/careers-detail.php?jid=43,,needs_adapter
Trimble,Further adapter investigation required,,,,https://careers.trimble.com,,no_board_found
University of Kansas Medical Center,Added and verified,https://kumc.wd5.myworkdayjobs.com/kumc-jobs,workday,153,https://www.kumc.edu/human-resources/careers.html,Board registration read back from live database.,no_url_at_all
RELX,Fetch failed during check,,,,https://relx.com/careers,"ConnectionError: HTTPSConnectionPool(host='relx.com', port=443): Max retries exceeded with url: /careers (Caused by NewConnectionError(""HTTPSConnection(host='relx.com', port=443): Failed to establish a new connection:",no_url_at_all
Wood,Public portal restricted during check,,,,https://woodgroupkenny.com/careers,,no_url_at_all
Regions Bank,Further adapter investigation required,,,,https://regions.dejobs.org/job-titles/mortgage-loan-officer-texas/jobs/,,no_url_at_all
Uline,Public portal restricted during check,,,,https://www.uline.jobs/JobDetails?source=1-INDEED&jobid=R267547,,needs_adapter
Sonata Software North America Inc.,Further adapter investigation required,,,,https://www.sonata-software.com/sonatacx/en/ContactUs,,no_url_at_all
FTI,Adapter validation unresolved,https://careers-fti-net.icims.com/jobs/search?ss=1&in_iframe=1,icims,0,https://www.ftidefense.com/careers,PartialScrapeError: iCIMS posting identity is invalid,no_url_at_all
Blackhawk Network,Provided URL unavailable,,,,https://careers-blackhawknetwork.icims.com/jobs/,,no_url_at_all
Gemini,Readable — identity review pending,https://job-boards.greenhouse.io/gemini,greenhouse,37,https://job-boards.greenhouse.io/gemini,,board_guessed_unverified
CHRISTUS Health,Further adapter investigation required,,,,https://careers.christushealth.org/opportunity/application-system-analyst-lead-mychart-355737?utm_campaign=Indeed,,needs_adapter
Kirkland & Ellis,Public portal restricted during check,,,,https://staffjobsus.kirkland.com/jobs/18233854-marketing-operations-coordinator?tm_job=8978-1A&tm_event=view&tm_company=2169,,needs_adapter
Turo,Added and verified,https://turo.wd12.myworkdayjobs.com/Turo_careers,workday,30,https://turo.com/us/en/careers,Board registration read back from live database.,no_url_at_all
Vizient,Further adapter investigation required,,,,https://careers.vizient.com,,no_board_found
Sparksoft Corporation,Further adapter investigation required,,,,https://www.sparksoftcorp.com/,,no_url_at_all
New Era Technology,Adapter validation unresolved,https://job-boards.greenhouse.io/neweratechnology,greenhouse,0,https://www.neweratech.com/en-gb/careers,,no_url_at_all
Bloom Energy,Added and verified,https://bloomenergy.wd1.myworkdayjobs.com/BloomEnergyCareers,workday,182,https://www.bloomenergy.com/careers/,Board registration read back from live database.,no_url_at_all
SGS Technologie,Further adapter investigation required,,,,https://www.sgstechnologies.net/about-us,,no_url_at_all
Western Alliance Bank,Provided URL unavailable,,,,https://careers.westernalliancebank.com/,,no_board_found
Zipline,Further adapter investigation required,,,,https://zipline.com/careers,,no_url_at_all
Clayco,Further adapter investigation required,,,,https://claycorp.com/careers/interns,,no_url_at_all
Utah State University,Added and verified,https://careers-usu.icims.com/jobs/search?ss=1&in_iframe=1,icims,141,https://hr.usu.edu/jobs/,Board registration read back from live database.,no_board_found
Emory Healthcare,Fetch failed during check,,,,https://emoryhealthcare.org/careers,"SSLError: HTTPSConnectionPool(host='emoryhealthcare.org', port=443): Max retries exceeded with url: /careers (Caused by SSLError(SSLCertVerificationError(1, '[SSL: CERTIFICATE_VERIFY_FAILED] certificate verify ",no_url_at_all
Dimensional Fund Advisors,Further adapter investigation required,,,,https://careers.dimensionalfundadvisors.com,,no_board_found
ADT,Further adapter investigation required,,,,https://jobs.adt.com,,no_board_found
The Fountain Group,Further adapter investigation required,,,,https://careers.fountain.com/,,no_board_found
Omnicell,Further adapter investigation required,,,,https://careers.omnicell.com,,no_board_found
Aditi Consulting,Added and verified,https://jobs.smartrecruiters.com/AditiConsulting1,smartrecruiters,5,https://careers.smartrecruiters.com/AditiConsulting1?oga=true,Board registration read back from live database.,no_url_at_all
Flexton Inc.,Further adapter investigation required,,,,https://niyukjobs.ai/jobs-at-flexton-inc-1,,no_url_at_all
"Forge Group, LLC",Added and verified,https://forgegroupllc.isolvedhire.com/jobs/,applicantpro,19,https://forgegroupllc.isolvedhire.com/jobs/1856349-102300.html,Board registration read back from live database.,needs_adapter
Indegene,Adapter validation unresolved,https://careers.indegene.com,successfactors,0,https://careers.indegene.com/,,no_board_found
Sanford Health,Added and verified,https://sanford.wd5.myworkdayjobs.com/SanfordHealth,workday,970,https://sanfordcareers.com/sanford-health/,Board registration read back from live database.,no_board_found
NextEra Energy Resources,Readable — identity review pending,https://jobs.nexteraenergy.com,successfactors,306,https://jobs.nexteraenergy.com/go/NextEra-Energy-Resources/2674200/1000?q=&sortColumn=sort_title&sortDirection=desc,,no_url_at_all
THOUGHT BYTE,Further adapter investigation required,,,,https://thoughtbyte.com/job-seeker/,,no_url_at_all
Tekgence Inc,Further adapter investigation required,,,,https://www.careers-page.com/tekgence-inc,,no_url_at_all
George Mason University,University follow-up required,https://listings.jobs.gmu.edu/jobs/search,pageup,,https://listings.jobs.gmu.edu/jobs/search,PartialScrapeError: Incomplete PageUp listing: PageUp listing returned no new postings,no_board_found
ICONMA,Further adapter investigation required,,,,https://iconma.com/career/,,no_url_at_all
CHS Inc.,Fetch failed during check,,,,https://chsinc.com/careers,ValueError: blocked non-public URL: https://jobs.www.chsinc.com/,no_url_at_all
TSMC,Adapter validation unresolved,https://careers.tsmc.com/en_US/careers/SearchJobs,avature,0,https://careers.tsmc.com,,no_board_found
American Tower,Further adapter investigation required,,,,https://careers.americantower.com,,no_board_found
Ashley Furniture Industries,Further adapter investigation required,,,,https://careers.ashleyfurniture.com/,,no_board_found
Parker Hannifin,Public portal restricted during check,,,,https://parkercareers.ttcportals.com/jobs/18253314-project-mgr-npd?tm_job=68790-1A&tm_event=view&tm_company=1147,,needs_adapter
GRAIL,Added and verified,https://jobs.lever.co/grailbio,lever,20,https://grail.com/careers/,Board registration read back from live database.,no_url_at_all
Allstate Insurance,Added and verified,https://allstate.wd5.myworkdayjobs.com/allstate_careers,workday,479,https://www.allstate.jobs/job/23885496/senior-data-engineer-con-ii-illinois-city-il/?source=IndeedOrganicJB,Board registration read back from live database.,needs_adapter
Perkins&Will,Added and verified,https://recruiting2.ultipro.com/PER1007PWILL/JobBoard/0ca393a4-bf82-4db6-acae-91e6a0315a4a,ultipro,153,https://perkinswill.com/careers/,Board registration read back from live database.,no_url_at_all
Tyson Foods,Added and verified,https://tysonfoods.wd5.myworkdayjobs.com/TSN5,workday,470,https://www.tysonfoods.com/humboldt-jobs-and-careers,Board registration read back from live database.,no_url_at_all
"VMC Soft Technologies, Inc",Public portal restricted during check,,,,https://www.career.com/job/vmc-soft-technologies-inc/application-infrastructure-support-engineer/j202604171900028775002,,no_url_at_all
MediaTek,Further adapter investigation required,,,,https://careers.mediatek.com,,no_board_found
Redfin,Already configured,,,,,,board_guessed_unverified
IMCS Group,Further adapter investigation required,,,,https://imcsgroup.net/career/,,no_url_at_all
Lehigh University,Added and verified,https://careers.pageuppeople.com/865/cw/en-us/listing/,pageup,31,https://careers.pageuppeople.com/865/cw/en-us/listing/,Board registration read back from live database.,needs_adapter
New York Power Authority,Added and verified,https://careers.nypa.gov,successfactors,83,https://careers.nypa.gov/viewalljobs/,Board registration read back from live database.,no_url_at_all
Zoom Communications,Further adapter investigation required,,,,https://careers.zoom.us/jobs/software-engineer-san-jose-california-united-states-64292c47-54ef-4753-8b70-75b4f376da1b,,needs_adapter
Safran,Further adapter investigation required,,,,https://safran.com/careers,,no_url_at_all
University of Denver,Added and verified,https://careers.pageuppeople.com/885/cw/en-us/listing/,pageup,91,https://jobs.du.edu/cw/en-us/listing/,Board registration read back from live database.,needs_adapter
BASF,Further adapter investigation required,,,,https://careers.basf.com,,no_board_found
First Horizon Bank,Added and verified,https://ibpwjb.fa.ocs.oraclecloud.com/hcmUI/CandidateExperience/en/sites/CX_1,oracle,255,https://ibpwjb.fa.ocs.oraclecloud.com/hcmUI/CandidateExperience/en/sites/CX_1/job/1140,Board registration read back from live database.,needs_adapter
Apex Systems,Search leads saved — validation pending,,,,https://www.apexsystems.com/,Search results are unverified leads; no board added.,staffing_firm
Angi,Readable — identity review pending,https://jobs.ashbyhq.com/angi,ashby,53,https://jobs.ashbyhq.com/angi,,board_guessed_unverified
Daimler Truck North America,Added and verified,https://dtna.wd5.myworkdayjobs.com/DTNA_external,workday,86,https://northamerica.daimlertruck.com/careers/internships,Board registration read back from live database.,no_url_at_all
Intellisoft Technologies,Further adapter investigation required,,,,https://www.intellisofttechnologies.com/Current-openings.shtml,,no_url_at_all
Hitachi Rail,Further adapter investigation required,,,,https://hitachirail.com/careers,,no_url_at_all
BMC Software,Added and verified,https://jobs.bmc.com/en_US/Careers/SearchJobs,avature,87,https://jobs.bmc.com/Careers/JobDetail/Assoc-Project-Analyst-USA/47531,Board registration read back from live database.,needs_adapter
AGCO Corporation,Added and verified,https://careers.agcocorp.com,successfactors,181,https://careers.agcocorp.com/job/Tremont-Data-Scientist-IL/1431155000/,Board registration read back from live database.,needs_adapter
Cubic Corporation,Held for identity or scope review,,,,,"Search hit selected electrical-panel company CUBIC/Rockwell, not Cubic Corporation.",no_url_at_all
American Credit Acceptance,Public portal restricted during check,,,,https://careers.americancreditacceptance.com/en/jobs/18158675-jr-software-engineer-part-time?tm_job=526&tm_event=view&tm_company=94100,,needs_adapter
Infoblox,Added and verified,https://efpv.fa.us6.oraclecloud.com/hcmUI/CandidateExperience/en/sites/CX_1,oracle,80,https://www.infoblox.com/jp/company/careers/,Board registration read back from live database.,no_url_at_all
QVC,Readable — identity review pending,https://qvc.wd5.myworkdayjobs.com/QRG,workday,167,https://qvc.wd5.myworkdayjobs.com/en-US/QRG/job/Pennsylvania-Remote/Sales---Product-Planning-Coordinator_R82520,,no_url_at_all
Worldpay,Public portal restricted during check,,,,https://jobs.worldpay.com,,no_board_found
Baker Tilly US,Public portal restricted during check,,,,https://careers.bakertilly.com,,no_board_found
Henkel,Further adapter investigation required,,,,https://jobs.henkel.com,,no_board_found
University of Oregon,Added and verified,https://careers.pageuppeople.com/726/cw/en-us/listing/,pageup,137,https://careers.uoregon.edu/en-us/listing/,Board registration read back from live database.,no_board_found
Harvey Nash,Further adapter investigation required,,,,https://careers.harveynashusa.com/list-of-open-job-opportunities,,no_url_at_all
Omnissa,Fetch failed during check,,,,https://www.omnissa.com/careers/jobs/ireland-renewals-specialist-french-speaker/,"ReadTimeout: HTTPSConnectionPool(host='www.omnissa.com', port=443): Read timed out. (read timeout=8.0)",no_url_at_all
West Pharmaceutical Services,Further adapter investigation required,,,,https://westpharma.dejobs.org/locations/pennsylvania/jobs/,,no_url_at_all
Zynga,Further adapter investigation required,,,,https://jobs.zynga.com,,no_board_found
Dynatrace,Further adapter investigation required,,,,https://careers.dynatrace.com,,no_board_found
The Catholic University of America,University follow-up required,,,,https://humanresources.catholic.edu/careers/index.html,Corrected officialsource returned HTTP403,no_board_found
INTEGRIS Health,Public portal restricted during check,,,,https://integrishealth.org/careers/why-integris-health,,no_url_at_all
Intellibee Inc,Further adapter investigation required,,,,https://intellibee.my.salesforce-sites.com/apps/jobs?id=a0AUU000008Gk5V2AS,,needs_adapter
Turnberry Solutions,Further adapter investigation required,,,,https://www.turnberrysolutions.com/careers/salesforce/a4cTO000001Iam1YAC/,,no_url_at_all
Navan,Further adapter investigation required,,,,https://navan.com/careers,,no_url_at_all
"Datasoft Technologies, Inc.",Further adapter investigation required,,,,https://www.datasofttechnologies.com/careers,,no_url_at_all
Cerebras Systems,Fetch failed during check,,,,https://careers.cerebrassystems.com,"ConnectTimeout: HTTPSConnectionPool(host='careers.cerebrassystems.com', port=443): Max retries exceeded with url: / (Caused by ConnectTimeoutError(<HTTPSConnection(host='careers.cerebrassystems.com', port=443) at 0x1",no_board_found
General Dynamics Information Technology,Added and verified,https://gdit.wd5.myworkdayjobs.com/External_Career_Site,workday,1159,https://www.gdit.com/careers/job/c56e996e0/full-stack-software-developer-tssci-with-polygraph/,Board registration read back from live database.,needs_adapter
Hologic,Further adapter investigation required,,,,https://careers.hologic.com,,no_board_found
L.A. Care Health Plan,Added and verified,https://jobs.lacare.org,successfactors,55,https://jobs.lacare.org/job/Los-Angeles-Care-Delivery-Analytics-Data-Analyst-III-CA-90017/1431322200/,Board registration read back from live database.,needs_adapter
Whatnot,Adapter validation unresolved,https://jobs.ashbyhq.com/whatnot,ashby,0,https://jobs.ashbyhq.com/whatnot/daa0bdf2-e91b-4711-8dfa-ec1781ecf6c9?utm_source=5ZdKQw02XN,HTTPError: 404 Client Error: Not Found for url: https://api.ashbyhq.com/posting-api/job-board/whatnot,board_resolved_but_unused
Overhead Door Corporation,Further adapter investigation required,,,,https://www.overheaddoorchicago.com/careers/,,no_url_at_all
WuXi Biologics,Further adapter investigation required,,,,https://www.wuxibiologics.com/join-us-quality-assurance-intern-2/,,no_url_at_all
Clearwater Analytics,Added and verified,https://clearwateranalytics.wd1.myworkdayjobs.com/Clearwater_Analytics_Careers,workday,278,https://clearwateranalytics.wd1.myworkdayjobs.com/Clearwater_Analytics_Careers/job/Office---Noida/Data-Analyst---Revenue-Operations_R11938,Board registration read back from live database.,no_url_at_all
Ralph Lauren,Further adapter investigation required,,,,https://careers.ralphlauren.com,,no_board_found
Simpson Thacher & Bartlett LLP,Added and verified,https://stblaw.wd1.myworkdayjobs.com/careers,workday,60,https://www.stblaw.com/your-career/why-simpson-thacher,Board registration read back from live database.,no_url_at_all
The Nature Conservancy,Added and verified,https://nature.wd108.myworkdayjobs.com/ExternalCareers,workday,85,https://careers.tnc.org/us/en?vu=careers,Board registration read back from live database.,no_url_at_all
Sealed Air Corporation,Further adapter investigation required,,,,https://careers.sealedair.com,,no_board_found
TMEIC,Added and verified,https://apply.workable.com/tmeic-corporation-americas,workable,42,https://tmeic.com/careers/,Board registration read back from live database.,no_url_at_all
L.E.K. Consulting,Further adapter investigation required,,,,https://www.lek.com/careers/the-lek-career,,no_url_at_all
The Coca-Cola Company,Added and verified,https://coke.wd1.myworkdayjobs.com/coca-cola-careers,workday,214,https://coke.wd1.myworkdayjobs.com/coca-cola-careers?utm_medium=10588,Board registration read back from live database.,needs_adapter
Deluxe,Further adapter investigation required,,,,https://careers.deluxe.com,,no_board_found
Hyundai AutoEver America,Added and verified,https://hyundaiautoeveramerica.applytojob.com/apply,jazzhr,91,https://hyundaiautoeveramerica.applytojob.com/apply,Board registration read back from live database.,no_url_at_all
"InnoCore Solutions, Inc.",Further adapter investigation required,,,,https://innocorepharma.com/company/careers/,,no_url_at_all
TeleTracking,Added and verified,https://job-boards.greenhouse.io/teletrackingtechnologiesinc,greenhouse,12,https://www.teletracking.com/careers/,Board registration read back from live database.,no_url_at_all
Teksky LLC,Further adapter investigation required,,,,https://www.teksky.com/career/,,no_url_at_all
Vertafore,Further adapter investigation required,,,,https://vertafore.com/careers,,no_url_at_all
Macquarie Group,Adapter validation unresolved,https://recruitment.macquarie.com/en_US/careers/SearchJobs,avature,0,https://careers.macquarie.com,,no_board_found
Central Michigan University,Added and verified,https://www.jobs.cmich.edu/postings/search,peopleadmin,64,https://www.jobs.cmich.edu/,Board registration read back from live database.,no_url_at_all
Synoptek,Further adapter investigation required,,,,https://careers.synoptek.com,,no_board_found
Missouri State University,Added and verified,https://jobs.missouristate.edu/postings/search,peopleadmin,145,https://jobs.missouristate.edu/,Board registration read back from live database.,no_board_found
Rohde & Schwarz,Further adapter investigation required,,,,https://careers.rohde-schwarz.com,,no_board_found
University of Mississippi Medical Center,Added and verified,https://ummc.wd5.myworkdayjobs.com/UMCCareers,workday,539,https://www.umc.edu/HR/Careers/Careers-Workday.html,Board registration read back from live database.,no_url_at_all
Brown Brothers Harriman,Added and verified,https://bbh.wd5.myworkdayjobs.com/BBH,workday,197,https://www.bbh.com/us/en/careers/experienced-professionals.html,Board registration read back from live database.,no_url_at_all
Toyota Material Handling,Fetch failed during check,,,,https://toyotamaterialhandling.com/careers,"SSLError: HTTPSConnectionPool(host='toyotamaterialhandling.com', port=443): Max retries exceeded with url: /careers (Caused by SSLError(SSLCertVerificationError(1, ""[SSL: CERTIFICATE_VERIFY_FAILED] certificate ",no_url_at_all
Diversified Services Network,Added and verified,https://apply.workable.com/dsn,workable,55,https://apply.workable.com/dsn/j/50FF280DC4,Board registration read back from live database.,needs_adapter
Pacific Gas and Electric Company,Provided URL unavailable,,,,https://jobs.pge.com/job/-/-/29673/100676936608,,no_board_found
"O2 Technologies,Inc",Search leads saved — validation pending,,,,https://www.linkedin.com/company/o2technologies,Search results are unverified leads; no board added.,no_url_at_all
Premier Inc.,Further adapter investigation required,,,,https://www.premier.org.uk/careers/,,no_url_at_all
DICK'S Sporting Goods,Added and verified,https://dickssportinggoods.wd1.myworkdayjobs.com/DSG,workday,1484,https://www.dickssportinggoods.jobs/jobs/brand/DICK%27S-Sporting-Goods/,Board registration read back from live database.,no_url_at_all
Rolls-Royce,Further adapter investigation required,,,,https://careers.rolls-royce.com,,no_board_found
Intralox,Added and verified,https://jobs.intralox.com/en_US/jobsintralox/SearchJobs,avature,111,https://jobs.intralox.com/en_US/jobsintralox,Board registration read back from live database.,no_board_found
Avnet,Further adapter investigation required,,,,https://www.avnet.com/americas/about-avnet/careers/internships-early-grads,,no_url_at_all
Cambia Health Solutions,Added and verified,https://cambiahealth.wd504.myworkdayjobs.com/External,workday,57,https://www.cambiahealth.com/careers/life-at-cambia/,Board registration read back from live database.,no_url_at_all
Pall Corporation,Readable — identity review pending,https://danaher.wd1.myworkdayjobs.com/DanaherJobs,workday,1336,https://www.pall.com/kr/ko/careers.html,,no_url_at_all
Ampcus Inc,Further adapter investigation required,,,,https://www.ampcuscyber.ampcus.com/careers/,,no_url_at_all
FedEx Supply Chain,Readable — identity review pending,https://fedex.wd1.myworkdayjobs.com/FTN_EMEIA_External,workday,8,https://careers.fedex.com/jobs?keyword=shipping+freights,,no_url_at_all
American business solutions inc,Further adapter investigation required,,,,https://absiusa.oorwin.ai/#/careers/index.html/job/details/8121c732fe9c0de7449cc8183caa32decd2a7236?source=indeed&postedby=126,,needs_adapter
International Rescue Committee,Further adapter investigation required,,,,https://rescue.org/careers,,no_url_at_all
Ascensus,Further adapter investigation required,,,,https://careers.ascensus.com,,no_board_found
Harley-Davidson Motor Company,Added and verified,https://jobs.harley-davidson.com,successfactors,76,https://jobs.harley-davidson.com/job/Wauwatosa-Staff-Program-Manager-WI-53208/1422112100/,Board registration read back from live database.,no_url_at_all
"Affiliated Engineers, Inc",Further adapter investigation required,,,,https://jobs.dayforcehcm.com/en-US/facllc/AEI/jobs/695,,needs_adapter
Puget Sound Energy,Added and verified,https://jobs.pse.com,successfactors,42,https://jobs.pse.com/viewalljobs/,Board registration read back from live database.,no_url_at_all
Penske Logistics,Further adapter investigation required,,,,https://www.penskelogistics.com/mexico/en/careers-2655473046,,no_url_at_all
FinThrive,Further adapter investigation required,,,,https://finthrive.com/careers,,no_url_at_all
Baptist Health,Further adapter investigation required,,,,https://jobs.baptisthealthcareers.com/job-posting/?job=BAPTISTCAREERS-63224,,needs_adapter
First American,Further adapter investigation required,,,,https://firstam.com/careers,,no_url_at_all
"Research Foundation for Mental Hygiene, Inc.",Added and verified,https://rfmh.applicantpro.com/jobs/,applicantpro,4,https://corporate.rfmh.org/human_resources/index.asp?page=employmentopportunities,Board registration read back from live database.,no_url_at_all
Diligent,Readable — identity review pending,https://job-boards.greenhouse.io/diligent,greenhouse,5,https://job-boards.greenhouse.io/diligent,,not_attempted
Amtex Systems Inc,Further adapter investigation required,,,,https://us.amtexsystems.com/career-list/business-analyst,,no_url_at_all
Moelis & Company,Added and verified,https://moelis.wd1.myworkdayjobs.com/Experienced-Hires,workday,45,https://www.moelis.com/careers/working-at-moelis/,Board registration read back from live database.,no_url_at_all
Ann & Robert H. Lurie Children's Hospital of Chicago,Added and verified,https://luriechildrens.wd1.myworkdayjobs.com/externalportal,workday,169,https://jobs.luriechildrens.org/us/en/transport-team,Board registration read back from live database.,no_url_at_all
"Paul, Weiss, Rifkind, Wharton & Garrison LLP",Further adapter investigation required,,,,https://paulweiss.taleo.net/careersection/ex/jobdetail.ftl?job=45031,,needs_adapter
Tiffany & Co.,Public portal restricted during check,,,,https://www.tiffany.com/faq/career-faq/does-tiffany-offer-part-time-or-temporary-positions/,,no_url_at_all
EDP Renewables North America,Further adapter investigation required,,,,https://edp.com/en/north-america/na/powering-america,,no_url_at_all
"EnTech Engineering, PC",Further adapter investigation required,,,,https://careers.entech-pc.com/careers/45285-General/jobs/16847961-Associate-Program-Manager/?ref=Indeed,,needs_adapter
Norfolk Southern,Added and verified,https://jobs.nscorp.com,successfactors,77,https://jobs.nscorp.com/job/Atlanta-Lead-Data-Engineer-%28Databricks%2C-Big-Data%29-GA-30308/1431206700/,Board registration read back from live database.,needs_adapter
THEMESOFT,Further adapter investigation required,,,,https://themesoftinc.oorwin.ai/#/careers/index.html/job/details/7a36c55bbf612bca818609f5dd8e5d2b6aa2c803?source=indeed&postedby=294,,needs_adapter
Zelis Healthcare,Added and verified,https://zelis.wd115.myworkdayjobs.com/ZelisCareers,workday,89,https://careers.zelis.com/us/en/job/JR111710,Board registration read back from live database.,needs_adapter
NYU Langone Health,Adapter validation unresolved,https://nyulangone.avature.net/internalcareers/SearchJobs,avature,0,https://jobs.nyulangone.org/job/23746853/program-coordinator-office-of-medical-education-nyu-grossman-long-island-som-mineola-mineola-ny/,,needs_adapter
United Airlines,Added and verified,https://careers.united.com,phenom,187,https://careers.united.com/us/en/students,Board registration read back from live database.,no_url_at_all
Centric Consulting,Further adapter investigation required,,,,https://centricconsulting.com/careers-resources-category/jobs/,,no_url_at_all
Minneapolis Public Schools,Added and verified,https://jobs.mpls.k12.mn.us,successfactors,141,https://jobs.mpls.k12.mn.us/job/Minneapolis-Program-Coordinator%2C-Minneapolis-Kids-Loring-MN-55401/1431206100/,Board registration read back from live database.,needs_adapter
Evonik,Further adapter investigation required,,,,https://careers.evonik.com,,no_board_found
Next Insurance,Adapter validation unresolved,https://careers.munichre.com/en/search-jobs?acm=ALL&alrpm=ALL&ascf=%5B%7B%22key%22%3A%22custom_fields.BrandTheme%22%2C%22value%22%3A%22ERGO+Beratung+und+Vertrieb%22%7D%2C%7B%22key%22%3A%22custom_fields.BrandTheme%22%2C%22value%22%3A%22ERGO%22%7D%2C%7B%22key%22%3A%22custom_fields.BrandTheme%22%2C%22value%22%3A%22ERGO+Direkt%22%7D%2C%7B%22key%22%3A%22custom_fields.BrandTheme%22%2C%22value%22%3A%22ERV%22%7D%2C%7B%22key%22%3A%22custom_fields.BrandTheme%22%2C%22value%22%3A%22Allysca%22%7D%2C%7B%22key%22%3A%22custom_fields.BrandTheme%22%2C%22value%22%3A%22Viwis%22%7D%2C%7B%22key%22%3A%22custom_fields.BrandTheme%22%2C%22value%22%3A%22Longial%22%7D%2C%7B%22key%22%3A%22custom_fields.BrandTheme%22%2C%22value%22%3A%22Legial%22%7D%2C%7B%22key%22%3A%22custom_fields.BrandTheme%22%2C%22value%22%3A%22ITERGO%22%7D%5D,radancy,0,https://www.nextinsurance.com/about-us/,,no_url_at_all
Radiantze Inc.,Further adapter investigation required,,,,https://radiantze.com/job-posting-3,,no_url_at_all
Albert Einstein College of Medicine,University follow-up required,https://careers-einstein.icims.com/jobs/search?ss=1&in_iframe=1,icims,,https://careers.einsteinmed.edu/,PartialScrapeError: iCIMS results or explicit empty state is absent,no_url_at_all
SCIENTIFIC GAMES,Fetch failed during check,,,,https://careers.scientificgames.com,ValueError: response exceeds 5242880 bytes,no_board_found
University of California - Santa Cruz,University follow-up required,,,,https://jobs.ucsc.edu/,Corrected officialsource returned HTTP403,no_board_found
Hyliion,Readable — identity review pending,https://job-boards.greenhouse.io/hyliion,greenhouse,15,https://job-boards.greenhouse.io/hyliion,,board_guessed_unverified
Sundt Construction,Readable — identity review pending,https://eewl.fa.us6.oraclecloud.com/hcmUI/CandidateExperience/en/sites/CX,oracle,332,https://www.sundt.com/,,no_board_found
The Hartford,Added and verified,https://thehartford.wd5.myworkdayjobs.com/Careers_External,workday,240,https://www.jointhehartford.com/job/6488/personal-insurance-state-product-analyst-product-management-us-oh-columbus/,Board registration read back from live database.,needs_adapter
RH,Held for identity or scope review,,,,,Oracle CX_1 now redirects to CX_5004. RH identity is plausible but re-probe current site and board-scope completeness before adoption.,no_url_at_all
"Chico's FAS, Inc.",Readable — identity review pending,https://knitwellgroup.wd1.myworkdayjobs.com/Canada_Jobs,workday,14,https://jobs.chicos.com/store-careers.html,,no_url_at_all
ICW Group,Further adapter investigation required,,,,https://rr.jobsyn.org/916A78A35B834664B1A13C2549C9EAE41554,,needs_adapter
"Ricoh USA, Inc.",Further adapter investigation required,,,,https://jobs.ricohusa.com/,,no_board_found
Sentara Health,Readable — identity review pending,https://sentara.wd1.myworkdayjobs.com/SCS,workday,321,https://www.sentara.com/en/health-plans/company/careers,,no_url_at_all
Rapid7,Further adapter investigation required,,,,https://careers.rapid7.com,,no_board_found
Imprivata,Adapter validation unresolved,https://jobs.jobvite.com/imprivata,jobvite,0,https://app.jobvite.com/CompanyJobs/Job.aspx?j=owSLAfwt&s=Indeed,,needs_adapter
StepStone Group,Held for identity or scope review,,,,,"Official StepStone pages returned HTTP 200 but empty document in direct check. Search supports private-markets StepStone, but current exact Greenhouse tenant link could not be saved.",board_guessed_unverified
Trinity Health,Held for identity or scope review,,,,,"Ambiguous employer identity: this Paycom board is Trinity Health in Minot, North Dakota, not the nationwide trinity-health.org system. Need original employer context before selecting same-name entity.",no_url_at_all
Axelon Services Corporation,Fetch failed during check,,,,https://www.axelon.com/search-jobs-3/,"SSLError: HTTPSConnectionPool(host='www.axelon.com', port=443): Max retries exceeded with url: /search-jobs-3/ (Caused by SSLError(SSLCertVerificationError(1, '[SSL: CERTIFICATE_VERIFY_FAILED] certificate verif",no_url_at_all
"McLane Company, Inc.",Fetch failed during check,,,,https://jobs.joinmclane.com/?mypage=1,"ReadTimeout: HTTPSConnectionPool(host='jobs.joinmclane.com', port=443): Read timed out. (read timeout=8.0)",no_url_at_all
TBC Corporation,Held for identity or scope review,,,,,"Identity mismatch: Ashby tbc is The Biological Computing Co., not TBC Corporation.",not_attempted
Bright Vision Technologies,Provided URL unavailable,,,,https://brightvisiontechnologies.applytojob.com/apply/cOK0muauqm/GPU-Software-Engineer-CUDA,,no_url_at_all
US Tech Solutions,Search leads saved — validation pending,,,,https://careers.smartrecruiters.com/ustechsolutions2,Search results are unverified leads; no board added.,staffing_firm
INSPYR Solutions,Further adapter investigation required,,,,https://www.inspyrsolutions.com/careers/,,no_url_at_all
iSoftStone,Added and verified,https://jobs.jobvite.com/isoftstone,jobvite,34,https://www.isoftstoneinc.com/careers/,Board registration read back from live database.,no_url_at_all
"Akraya, Inc.",Further adapter investigation required,,,,https://jobs.akraya.com,,no_board_found
Project Management Institute,Further adapter investigation required,,,,https://pmigov.com/career-resources,,no_url_at_all
Opus,Further adapter investigation required,,,,https://www.opuscareers.com/join-us/,,no_url_at_all
Natus Medical Incorporated,Further adapter investigation required,,,,https://jobs.dayforcehcm.com/en-US/natus/CANDIDATEPORTAL/jobs/3374,,needs_adapter
CooperSurgical,Readable — identity review pending,https://hcjy.fa.us2.oraclecloud.com/hcmUI/CandidateExperience/en/sites/CX_1,oracle,248,https://www.coopersurgical.com/careers/,,no_url_at_all
V2Soft,Added and verified,https://www1.jobdiva.com/portal/?a=khjdnw5yoeunulx63gad4re3bqe6id0602bm0vvmtbsvg104mn382p3tn528y4bj,jobdiva,178,https://www.v2soft.com/careers/job-openings/,Board registration read back from live database.,no_board_found
Citi,Readable — identity review pending,https://citi.eightfold.ai/careers?domain=citi.com,eightfold,1250,https://jobs.citi.com/job/irving/lead-agentic-ai-engineer/287/100779011472,,needs_adapter
Dexian,Further adapter investigation required,,,,https://careers.dexian.com,,no_board_found
"1-800-FLOWERS.COM, INC.",Further adapter investigation required,,,,https://impactcenter.muskingum.edu/companies/1-800-flowers-com/jobs/,,no_url_at_all
"California State University, Long Beach",Added and verified,https://careers.pageuppeople.com/873/lb/en-us/listing/,pageup,69,https://careers.pageuppeople.com/873/lb/en-us/listing/,Board registration read back from live database.,needs_adapter
DLR Group,Added and verified,https://job-boards.greenhouse.io/dlrgroup,greenhouse,160,https://www.dlrgroup.com/careers/,Board registration read back from live database.,no_url_at_all
Hach,Added and verified,https://veralto.wd1.myworkdayjobs.com/HachJobs,workday,120,https://jobs.veralto.com/global/en/hach?origin=dropdown&c1=careers&clickedon=careers,Board registration read back from live database.,no_url_at_all
Tetra Tech,Fetch failed during check,,,,https://careers.tetra-tech.com,"ConnectTimeout: HTTPSConnectionPool(host='careers.tetra-tech.com', port=443): Max retries exceeded with url: / (Caused by ConnectTimeoutError(<HTTPSConnection(host='careers.tetra-tech.com', port=443) at 0x20fc9a19590",no_board_found
EnVogue International,Further adapter investigation required,,,,https://cricket-marigold-awpe.squarespace.com/careers,,no_url_at_all
Picarro,Added and verified,https://job-boards.greenhouse.io/picarroinc,greenhouse,36,https://www.picarro.com/company/careers/job-openings/apply?gh_jid=5421494008&gh_src=xgqfk92z8us,Board registration read back from live database.,needs_adapter
Clearway Energy Group,Added and verified,https://job-boards.greenhouse.io/clearwayjobs,greenhouse,54,https://www.clearwayenergygroup.com/internships/,Board registration read back from live database.,no_url_at_all
Garver,Further adapter investigation required,,,,https://garverusa.com/index.php/careers/job-listings,,no_url_at_all
Metropolitan State University of Denver,Added and verified,https://msudenver.wd1.myworkdayjobs.com/MSUDenver,workday,119,https://www.msudenver.edu/careers/,Board registration read back from live database.,no_url_at_all
University of Central Missouri,Added and verified,https://www.schooljobs.com/careers/ucmo,schooljobs,68,https://jobs.ucmo.edu/,Board registration read back from live database.,no_board_found
Texas Children's Hospital,Added and verified,https://eohh.fa.us2.oraclecloud.com/hcmUI/CandidateExperience/en/sites/CX,oracle,374,https://www.texaschildrens.org/departments/cancer-and-hematology-center/careers,Board registration read back from live database.,no_url_at_all
Global Alliant Inc,Provided URL unavailable,,,,https://globalalliantinc.com/contact-us/,,no_url_at_all
Shockwave Medical,Held for identity or scope review,,,,,Official Shockwave careers path returned branded 404; legacy one-posting SmartRecruiters tenant not linked to current official career portal.,board_guessed_unverified
The University of Texas at San Antonio,Added and verified,https://zahr-prd-candidate-ada.utshare.utsystem.edu/psc/ZAHRPRDADA/EMPLOYEE/HRMS/c/HRS_HRAM_FL.HRS_CG_SEARCH_FL.GBL?SiteId=21,peoplesoft,35,https://www.utsa.edu/people-excellence/careers/staff-positions.html,Board registration read back from live database.,no_url_at_all
ZOLL Medical Corporation,Added and verified,https://zoll.wd5.myworkdayjobs.com/ZOLLMedicalCorp,workday,250,https://careers.zoll.com/jobs/R19640,Board registration read back from live database.,needs_adapter
Liberty Mutual Insurance,Held for identity or scope review,,,,,Detected internal employee portal held; external portal needs separate validation.,needs_adapter
Barings,Public portal restricted during check,,,,https://www.barings.com/en-us/financial-advisor/about/careers/student,,no_url_at_all
Brown and Caldwell,Added and verified,https://recruiting2.ultipro.com/BRO1018BRACA/JobBoard/a06992cf-10e7-4e24-8932-26d607a3049e,ultipro,143,https://recruiting2.ultipro.com/BRO1018BRACA,Board registration read back from live database.,no_url_at_all
Global Shop Solutions,Further adapter investigation required,,,,https://www.globalshopsolutions.com/careers,,needs_adapter
Lakeview Loan Servicing,Adapter validation unresolved,https://careers-lakeviewloanservicing.icims.com/jobs/search?ss=1&in_iframe=1,icims,0,https://careers.bayview.com/lls/jobs/9042/job?utm_source=indeed_integration&iis=Job%20Board&iisn=Indeed&indeed-apply-token=73a2d2b2a8d6d5c0a62696875eaebd669103652d3f0c2cd5445d3e66b1592b0f,PartialScrapeError: iCIMS results or explicit empty state is absent,needs_adapter
Raytheon,Readable — identity review pending,https://globalhr.wd5.myworkdayjobs.com/REC_RTX_Ext_Gateway,workday,3000,https://jsv3.recruitics.com/redirect?rx_cid=3426&rx_jobId=01875660&rx_url=https%3A%2F%2Fcareers.rtx.com%2Fglobal%2Fen%2Fjob%2F01875660%3Frx_a%3D0%26rx_c%3D%26rx_ch%3Djobp4p%26rx_group%3D122223%26rx_id%3Df5068a63-b21d-11f1-970a-ad8e230b188c%26rx_job%3D01875660%26rx_medium%3Dcpc%26rx_r%3Dnone%26rx_source%3Dindeed%26rx_ts%3D20260918T140404Z%26rx_vp%3Dcpc,,needs_adapter
ERG,Readable — identity review pending,https://jobs.lever.co/erg,lever,31,https://jobs.lever.co/erg,,no_board_found
Halvik,Added and verified,https://halvik.isolvedhire.com/jobs/,applicantpro,27,https://halvik.isolvedhire.com/jobs/1865244-338778.html,Board registration read back from live database.,needs_adapter
Arkansas State University,University follow-up required,,,,https://www.astate.edu/jobs/index.html,"Official astate.edu/jobs/index.html links Taleo Business Edition phe02 orgARKASTAT2 cws40, distinct from supported Taleo Enterprise.",no_board_found
Utah Valley University,Added and verified,https://www.schooljobs.com/careers/uvu,schooljobs,72,https://www.uvu.edu/peopleandculture/jobs/,Board registration read back from live database.,fetch_failed
System One,Further adapter investigation required,,,,https://jobs.systemone.com,,staffing_firm
Community Health Network,Further adapter investigation required,,,,https://www.marithealth.com/e/community-health-network-mmvod/jobs,,no_url_at_all
PEAK6,Further adapter investigation required,,,,https://peak6-prod.ongig.com/jobs/business-operation-services/austin-texas-united-states-of-america/senior-business-analyst/JR105175,,needs_adapter
Computer Services,Further adapter investigation required,,,,https://careers.computerservices.com,,no_board_found
Modine Manufacturing Company,Added and verified,https://careers.modine.com,successfactors,47,https://careers.modine.com/job/Buena-Vista-Associate-Product-Manager-VA-24416/8675-en_US/?feedId=407100&utm_source=Indeed&utm_campaign=Modine_Indeed,Board registration read back from live database.,needs_adapter
Bloomberg Industry Group,Already configured,https://bloomberg.wd1.myworkdayjobs.com/Bloombergindustrygroup_External_Career_Site,workday,68,https://www.bloombergindustry.com/careers/,Board registration read back from live database.,no_url_at_all
"GAP Solutions, Inc.",Held for identity or scope review,,,,,Original Gap retail link is not GAP Solutions.,no_board_found
Sentinel Group,Added and verified,https://sentinelgroup.applytojob.com/apply,jazzhr,12,https://www.sentinelgroup.com/careers,Board registration read back from live database.,no_url_at_all
Sanmina,Fetch failed during check,,,,https://careers.sanmina.com,ValueError: blocked non-public URL: https://careers.sanmina.com,fetch_failed
Planet,Held for identity or scope review,,,,,"Ambiguous employer identity: this is Planet payments/technology at weareplanet.com, not Planet Labs satellite imagery. Need original employer context.",no_url_at_all
"Interlake Mecalux, Inc.",Added and verified,https://www.paycomonline.net/v4/ats/web.php/portal/058EB80E58DC368BF653CED34E0F66B1/career-page,paycom,21,https://www.interlakemecalux.com/careers/production-engineer,Board registration read back from live database.,no_url_at_all
"Ross Stores, Inc.",Adapter validation unresolved,https://ross.avature.net/talentcommunity/SearchJobs,avature,0,https://careers.rossstores.com,,no_board_found
Janus Henderson Investors,Added and verified,https://jobs.janushenderson.com,successfactors,51,https://jobs.janushenderson.com/job/Denver-Senior-Data-Engineer-CO-80206/1431323900/,Board registration read back from live database.,needs_adapter
"Spatial Front, Inc",Further adapter investigation required,,,,https://recruiting.paylocity.com/Recruiting/Jobs/All/ce35ef51-5752-4310-b3bc-cd8d405a1de1?source=Indeed_Feed,,no_url_at_all
Electric Power Engineers,Added and verified,https://careers-epeconsulting.icims.com/jobs/search?ss=1&in_iframe=1,icims,78,https://staging.epeconsulting.com/careers,Board registration read back from live database.,no_url_at_all
"Energy and Environmental Economics, Inc.",Added and verified,https://jobs.lever.co/ethree,lever,6,https://jobs.lever.co/ethree?location=San+Francisco%2C+CA,Board registration read back from live database.,no_url_at_all
Yakima Valley Farm Workers Clinic,Public portal restricted during check,,,,https://www.yvfwc.com/careers/staff-benefits,,no_url_at_all
Hanon Systems,Provided URL unavailable,,,,https://careers.hanonsystems.com,,fetch_failed
RK Infotech LLC,Search leads saved — validation pending,,,,https://rkinfo-tech.com/careers/,Search results are unverified leads; no board added.,staffing_firm
illumifin,Further adapter investigation required,,,,https://recruiting.adp.com/srccsh/public/RTI.home?r=5001224048106&c=1068741&d=ExternalCareerSite&rb=INDEED&idUnique=5001224048106,,needs_adapter
BayCare Health System,Further adapter investigation required,,,,"https://css-baycarehs-prd.inforcloudsuite.com/hcm/Jobs/form/JobPosting%5BJobPostingSet%5D(1,172349,1)?csk.JobBoard=EXTERNAL&csk.HROrganization=1",,needs_adapter
IPS-Integrated Project Services,Adapter validation unresolved,https://careers-ipsdb.icims.com/jobs/search?ss=1&in_iframe=1,icims,0,https://careers.ipsdb.com/jobs/8632?lang=en-us,PartialScrapeError: iCIMS results or explicit empty state is absent,no_url_at_all
Optomi,Further adapter investigation required,,,,https://www.optomi.com/professional-services,,no_url_at_all
Plymouth Rock Assurance,Held for identity or scope review,,,,,Only old SmartRecruiters posting found; official Plymouth Rock careers page did not establish active link to this small tenant.,no_url_at_all
California State University San Marcos,Added and verified,https://careers.pageuppeople.com/873/sm/en-us/listing/,pageup,172,https://careers.csusm.edu/en-us/listing/,Board registration read back from live database.,no_board_found
Canon USA,Fetch failed during check,,,,https://canon.com/careers,"ConnectTimeout: HTTPSConnectionPool(host='canon.com', port=443): Max retries exceeded with url: /careers (Caused by ConnectTimeoutError(<HTTPSConnection(host='canon.com', port=443) at 0x16eee942d50>, 'Connection to c",no_url_at_all
Cognitiv,Readable — identity review pending,https://job-boards.greenhouse.io/cognitiv,greenhouse,8,https://job-boards.greenhouse.io/cognitiv,,board_guessed_unverified
Direct Supply,Further adapter investigation required,,,,https://directsupply.com/,,no_url_at_all
AIDS Healthcare Foundation,Further adapter investigation required,,,,https://www.aidshealth.org/about/careers/diversity-and-inclusion/,,no_url_at_all
ACV Auctions,Further adapter investigation required,,,,https://acvauctions.com/careers,,no_url_at_all
Boehringer Ingelheim,Adapter validation unresolved,https://jobs.boehringer-ingelheim.com,successfactors,0,https://jobs.boehringer-ingelheim.com/job-invite/36960/?locale=en_US,,needs_adapter
Memorial Hermann Health System,Provided URL unavailable,,,,https://jobs.memorialhermann.org/us/en/job/100186899,,needs_adapter
Rust-Oleum Corporation,Fetch failed during check,,,,https://www.rustoleum.com/Careers,"ReadTimeout: HTTPSConnectionPool(host='www.rustoleum.com', port=443): Read timed out. (read timeout=8.0)",no_url_at_all
Verista,Added and verified,https://job-boards.greenhouse.io/veristainc,greenhouse,42,https://verista.com/careers/,Board registration read back from live database.,no_url_at_all
VIVA,Further adapter investigation required,,,,https://careers.viva-it.com/careers/opportunities/job-detail/cloud-engineer-BTNCCE15,,needs_adapter
Warner Music Group,Added and verified,https://wmg.wd1.myworkdayjobs.com/WMGUS,workday,52,https://www.wmg.com/careers,Board registration read back from live database.,no_url_at_all
Whova,Search leads saved — validation pending,,,,https://www.linkedin.com/company/whova,Search results are unverified leads; no board added.,no_url_at_all
Zefr,Added and verified,https://jobs.ashbyhq.com/zefr,ashby,3,https://jobs.ashbyhq.com/zefr,Board registration read back from live database.,no_board_found
Columbus State University,Added and verified,https://careers.hprod.onehcm.usg.edu/psc/careers/CAREERS/HRMS/c/HRS_HRAM_FL.HRS_CG_SEARCH_FL.GBL?SiteId=30000,peoplesoft,71,https://www.columbusstate.edu/human-resources/employment-opportunities.php,Board registration read back from live database.,no_board_found
Qualus,Provided URL unavailable,,,,https://talent.qualuscorp.com/jobs/5564/job?utm_source=indeed_integration&iis=Job%20Board&iisn=Indeed&indeed-apply-token=73a2d2b2a8d6d5c0a62696875eaebd669103652d3f0c2cd5445d3e66b1592b0f,,needs_adapter
Sirona Medical,Added and verified,https://job-boards.greenhouse.io/sironamedical,greenhouse,9,https://sironamedical.com/company/careers,Board registration read back from live database.,board_guessed_unverified
OSI Engineering,Further adapter investigation required,,,,https://osiengineering.com/find-a-job/,,no_url_at_all
Performance Contracting,Fetch failed during check,,,,https://careers.performance-contracting.com,"ConnectTimeout: HTTPSConnectionPool(host='careers.performance-contracting.com', port=443): Max retries exceeded with url: / (Caused by ConnectTimeoutError(<HTTPSConnection(host='careers.performance-contracting.com', ",no_board_found
Colgate-Palmolive,Further adapter investigation required,,,,https://jobs.colgate.com/job/Piscataway-Product-Analyst%2C-eCommerce-NJ/1430572800/?feedId=168900&utm_source=Indeed&utm_campaign=Colgate_Indeed,,needs_adapter
Carhartt,Further adapter investigation required,,,,https://jobs.dayforcehcm.com/en-US/carhartt/CANDIDATEPORTAL/jobs/5535,,needs_adapter
Eagle Eye Networks,Further adapter investigation required,,,,https://careers.eagleeyenetworks.com,,no_board_found
Granite Construction,Added and verified,https://granite.wd1.myworkdayjobs.com/careers,workday,250,https://www.graniteconstruction.com/careers/students,Board registration read back from live database.,no_url_at_all
Johns Hopkins Health System,Further adapter investigation required,,,,https://jobs.hopkinsmedicine.org/job/102483/program-coordinator-healthcare-operations-us-fl-st-petersburg-johns-hopkins-all-childrens-hospital/,,needs_adapter
Webull Financial,Added and verified,https://ats.rippling.com/webull/jobs,rippling,29,https://www.webull.com/career,Board registration read back from live database.,no_url_at_all
Taco Bell,Further adapter investigation required,,,,https://careers.tacobell.com,,no_board_found
HDR,Further adapter investigation required,,,,https://hdr.taleo.net/careersection/ex/jobdetail.ftl?job=195784&tz=GMT-05%3A00&tzname=America%2FChicago,,needs_adapter
FFF Enterprises,Further adapter investigation required,,,,https://jobs.dayforcehcm.com/en-US/fffenter/join-our-team/jobs/1734,,needs_adapter
"ALPHATEC SPINE, INC.",Added and verified,https://apply.workable.com/atec-spine,workable,27,https://apply.workable.com/atec-spine/j/70E5B110C4,Board registration read back from live database.,needs_adapter
Inadev,Further adapter investigation required,,,,https://www.inadev.com/careers/,,no_url_at_all
ReachMobi,Held for identity or scope review,,,,,Official ReachMobi careers page returned 403 in independent identity recheck; prior raw candidate retained for later verification.,no_url_at_all
SIDRAM TECHNOLOGIES,Further adapter investigation required,,,,https://www.sidramtech.com/utility.php,,no_url_at_all
"Spectrum Brands, Inc",Further adapter investigation required,,,,https://www.spectrumbrands.com/careers/job-search/list.html,,no_url_at_all
STRIKE,Held for identity or scope review,,,,,Ambiguous STRIKE name: Greenhouse strike could represent bitcoin company versus construction employer. Original record lacks disambiguating official URL.,board_guessed_unverified
Texas Health and Human Services Commission,Further adapter investigation required,,,,https://career41.sapsf.com/career?company=northgat01&career_ns=job_listing&career_job_req_id=20896&lang=en_US&source=Indeed,,needs_adapter
Valmet,Added and verified,https://valmet.wd103.myworkdayjobs.com/External,workday,164,https://www.valmet.com/sv/jobbahososs/,Board registration read back from live database.,no_url_at_all
Vital Strategies,Further adapter investigation required,,,,https://www.vitalstrategies.org/about-us/careers/,,no_url_at_all
Blackboard,Public portal restricted during check,,,,https://careers.blackboard.com,,fetch_failed
UNICON SYSTEMS,Fetch failed during check,,,,https://careers.uniconsystems.com,"ConnectTimeout: HTTPSConnectionPool(host='careers.uniconsystems.com', port=443): Max retries exceeded with url: / (Caused by ConnectTimeoutError(<HTTPSConnection(host='careers.uniconsystems.com', port=443) at 0x1ebe5",fetch_failed
Grand Circle Corporation,Added and verified,https://recruiting.ultipro.com/GRA1008GCIRC/JobBoard/7f0198d2-b59a-4441-9f15-79ce5a4de55b,ultipro,26,https://www.gct.com/about-us/people-and-culture/careers?o=postedDateDesc&q=&w=&wc=&we=&wpst=,Board registration read back from live database.,no_url_at_all
Zion Cloud Solutions,Held for identity or scope review,,,,,Official zionclouds.com careers path returned 404; SmartRecruiters slug not independently linked.,board_guessed_unverified
Challenge Manufacturing,Fetch failed during check,,,,https://careers.challengemanufacturing.com,"ConnectTimeout: HTTPSConnectionPool(host='careers.challengemanufacturing.com', port=443): Max retries exceeded with url: / (Caused by ConnectTimeoutError(<HTTPSConnection(host='careers.challengemanufacturing.com', po",fetch_failed
Yazaki North America,Further adapter investigation required,,,,https://www.yazaki-na.com/careers/job-boards,,no_url_at_all
Federal Home Loan Bank of Des Moines,Added and verified,https://wd5.myworkdaysite.com/recruiting/vhr_fhlbdm/careers,workday,32,https://www.fhlbdm.com/about/careers/default.aspx,Board registration read back from live database.,no_url_at_all
Seton Hall University,Added and verified,https://careers.pageuppeople.com/763/cw/en-us/listing/,pageup,189,https://jobs.shu.edu/en-us/listing/,Board registration read back from live database.,needs_adapter
Lower Colorado River Authority,Adapter validation unresolved,https://contingent-lcra.icims.com/jobs/search?ss=1&in_iframe=1,icims,0,https://careers.lcra.org/jobs/4421/job?utm_source=indeed_integration&iis=Job%20Board&iisn=Indeed&indeed-apply-token=73a2d2b2a8d6d5c0a62696875eaebd669103652d3f0c2cd5445d3e66b1592b0f,PartialScrapeError: iCIMS results or explicit empty state is absent,needs_adapter
Seegrid,Held for identity or scope review,,,,,Official Seegrid careers page returned 403 in independent identity recheck; prior raw candidate retained for later verification.,no_url_at_all
ENTRUST Solutions Group,Already configured,,,,,,board_guessed_unverified
"Atwell, LLC",Added and verified,https://job-boards.greenhouse.io/atwellgroup,greenhouse,180,https://atwell.com/careers/,Board registration read back from live database.,no_url_at_all
KCI,Readable — identity review pending,https://careers-kci.icims.com/jobs/search?ss=1&in_iframe=1,icims,206,https://www.kci.com/careers/know-your-rights/,,no_url_at_all
Tillster,Added and verified,https://jobs.ashbyhq.com/tillster,ashby,30,https://www.tillster.com/company/careers,Board registration read back from live database.,board_guessed_unverified
CARE,Further adapter investigation required,,,,https://www.care.org/careers/living-our-values/,,no_url_at_all
Entegee,Readable — identity review pending,https://careers.adeccogroup.com/en/category/the-adecco-group-entegee-jobs/22630/8250464/1,radancy,886,https://careers.adeccogroup.com/en/category/the-adecco-group-entegee-jobs/22630/8250464/1,,no_url_at_all
Hunton Andrews Kurth LLP,Added and verified,https://recruiting.ultipro.com/HUN1002HW/JobBoard/c54d0719-19af-46ae-b27a-8c3695a9ab0a,ultipro,25,https://www.hunton.com/careers/current-opportunities,Board registration read back from live database.,no_url_at_all
Hyundai Capital America,Further adapter investigation required,,,,https://www.hyundaicapitalamerica.com/,,no_url_at_all
Meharry Medical College,University follow-up required,,,,https://meharry.edu/human-resources/,Correct current meharry.edu/human-resources challenged403; search discovers Silkroad MMC/Careers but no full validation.,no_url_at_all
PCI Energy Solutions,Further adapter investigation required,,,,https://www.pcienergysolutions.com/about/careers/job-listings/,,no_url_at_all
Plug and Play,Further adapter investigation required,,,,https://accessopportunities.plugandplayfoundation.org/companies,,no_url_at_all
Trader Interactive,Further adapter investigation required,,,,https://careers.traderinteractive.com,,no_board_found
Fresh Consulting,Further adapter investigation required,,,,https://careers.fresh-consulting.com,,no_board_found
Xero,Added and verified,https://jobs.ashbyhq.com/xero,ashby,112,https://careers.xero.com,Board registration read back from live database.,not_attempted
Harbor Freight Tools,Further adapter investigation required,,,,https://sjobs.brassring.com/TGnewUI/Search/home/HomeWithPreLoad?partnerid=26281&siteid=6660&PageType=JobDetails&jobid=1424676,,needs_adapter
Motion Recruitment,Provided URL unavailable,,,,https://motionrecruitment.com/careers,,staffing_firm
Terabase Energy,Added and verified,https://apply.workable.com/terabase-energy,workable,28,https://www.terabase.energy/company/careers,Board registration read back from live database.,no_url_at_all
University of Virginia,University follow-up required,https://jobs.virginia.edu,phenom,,https://jobs.virginia.edu/,Live snapshot already contains https://jobs.virginia.edu phenom board; no duplicate adoption.,board_guessed_unverified
Burger King,Further adapter investigation required,,,,https://careers.burgerking.co.uk/,,no_url_at_all
Copeland,Added and verified,https://copeland.wd5.myworkdayjobs.com/Copeland_External_Careers_Page,workday,407,https://www.copeland.com/en-us/careers,Board registration read back from live database.,no_url_at_all
"Haynes and Boone, LLP",Further adapter investigation required,,,,https://www.haynesboone.com/news/articles,,no_url_at_all
Littelfuse,Public portal restricted during check,,,,https://littelfuse.com/careers,,no_url_at_all
Northwest Bank,Added and verified,https://northwest.wd1.myworkdayjobs.com/Northwest_Careers,workday,151,https://www.northwest.bank/careers/,Board registration read back from live database.,no_url_at_all
PCL Construction,Further adapter investigation required,,,,https://pcl.dejobs.org/jobs/,,no_url_at_all
"Sunrise Systems, Inc.",Held for identity or scope review,,,,,"Identity mismatch: Greenhouse sunrise is Sunrise Management, not Sunrise Systems Inc.",no_board_found
The Clorox Company,Added and verified,https://wd1.myworkdaysite.com/recruiting/clorox/Clorox,workday,190,https://www.thecloroxcompany.com/old-careers/working-at-clorox/,Board registration read back from live database.,no_url_at_all
Third Wave Automation,Added and verified,https://job-boards.greenhouse.io/thirdwaveautomation,greenhouse,4,https://thirdwave.ai/join-our-team,Board registration read back from live database.,board_guessed_unverified
Total Quality Logistics,Added and verified,https://careers.tql.com/en_US/TQLexternalcareers/SearchJobs,avature,342,https://www.tql.com/jobs,Board registration read back from live database.,no_url_at_all
Wilson Sporting Goods Co.,Further adapter investigation required,,,,https://careers.wilsonsportinggoods.com,,no_board_found
Iron Bow Technologies,Further adapter investigation required,,,,https://grnh.se/if0xgclh7us,,needs_adapter
Moen,Fetch failed during check,,,,https://www.moen.com.mx/,"ReadTimeout: HTTPSConnectionPool(host='www.moen.com.mx', port=443): Read timed out. (read timeout=8.0)",no_url_at_all
American Medical Association,Further adapter investigation required,,,,https://www.ama-assn.org/topics/physician-career-opportunities,,no_url_at_all
Baylor Scott & White Health,Added and verified,https://jobs.bswhealth.com,phenom,2132,https://jobs.bswhealth.com/us/en/patient-clinical-support,Board registration read back from live database.,no_url_at_all
Continental Finance Company,Added and verified,https://contfinco.bamboohr.com,bamboohr,11,https://continentalfinance.com/careers-at-continental-finance/,Board registration read back from live database.,no_url_at_all
FUJIFILM Healthcare Americas Corporation,Already configured,https://uscareers-fujifilm.icims.com/jobs/search?ss=1&in_iframe=1,icims,319,https://healthcaresolutions-us.fujifilm.com/,Board registration read back from live database.,no_url_at_all
PSI Services LLC,Further adapter investigation required,,,,https://psionline.rec.pro.ukg.net/PSI1500PSIL/JobBoard/287b933d-50bd-4acb-b709-75def54bf55f/OpportunityDetail?opportunityId=43fb321d-0824-4370-a0d8-013d07f0468f&postingId=770115d0-91a5-4425-8219-5a580927eb7b,,needs_adapter
Publicis Health Media,Held for identity or scope review,,,,,Publicis Health Media discovery resolves to unscoped Publicis Groupe Holdings board. Saved 2000-row pass also resembles legacy scraper cap; do not adopt as subsidiary.,no_url_at_all
Slipstream IT,Further adapter investigation required,,,,https://slipstream-it.hrmdirect.com/employment/view.php?req=3779776&jbsrc=1014&location=fae41a31-b52d-e3d7-5953-deb02ccc0fec,,needs_adapter
Life Time,Further adapter investigation required,,,,https://careers.lifetime.com,,no_board_found
IntePros,Further adapter investigation required,,,,https://inteprosfed.com/careers,,no_url_at_all
Allegis Global Solutions,Search leads saved — validation pending,,,,https://www.allegisglobalsolutions.com/about-us/jobs,Search results are unverified leads; no board added.,staffing_firm
"Securitas Security Services USA, Inc.",Further adapter investigation required,,,,https://securitas.dejobs.org/job-titles/security-guard/jobs/,,no_url_at_all
Tennant Company,Added and verified,https://jobs.tennantco.com,successfactors,71,https://jobs.tennantco.com/job/Eden-Prairie-Global-Data-Engineer-MN-55344/1431328800/,Board registration read back from live database.,needs_adapter
AWARE Inc.,Further adapter investigation required,,,,https://www.awarehealth.io/careers,,no_url_at_all
Bilt,Further adapter investigation required,,,,https://bilt.ai/careers/,,no_url_at_all
Blue Cross Blue Shield of Massachusetts,Added and verified,https://bcbsma.wd5.myworkdayjobs.com/BCBSMA,workday,38,https://careers.bluecrossma.org/us/en/student,Board registration read back from live database.,no_url_at_all
Champion Technology Services,Further adapter investigation required,,,,https://www.champtechnology.com/open-positions/?gnk=job&gni=8a78839f9fd3ba8701a034361c841f6e&gns=Indeed+Free,,needs_adapter
Cinch Home Services,Added and verified,https://recruiting.ultipro.com/CRO1005CCHS/JobBoard/cea1aee6-14f8-4303-b51d-f23507e998e7,ultipro,9,https://www.cinchhomeservices.com/en-us/about-cinch/careers,Board registration read back from live database.,no_url_at_all
Concora Credit,Provided URL unavailable,,,,https://careers-concoracredit.icims.com/jobs/2939/administrative-specialist/job,,no_url_at_all
Confluence,Readable — identity review pending,https://confluence.pinpointhq.com,pinpoint,22,https://confluence.pinpointhq.com/,,no_url_at_all
"Cupertino Electric, Inc.",Adapter validation unresolved,https://jobs.jobvite.com/cei,jobvite,0,https://app.jobvite.com/CompanyJobs/Job.aspx?j=oLeIAfw1&s=Indeed,,needs_adapter
"Cyclotron, Inc.",Added and verified,https://cyclotroninc.applytojob.com/apply,jazzhr,10,https://cyclotroninc.applytojob.com/apply/AjYM5bIEV4/Microsoft-Identity-Devices-EngineerClient-Consulting,Board registration read back from live database.,no_url_at_all
Dairy Farmers of America,Further adapter investigation required,,,,https://careers.dfamilk.com/life-at-dfa/,,no_url_at_all
FOL Management,Public portal restricted during check,,,,https://newgulfcareers.com/company/FOL%20Management/,,no_url_at_all
Global Experience Specialists,Further adapter investigation required,,,,https://gesinc.rec.pro.ukg.net/GLO1022GBLE/JobBoard/e56c867c-9cf3-4e33-933f-1816d3d47d88/OpportunityDetail?opportunityId=75e5accb-0408-4397-a164-0f28c5e607ed&postingId=e8b420e6-325a-4dcf-a5bc-492cf4598a79,,needs_adapter
Lake Forest College,Added and verified,https://workforcenow.adp.com/mascsr/default/mdf/recruitment/recruitment.html?cid=42c57bd5-6043-4b07-a424-fa124627e8d0&ccId=19000101_000001,adp,13,https://www.lakeforest.edu/offices-and-departments/human-resources/lake-forest-college-employment,Board registration read back from live database.,no_board_found
"Morgan, Lewis & Bockius LLP",Further adapter investigation required,,,,https://www.morganlewis.com/careers/law-students-and-law-graduates/~/media/9c28ee1c9c04451b9bf3776a5bd582ee.ashx,,no_url_at_all
Republic Airways,Further adapter investigation required,,,,https://careers.rjet.com/jobs/?region=VA,,no_url_at_all
Salas O'Brien,Added and verified,https://recruiting2.ultipro.com/SAL1016SALO/JobBoard/3347ce03-ba60-4bdc-8af2-26369c80b18f,ultipro,404,https://salasobrien.com/careers/,Board registration read back from live database.,no_url_at_all
SEG INC,Further adapter investigation required,,,,https://www.segproducts.com/careers,,no_url_at_all
SynapsIQ LLC,Further adapter investigation required,,,,https://torre.ai/teams/SynapsIQLLC,,no_url_at_all
Texas Mutual Insurance Company,Added and verified,https://texasmutual.wd1.myworkdayjobs.com/texas_mutual_careers,workday,8,https://www.texasmutual.com/abouttxm/culture-and-careers,Board registration read back from live database.,no_url_at_all
THE COLLECTIVE,Further adapter investigation required,,,,https://www.realtypostings.com/job/operations-coordinator-in-kirkwood-mo-usa-z1ith01a?utm_source=indeed-partner,,needs_adapter
Vuedata,Further adapter investigation required,,,,https://www.vuedata.com/careers.php,,no_url_at_all
Edward Jones,Further adapter investigation required,,,,https://careers.edwardjones.com,,no_board_found
"Iron Systems, Inc",Further adapter investigation required,,,,https://www.ironsystems.com/product-browse,,no_url_at_all
"NexGen Technologies, Inc.",Further adapter investigation required,,,,https://nexgen-technologies-inc.app.loxo.co/job/NDM3NTktNTl1bGlwbHFzbGxtZXRkZg==?source_type=indeed&t=1789412495,,needs_adapter
PlanetArt,Provided URL unavailable,,,,https://planetart.applytojob.com/apply/lGOyig2ll5/Product-Merchandise-Data-Coordinator,,no_url_at_all
"Afni, Inc.",Further adapter investigation required,,,,https://afnicareers.com/jobs,,no_url_at_all
City National Bank of Florida,Readable — identity review pending,https://careers.citynational.com/search-jobs?acm=ALL&alrpm=6252001-4155751-4158712-4174757%2C6252001-4155751-4167060-4167147%2C6252001-4155751-4167060-4178560&ascf=%5B%7B%22key%22%3A%22ALL%22%2C%22value%22%3A%22%22%7D%5D,radancy,58,https://careers.citynational.com/search-jobs?acm=ALL&alrpm=6252001-4155751-4158712-4174757%2C6252001-4155751-4167060-4167147%2C6252001-4155751-4167060-4178560&ascf=%5B%7B%22key%22%3A%22ALL%22%2C%22value%22%3A%22%22%7D%5D,,no_url_at_all
Colliers Engineering & Design,Added and verified,https://careers.colliersengineering.com,jibe,416,https://careers.colliersengineering.com/internships-campus-recruiting/jobs/categories,Board registration read back from live database.,no_url_at_all
Fireworks AI,Provided URL unavailable,,,,https://job-boards.greenhouse.io/fireworksai/jobs/4005922009,,no_url_at_all
Hearts & Science,Further adapter investigation required,,,,https://www.hearts-science.com/en-no/careers/,,no_url_at_all
Idaho Milk Products,Further adapter investigation required,,,,https://phe.tbe.taleo.net/phe03/ats/careers/v2/viewRequisition?org=IDAHMILK&cws=37&rid=1025,,needs_adapter
Raymond,Further adapter investigation required,,,,https://recruitingbypaycor.com/career/JobIntroduction.action?id=8a78879e9520a6b40195682eda790d76&source=Indeed+Free,,needs_adapter
"RELI Group, Inc.",Further adapter investigation required,,,,https://www.religroupinc.com/contact-us/,,no_url_at_all
Repligen Corporation,Added and verified,https://repligen.wd108.myworkdayjobs.com/Repligen_Careers,workday,72,https://www.repligen.com/,Board registration read back from live database.,no_url_at_all
"University of Maryland, Baltimore",Added and verified,https://umb.taleo.net/careersection/umb_faculty+and+post+docs/jobsearch.ftl,taleo,277,https://www.umaryland.edu/hr/careers-at-umb/,Board registration read back from live database.,needs_adapter
Albemarle Corporation,Provided URL unavailable,,,,https://jobs.albemarle.com,,fetch_failed
MacLean-Fogg,Further adapter investigation required,,,,https://careers.macleanfogg.com,,no_board_found
American Heart Association,Further adapter investigation required,,,,https://heart.jobs/clarksburg-wv/project-coordinator/DC67128B0342460BB1787672FFD5903E/job/,,needs_adapter
Advocates,Provided URL unavailable,,,,https://interactadvocates.org/careers,,no_url_at_all
Med-Metrix,Further adapter investigation required,,,,https://jobs.dayforcehcm.com/en-US/medmetrix/CANDIDATEPORTAL/jobs/10806,,needs_adapter
AMOREPACIFIC,Further adapter investigation required,,,,https://amorepacific.com/careers,,no_url_at_all
Boston Public Health Commission,Further adapter investigation required,,,,https://content.boston.gov/departments/boston-public-health-commission,,no_url_at_all
Curate Partners,Public portal restricted during check,,,,https://careers.curatepartners.com,,no_board_found
eBusiness Solutions Inc.,Further adapter investigation required,,,,https://ebusiness.oorwin.ai/#/careers/index.html/job/details/2881ec90d41847129776f53077f4bb461a9ddca9?source=indeed&postedby=25,,needs_adapter
FedEx Logistics,Further adapter investigation required,,,,https://careers.fedex.com/jobs?keyword=homepage,,no_url_at_all
GSI Environmental Inc.,Held for identity or scope review,,,,,"Search hit selected GSI Service Group, a different employer.",no_url_at_all
"Milestone Technologies, Inc.",Further adapter investigation required,,,,https://milestone.tech/careers/consulting-and-contract-positions/,,no_url_at_all
Nexon America,Further adapter investigation required,,,,https://www.nexon.com/nexon-america/pl/careers,,no_url_at_all
Ocean Spray Cranberries,Added and verified,https://oceanspray.wd5.myworkdayjobs.com/OceanSprayJobs,workday,72,https://www.oceanspray.com/careers,Board registration read back from live database.,no_url_at_all
Origence,Further adapter investigation required,,,,https://origence.com/careers/,,no_url_at_all
Personify Health,Further adapter investigation required,,,,https://personifyhealth.com/global/careers/,,no_url_at_all
Power Design,Further adapter investigation required,,,,https://www.powerdesigninc.us/careers,,no_url_at_all
UNICON International Inc.,Added and verified,https://www1.jobdiva.com/portal/?a=avjdnw2udehimlhz6mihkn0by6cnvu08dbsajkvwgfrevsku7u4h5mt0skq11sfm,jobdiva,65,https://www.unicon-intl.com/job/,Board registration read back from live database.,no_url_at_all
"United States Cold Storage, Inc.",Added and verified,https://recruiting.ultipro.com/UNI1105USCS/JobBoard/f098a23a-c6d0-4336-8e06-18c0579c891d,ultipro,86,https://www.uscold.com/careers/internal-opportunities/,Board registration read back from live database.,no_url_at_all
Veregy,Further adapter investigation required,,,,https://veregy.com/lps/,,no_url_at_all
Walker & Dunlop,Added and verified,https://walkerdunlop.wd1.myworkdayjobs.com/WD,workday,21,https://www.walkerdunlop.com/about/careers,Board registration read back from live database.,no_url_at_all
Fluke,Readable — identity review pending,https://fortive.eightfold.ai/careers?domain=fortive.com,eightfold,152,https://careers.fluke.com,,no_board_found
CommonSpirit Health,Adapter validation unresolved,https://careers-commonspirit.icims.com/jobs/search?ss=1&in_iframe=1,icims,0,https://jsv3.recruitics.com/redirect?rx_cid=3292&rx_jobId=2026-491527&rx_url=https%3A%2F%2Fwww.commonspirit.careers%2Fjob%2F-%2F-%2F35300%2F100351667520%3Fiis%3DJob_Board%26iisn%3DIndeed%26mode%3Djob%26rx_a%3D0%26rx_c%3D%26rx_ch%3Djobp4p%26rx_group%3D117213%26rx_id%3D859230c2-abf6-11f1-9fff-a5b9964f1c3d%26rx_job%3D2026-491527%26rx_medium%3Dcpc%26rx_r%3Dnone%26rx_source%3Dindeed%26rx_ts%3D20260909T120439Z%26rx_vp%3Dcpc%26utm_medium%3Dorganic%26utm_source%3DIndeed,PartialScrapeError: iCIMS results or explicit empty state is absent,needs_adapter
"Smith Seckman Reid, Inc.",Further adapter investigation required,,,,https://jobs.certifiedeo.com/jobs?employer_id=819068,,no_url_at_all
Cleerly,Added and verified,https://job-boards.greenhouse.io/cleerlyhealth,greenhouse,22,https://cleerly.com/careers-board?gh_jid=5506992004&gh_src=e9ec3c834us,Board registration read back from live database.,no_url_at_all
EvenUp,Adapter validation unresolved,https://jobs.ashbyhq.com/evenup,ashby,0,https://jobs.ashbyhq.com/evenup/51e99969-c29c-4787-9b65-eb8a0748b8f9/,HTTPError: 404 Client Error: Not Found for url: https://api.ashbyhq.com/posting-api/job-board/evenup,no_url_at_all
GA Telesis,Added and verified,https://gatelesis.applytojob.com/apply,jazzhr,52,https://gatelesis.applytojob.com/apply/EMiU5ejZLf/General-Application,Board registration read back from live database.,no_url_at_all
"Martin's Famous Pastry Shoppe, Inc.",Further adapter investigation required,,,,https://phh.tbe.taleo.net/phh01/ats/careers/v2/viewRequisition?org=MARTFAMO&cws=37&rid=6329,,needs_adapter
"McKim & Creed, Inc.",Added and verified,https://recruiting.ultipro.com/MCK1004MCKI/JobBoard/f29e8f64-6bcd-4988-8fad-851c4970ffe4,ultipro,180,https://www.mckimcreed.com/careers/benefits/,Board registration read back from live database.,no_url_at_all
Netsmart,Added and verified,https://ntst.wd1.myworkdayjobs.com/Careers,workday,85,https://www.ntst.com/company/careers-and-culture/us-offices,Board registration read back from live database.,no_url_at_all
Quality Theorem,Search leads saved — validation pending,,,,https://www.indeed.com/cmp/Quality-Theorem,Search results are unverified leads; no board added.,no_url_at_all
Regis University,Added and verified,https://regis.wd501.myworkdayjobs.com/RegisUniversity,workday,26,https://www.regis.edu/about/offices-services/human-resources/careers,Board registration read back from live database.,no_board_found
Taylor Corporation,Added and verified,https://taylor.wd1.myworkdayjobs.com/External,workday,145,https://www.taylor.com/careers,Board registration read back from live database.,no_board_found
Dometic,Further adapter investigation required,,,,https://careers.dometic.com,,no_board_found
iHerb,Further adapter investigation required,,,,https://careers.iherb.com,,no_board_found
"Mistras Group, Inc.",Further adapter investigation required,,,,https://careers.mistras.com,,fetch_failed
Piper Companies,Further adapter investigation required,,,,https://careers.pipercompanies.com,,no_board_found
Alpha Consulting Corp.,Added and verified,https://www1.jobdiva.com/portal/?a=kvjdnwtsxgckrpsoozx5qc0oueybw1005779v7x6soig8eyqqmzaubfdl9tcx21s,jobdiva,3541,https://www.alphaconsulting.com/find-work/candidate-faqs/,Board registration read back from live database.,no_url_at_all
Razorfish,Further adapter investigation required,,,,https://www.razorfishhealth.com/,,no_url_at_all
Daikin Applied Americas,Further adapter investigation required,,,,https://www.daikin.com/locations/group/north_america,,no_url_at_all
Mueller,Further adapter investigation required,,,,https://my.paulmueller.com/Careers/Index/,,needs_adapter
Kimley-Horn,Further adapter investigation required,,,,https://jobs.kimley-horn.com,,no_board_found
Convergint,Added and verified,https://recruiting2.ultipro.com/CON1074CVTG/JobBoard/1831b61a-1945-44fa-afd8-624795c9b30d,ultipro,335,https://www.convergint.com/in/careers/,Board registration read back from live database.,no_url_at_all
Vanguard,Further adapter investigation required,,,,https://vanguard.com/careers,,no_url_at_all
Sigma,Added and verified,https://job-boards.greenhouse.io/sigmacomputing,greenhouse,65,https://www.sigmacomputing.com/company/careers,Board registration read back from live database.,no_url_at_all
Pace® Analytical Services,Adapter validation unresolved,https://workforcenow.adp.com/mascsr/default/mdf/recruitment/recruitment.html?cid=1f12b76e-b5dd-45b0-96ce-ced7deac90ad&ccId=19000101_000001,adp,0,https://www.alphaanalytical.com/companyexperience/careers,PartialScrapeError: ADP listing incomplete: ADP listing schema or total is missing,no_url_at_all
3i People,Further adapter investigation required,,,,https://careers.3ipeople.com/,,no_board_found
"Caleres, Inc.",Public portal restricted during check,,,,https://jobs.caleres.com,,no_board_found
eSimplicity,Further adapter investigation required,,,,https://careers.esimplicity.com/careers,,no_board_found
Feuji,Further adapter investigation required,,,,https://www.feuji.com/es/careers,,no_url_at_all
ID Logistics US,Fetch failed during check,,,,https://id-logistics.com/careers,"SSLError: HTTPSConnectionPool(host='id-logistics.com', port=443): Max retries exceeded with url: /careers (Caused by SSLError(SSLCertVerificationError(1, '[SSL: CERTIFICATE_VERIFY_FAILED] certificate verify fai",no_url_at_all
Indus Valley Partners,Further adapter investigation required,,,,https://www.ivp.in/life-at-ivp/,,no_url_at_all
Injective,Readable — identity review pending,https://jobs.ashbyhq.com/injective,ashby,12,https://jobs.ashbyhq.com/injective,,board_guessed_unverified
Manulife,Public portal restricted during check,,,,https://careers.manulife.com,,no_board_found
Munters,Added and verified,https://munters.wd3.myworkdayjobs.com/External_Careers,workday,145,https://www.munters.com/en-us/careers/,Board registration read back from live database.,no_url_at_all
"Niterra North America, Inc.",Further adapter investigation required,,,,https://www.niterragroup.com/corporate/networks/,,no_url_at_all
"Pasona N A, Inc.",Further adapter investigation required,,,,https://www.pasona.com/en/c/job-apply/,,no_url_at_all
Side,Further adapter investigation required,,,,https://side.inc/ja/Careers,,no_url_at_all
"Zodiac Solutions, Inc",Further adapter investigation required,,,,https://zodiac-solutions.com/career-usa/,,no_url_at_all
Data Innovations,Further adapter investigation required,,,,https://careers.datainnovations.com,,no_board_found
"Flagship Pioneering, Inc.",Provided URL unavailable,,,,https://jobs.flagshippioneering.com,,no_board_found
Tronox,Adapter validation unresolved,https://jobs.tronox.com,successfactors,0,https://jobs.tronox.com,,board_resolved_but_unused
Michels Corporation,Further adapter investigation required,,,,https://www.michels.us/family/careers-3/,,no_url_at_all
Children's Healthcare of Atlanta,Added and verified,https://choa.wd12.myworkdayjobs.com/externalcareers,workday,498,https://careers.choa.org/us/en/job/CHOAUSR37961EXTERNALENUS/Practice-Operations-Coordinator-Critical-Care-GYN?utm_source=indeed&utm_medium=phenom-feeds,Board registration read back from live database.,needs_adapter
Children's Hospital Colorado,Adapter validation unresolved,https://erecruit4.childrenscolorado.org/psc/erecruit/EMPLOYEE/HRMS/c/HRS_HRAM_FL.HRS_CG_SEARCH_FL.GBL,peoplesoft,0,https://erecruit4.childrenscolorado.org/psc/erecruit/EMPLOYEE/HRMS/c/HRS_HRAM_FL.HRS_CG_SEARCH_FL.GBL?Page=HRS_APP_JBPST_FL&Action=U&FOCUS=Applicant&SiteId=2&JobOpeningId=107956&PostingSeq=1,"ConnectionError: ('Connection aborted.', ConnectionResetError(10054, 'An existing connection was forcibly closed by the remote host', None, 10054, None))",board_resolved_but_unused
Bostik,Further adapter investigation required,,,,https://www.bostik.com/uk/en_GB/careers/,,no_url_at_all
Brady Corporation,Further adapter investigation required,,,,https://recruiting.adp.com/srccsh/public/RTI.home?r=5001220989200&c=2175507&d=ExternalCareerSite&rb=INDEED&idUnique=5001220989200,,needs_adapter
"Pelican Products, Inc.",Further adapter investigation required,,,,https://jobs.dayforcehcm.com/en-US/pelican/CANDIDATEPORTAL/jobs/6455,,needs_adapter
Acushnet Company,Added and verified,https://acushnetgolf.wd12.myworkdayjobs.com/ACU,workday,69,https://employment.acushnetgolf.com/,Board registration read back from live database.,no_url_at_all
Adore Me,Readable — identity review pending,https://adore-me-retail.breezy.hr,breezy,3,https://adore-me-retail.breezy.hr/,,no_url_at_all
"Clinton Health Access Initiative, Inc.",Added and verified,https://careers-chai.icims.com/jobs/search?ss=1&in_iframe=1,icims,81,https://www.clintonhealthaccess.org/where-we-work/,Board registration read back from live database.,no_url_at_all
Cosm,Further adapter investigation required,,,,https://www.cosm.com/careers/positions?gh_jid=5548186003,,no_url_at_all
"Konica Minolta Business Solutions U.S.A., Inc.",Provided URL unavailable,,,,https://careers.konicaminoltaus.com/careers-home/jobs/12862?lang=en-us,,no_url_at_all
New Era Cap,Further adapter investigation required,,,,https://neweracap.ph/pages/new-era-ph-join-our-team,,no_url_at_all
Orbis Group,Further adapter investigation required,,,,https://www.orbis-group.co.uk/careers,,no_url_at_all
OTS Solutions,Further adapter investigation required,,,,https://otssolutions.com/careers/,,no_url_at_all
Power Home Remodeling,Further adapter investigation required,,,,https://nitro.powerhrg.com/recruiting/job_posting_redirect/675046202d6d6eba6480b9cd23e09ff07f95fe29b6ef33412f550cea898112fe?display=apply,,needs_adapter
Sail Biomedicines,Readable — identity review pending,https://job-boards.greenhouse.io/sendabiosciences,greenhouse,10,https://www.sail.bio/careers/,,no_url_at_all
VulcanForms Inc.,Further adapter investigation required,,,,https://www.vulcanforms.com/press/,,no_url_at_all
WellSpan Health,Added and verified,https://fa-evzu-saasfaprod1.fa.ocs.oraclecloud.com/hcmUI/CandidateExperience/en/sites/CX_1,oracle,1073,https://fa-evzu-saasfaprod1.fa.ocs.oraclecloud.com/hcmUI/CandidateExperience/en/sites/CX_1/job/228517,Board registration read back from live database.,needs_adapter
Worcester State University,University follow-up required,,,,https://worcester.interviewexchange.com/,Worcester interviewexchange public tenant unreachable during audit; InterviewExchange adapter absent.,needs_adapter
Worldwide Clinical Trials,Added and verified,https://worldwide.wd1.myworkdayjobs.com/External,workday,225,https://www.worldwide.com/careers/,Board registration read back from live database.,no_url_at_all
Innio,Adapter validation unresolved,https://jobs.jobvite.com/innio-de,jobvite,0,https://careers.innio.com,,no_board_found
Planisware,Further adapter investigation required,,,,https://careers.planisware.com,,no_board_found
Southeast Missouri State University,Added and verified,https://www.schooljobs.com/careers/semoedu,schooljobs,50,https://semo.edu/hr/jobs/,Board registration read back from live database.,fetch_failed
Amentum,Further adapter investigation required,,,,https://www.amentumcareers.com/jobs/senior-logistics-business-analyst-redstone-arsenal-alabama-united-states?source=Indeed+Feed,,needs_adapter
US Department of Veterans Affairs,Further adapter investigation required,,,,https://www.usajobs.gov:443/job/883847300,,government_portal
Dice,Further adapter investigation required,,,,https://dicema.com/careers/,,no_url_at_all
Koch Engineered Solutions,Adapter validation unresolved,https://koch.avature.net/en_US/SearchJobs,avature,0,https://www.kochinc.com/career-opportunities/koch-engineered-solutions,,no_url_at_all
"4A Consulting, LLC",Further adapter investigation required,,,,https://4a-consulting.com/careers/,,no_url_at_all
Advantech USA,Further adapter investigation required,,,,https://workatadvantech.com/contact/,,no_url_at_all
Alliance Technical Group,Added and verified,https://careers.alliancetg.com,phenom,81,https://careers.alliancetg.com/us/en/on-site-testing-monitoring,Board registration read back from live database.,no_url_at_all
"ARCHSOL, LLC",Further adapter investigation required,,,,https://archsolteam.com/careers/project-architect/,,no_url_at_all
Atlas,Readable — identity review pending,https://jobs.ashbyhq.com/atlas,ashby,7,https://jobs.ashbyhq.com/atlas,,board_guessed_unverified
Aura Biosciences,Further adapter investigation required,,,,https://www.aurabiosciences.com/job/data-scientist/,,no_url_at_all
Federal Home Loan Bank of Chicago,Adapter validation unresolved,https://jobs.jobvite.com/support,jobvite,0,https://jobs.jobvite.com/fhl-bank-chicago/jobAlerts,,no_url_at_all
Fives Intralogistics,Readable — identity review pending,https://career.fivesgroup.com,successfactors,94,https://career.fivesgroup.com/job/Lonate-Pozzolo-Site-Manager-Lomb-21015/967029055/,,no_url_at_all
"Frontier Energy, Inc.",Added and verified,https://recruiting.ultipro.com/GAS1003/JobBoard/a652eb14-234e-2ca8-9351-cc65f383117a,ultipro,9,https://frontierenergy.com/about/careers,Board registration read back from live database.,no_url_at_all
Gupta Media,Further adapter investigation required,,,,https://www.guptamedia.com/about-us,,no_url_at_all
Howmet Aerospace,Added and verified,https://fa-exty-saasfaprod1.fa.ocs.oraclecloud.com/hcmUI/CandidateExperience/en/sites/CX_1,oracle,795,https://fa-exty-saasfaprod1.fa.ocs.oraclecloud.com/hcmUI/CandidateExperience/en/sites/CX_1/job/119248,Board registration read back from live database.,needs_adapter
Ingersoll Rand,Further adapter investigation required,,,,https://ir-jobs.dzconnex.com/job-details/associate-product-manager-in-marketing-jobs-1696445,,needs_adapter
Itaú USA,Search leads saved — validation pending,,,,https://www.linkedin.com/jobs/itau-jobs,Search results are unverified leads; no board added.,no_url_at_all
Las Vegas Sands Corp.,Search leads saved — validation pending,,,,https://www.linkedin.com/company/las-vegas-sands-corporation/jobs,Search results are unverified leads; no board added.,no_url_at_all
Mortenson,Further adapter investigation required,,,,https://mortenson.com/careers,,no_url_at_all
Panelmatic,Added and verified,https://apply.workable.com/panelmatic-inc,workable,179,https://www.panelmatic.com/careers/,Board registration read back from live database.,no_url_at_all
"Plexos Group, LLC",Provided URL unavailable,,,,https://plexosgroup.com/careers,,no_url_at_all
Samaritan Health Services,Further adapter investigation required,,,,https://samhealthjobs.hctsportals.com/jobs/2227525-project-coordinator-administrative-assistant?tm_job=79729-69137&tm_event=view&tm_company=139&bid=326,,needs_adapter
SimCorp,Added and verified,https://simcorp.wd3.myworkdayjobs.com/SimCorp_Jobs,workday,267,https://www.simcorp.com/about-us/career/open-positions,Board registration read back from live database.,no_url_at_all
Tommy John,Held for identity or scope review,,,,,Tommy John branded JazzHR board readable but current official careers page did not expose its tenant link in bounded recheck.,no_url_at_all
VeeAR Projects Inc.,Held for identity or scope review,,,,,Small SmartRecruiters veear projects tenant not independently linked from official employer in this bounded check; preserve staffing policy.,no_url_at_all
Voith Group,Further adapter investigation required,,,,https://careers.voith.com,,no_board_found
Alvarez & Marsal,Further adapter investigation required,,,,https://pages.alvarezandmarsal.com/careers-site-unavailable,,no_url_at_all
A+E Global Media,Already configured,https://aenetworks.wd1.myworkdayjobs.com/AE-Careers,workday,14,https://aenetworks.wd1.myworkdayjobs.com/en-US/AE-Careers/job/Sales-Service-Representative_R0009516,Board registration read back from live database.,no_url_at_all
AMG Companies,Readable — identity review pending,https://job-boards.greenhouse.io/amg,greenhouse,5,https://job-boards.greenhouse.io/amg,,no_board_found
"AVER, LLC",Fetch failed during check,,,,https://www.aver.com.mx/company/careers,"SSLError: HTTPSConnectionPool(host='www.aver.com.mx', port=443): Max retries exceeded with url: /company/careers (Caused by SSLError(SSLCertVerificationError(1, ""[SSL: CERTIFICATE_VERIFY_FAILED] certificate ver",no_url_at_all
Avis Budget Group,Added and verified,https://avisbudget.wd1.myworkdayjobs.com/ABG_Careers,workday,674,https://www.avisbudgetgroup.jobs/jobs,Board registration read back from live database.,no_url_at_all
BEDGEAR,Further adapter investigation required,,,,https://bedgear.com/pages/career,,no_url_at_all
DivIHN Integration Inc,Further adapter investigation required,,,,https://www.divihn.com/,,no_url_at_all
"Ervin Cable Construction, LLC",Further adapter investigation required,,,,https://career41.sapsf.com/career?company=dycomindus&career_ns=job_listing&career_job_req_id=14500&lang=en_US&source=Indeed,,needs_adapter
FedEx,Provided URL unavailable,,,,https://careers.fedex.com/associate-project-manager-enterprise-business-services-ebs/job/P25-372519-1?utm_domicile=unspecified&utm_persona=unspecified&utm_trackedsource=srm_indeed_org&utm_subco=FEC,,needs_adapter
First Student,Added and verified,https://firststudent.wd1.myworkdayjobs.com/firststudent,workday,1165,https://jobs.firststudentinc.com/jobs/,Board registration read back from live database.,no_url_at_all
"Geographic Solutions, Inc.",Further adapter investigation required,,,,https://recruiting.paylocity.com/recruiting/jobs/All/b080b7e4-b315-4618-b0c7-5214991a9bb4/GEOGRAPHIC-SOLUTIONS-INC,,no_url_at_all
Harmon,Readable — identity review pending,https://harmonmedicalrehab-careers-fundltc.icims.com/jobs/search?ss=1&in_iframe=1,icims,10,https://harmonmedicalrehab.com/career/,,no_url_at_all
Hellmann Worldwide Logistics,Fetch failed during check,,,,https://www.hellmann.com/tr/career,"SSLError: HTTPSConnectionPool(host='www.hellmann.com', port=443): Max retries exceeded with url: /tr/career (Caused by SSLError(SSLCertVerificationError(1, '[SSL: CERTIFICATE_VERIFY_FAILED] certificate verify f",no_url_at_all
iDesign,Further adapter investigation required,,,,https://weareidesign.com/careers.html,,no_url_at_all
O&M Halyard,Further adapter investigation required,,,,https://www.halyardhealth.in/contact-us/,,no_url_at_all
OBXtek,Added and verified,https://careers-obxtek.icims.com/jobs/search?ss=1&in_iframe=1,icims,21,https://www.obxtek.com/solutions-services,Board registration read back from live database.,no_url_at_all
Port of Seattle,Further adapter investigation required,,,,https://www.portseattle.org/careers?page=1,,no_url_at_all
Regal Home Collections,Public portal restricted during check,,,,https://regalhomecollections.com/our-brands/,,no_url_at_all
"Sega of America, Inc.",Further adapter investigation required,,,,https://sega.co.jp/en/recruit/interview/senior/consumer08/index.html,,no_url_at_all
Spin Master,Added and verified,https://spinmaster.wd3.myworkdayjobs.com/SpinMaster_Careers,workday,60,https://www.spinmastercareers.com/global/be/job/SPMAGLOBALR5054BEGLOBAL/Associate-Project-Manager-Contract?utm_source=indeed&utm_medium=phenom-feeds,Board registration read back from live database.,needs_adapter
State Compensation Insurance Fund,Search leads saved — validation pending,,,,https://www.linkedin.com/company/state-compensation-insurance-fund/jobs,Search results are unverified leads; no board added.,no_url_at_all
TechWish,Added and verified,https://www1.jobdiva.com/portal/?a=asjdnwqo4d8iouaf7gip6aks6kspiz07d7omn2qp2a76mui5aragbo4v0pc8nlm5,jobdiva,93,https://www.techwish.com/careers,Board registration read back from live database.,no_url_at_all
"UMC, Inc",Further adapter investigation required,,,,https://recruitingbypaycor.com/career/JobIntroduction.action?id=8a78879e9fd3ba5c01a025c3911d7390&source=Indeed+Free,,needs_adapter
Expleo Group,Readable — identity review pending,https://expleo-jobs-eg-en.icims.com/jobs/search?ss=1&in_iframe=1,icims,19,https://careers.expleo.com,,no_board_found
National Louis University,Added and verified,https://careers-nl.icims.com/jobs/search?ss=1&in_iframe=1,icims,58,https://jobs.nl.edu/,Board registration read back from live database.,no_board_found
Pratt Industries,Further adapter investigation required,,,,https://careers.prattindustries.com,,no_board_found
Steel Dynamics,Added and verified,https://careers-steeldynamics.icims.com/jobs/search?ss=1&in_iframe=1,icims,133,https://www.steeldynamics.com/careersnew/,Board registration read back from live database.,no_board_found
Westinghouse Electric Company,Provided URL unavailable,,,,https://westinghouseelectriccompany.com/careers,,no_url_at_all
ARCO National Construction Company,Added and verified,https://job-boards.greenhouse.io/anc,greenhouse,81,https://www.arconational.com/careers/,Board registration read back from live database.,no_url_at_all
CommunityCare HMO Inc.,Further adapter investigation required,,,,https://www.ccok.com/about/contact.asp,,no_url_at_all
JRM Construction Management,Added and verified,https://job-boards.greenhouse.io/jrmconstructionmanagementllc,greenhouse,64,https://job-boards.greenhouse.io/jrmconstructionmanagementllc?t=47d787bb6us,Board registration read back from live database.,no_url_at_all
Aston Carter,Readable — identity review pending,https://careers.astoncarter.com,phenom,1204,https://careers.astoncarter.com,,board_guessed_unverified
Harry Winston,Fetch failed during check,,,,https://www.harrywinston.com/fr/careers,"ReadTimeout: HTTPSConnectionPool(host='www.harrywinston.com', port=443): Read timed out. (read timeout=8.0)",no_url_at_all
Publicis,Further adapter investigation required,,,,https://www.publicisgroupe.com/en/the-groupe/careers/overview,,no_url_at_all
Superior Energy Services,Further adapter investigation required,,,,https://superiorenergy.hiringroom.com/jobs,,no_url_at_all
Verdantas,Added and verified,https://verdantas.wd108.myworkdayjobs.com/Verdantas,workday,121,https://www.verdantas.com/careers/who-we-hire,Board registration read back from live database.,no_url_at_all
VoltaGrid,Added and verified,https://recruiting2.ultipro.com/VOL1012VOLG/JobBoard/ecba8ead-7b8e-4b87-8c34-950a765fcbe4,ultipro,55,https://voltagrid.com/careers/careers2,Board registration read back from live database.,no_url_at_all
Advanced Sterilization Products,Readable — identity review pending,https://fortive.eightfold.ai/careers?domain=fortive.com,eightfold,152,https://careers.fortive.com/asp/,,no_url_at_all
Alderson Loop,Further adapter investigation required,,,,https://jobs.aldersonloop.com/,,no_board_found
Anchor Construction,Added and verified,https://anchorconst.applicantpro.com/jobs/,applicantpro,12,https://anchorconst.com/careers/career-opportunities/,Board registration read back from live database.,no_url_at_all
Archdiocese of San Antonio,Further adapter investigation required,,,,https://recruiting.paylocity.com/recruiting/jobs/All/e516bb57-f9aa-4037-a9db-559136397a5e/Archdiocese-of-San-Antonio?nohd=&search=school,,no_url_at_all
Audubon Companies,Further adapter investigation required,,,,https://auduboncompanies.com/contact-us/human-resources/,,no_url_at_all
Banc of California,Added and verified,https://recruiting.ultipro.com/PAC1009/JobBoard/37e95049-80e2-145c-b48c-f826b780e4d6,ultipro,88,https://bancofcal.com/about-us/careers/,Board registration read back from live database.,no_url_at_all
"Bespoke Technologies, Inc.",Added and verified,https://bespoketechinc.applytojob.com/apply,jazzhr,66,https://bespoketechinc.com/careers/,Board registration read back from live database.,no_url_at_all
"CALIBRE Systems, Inc.",Readable — identity review pending,https://jobs.ashbyhq.com/calibre,ashby,1,https://jobs.ashbyhq.com/calibre,,board_guessed_unverified
Coram AI,Added and verified,https://jobs.ashbyhq.com/coram-ai,ashby,46,https://www.coram.ai/,Board registration read back from live database.,no_url_at_all
DSI,Adapter validation unresolved,https://job-boards.greenhouse.io/dsi,greenhouse,0,https://job-boards.greenhouse.io/dsi,,no_board_found
Eastern Bank,Public portal restricted during check,,,,https://www.easternbank.com/about-us,,no_url_at_all
Intrinsic,Readable — identity review pending,https://job-boards.greenhouse.io/intrinsicfirm,greenhouse,11,https://www.intrinsicfirm.com/careers/,,no_url_at_all
Matco Tools,Readable — identity review pending,https://careers.vontier.com,phenom,133,https://careers.vontier.com/us/en/matco-tools-search-results,,no_url_at_all
Momentum,Readable — identity review pending,https://interpublic.wd5.myworkdayjobs.com/OMC,workday,1628,https://www.momentumww.com/careers/,,no_url_at_all
Monetate,Provided URL unavailable,,,,https://monetate.com/career/account-executive-associate-emea/,,no_url_at_all
One Inc,Further adapter investigation required,,,,https://careers.one.com/,,no_board_found
Pegasus,Further adapter investigation required,,,,https://www.pegasusseniorliving.com/careers/,,no_url_at_all
Penske Vehicle Services,Further adapter investigation required,,,,https://penskevehicleservices.hrmdirect.com/employment/job-openings.php?search=true&sort=cd,,no_url_at_all
RA Capital Management,Held for identity or scope review,,,,,"Identity mismatch: RA Capital portfolio search leads to Frontier Medicines Workable board, a distinct employer. Do not label portfolio jobs RA Capital.",no_url_at_all
ReliaQuest,Added and verified,https://reliaquest.wd5.myworkdayjobs.com/ReliaQuest_Careers,workday,12,https://reliaquest.com/careers/,Board registration read back from live database.,no_url_at_all
RMS USA,Further adapter investigation required,,,,https://www.rms-usa.com/careers/assistant-sales-manager,,no_url_at_all
Rycon Construction,Further adapter investigation required,,,,https://www.ryconconstruction.com/construction-managment,,no_url_at_all
Samsung SDS America,Added and verified,https://apply.workable.com/samsung-sds-america,workable,21,https://www.samsungsds.com/us/careers/about_careers.html,Board registration read back from live database.,no_url_at_all
Sandhills Global,Further adapter investigation required,,,,https://www.sandhills.com/careers-and-internships/Search/fulltime/2/0/,,no_url_at_all
Textron Aviation,Further adapter investigation required,,,,https://careers.textron.com/wichita-ks/2027-entry-level-associate-business-analyst-parts/6AE5603D519E4F7BAC96356535AEED66/job/,,needs_adapter
"The Community Builders, Inc.",Further adapter investigation required,,,,https://tcbinc.hrmdirect.com/employment/index.php,,no_url_at_all
Trimark USA,Further adapter investigation required,,,,https://jobs.dayforcehcm.com/en-US/trimarkusa/CANDIDATEPORTAL/jobs/27637,,needs_adapter
Vida Shoes International,Provided URL unavailable,,,,https://vidagroup.hire.trakstar.com/jobs/fk0z2gx/,,no_url_at_all
Washington State Health Care Authority,Partial listing — further work required,https://www.governmentjobs.com/careers/washington,schooljobs,200,https://www.governmentjobs.com/careers/washington/hca/jobs/5478203/providerone-it-business-analyst-itba-ss-aha,PartialScrapeError: NEOGOV pagination failed: NEOGOV job count changed during pagination,government_portal
Bowhead,Provided URL unavailable,,,,https://careers.bowhead.com,,fetch_failed
Community College of Aurora,University follow-up required,,,,https://ccaurora.edu/about-cca/careers-at-cca/,Corrected officialsource returned HTTP403,fetch_failed
Eltropy,Further adapter investigation required,,,,https://careers.eltropy.com,,no_board_found
Ema,Readable — identity review pending,https://jobs.ashbyhq.com/ema,ashby,45,https://jobs.ashbyhq.com/ema,,not_attempted
Hazel,Readable — identity review pending,https://job-boards.greenhouse.io/hazel,greenhouse,20,https://job-boards.greenhouse.io/hazel,,not_attempted
IGNITE,Provided URL unavailable,,,,https://careers.ignite.com,,fetch_failed
The AES Corporation,Fetch failed during check,,,,https://careers.theaes.com,"ConnectTimeout: HTTPSConnectionPool(host='careers.theaes.com', port=443): Max retries exceeded with url: / (Caused by ConnectTimeoutError(<HTTPSConnection(host='careers.theaes.com', port=443) at 0x1bc0b13b890>, 'Conn",fetch_failed
University of Portland,Added and verified,https://uportland.peopleadmin.com/postings/search,peopleadmin,76,https://uportland.peopleadmin.com/postings/search,Board registration read back from live database.,fetch_failed
Waystar,Further adapter investigation required,,,,https://careers.waystar.com,,no_board_found
General Atomics,Further adapter investigation required,,,,https://sjobs.brassring.com/TGnewUI/Search/Home/Home?partnerid=25539&siteid=5313#jobDetails=5235670_5313__pageNo_17__cleanup_ctrl+stripdesc__jobs_found_6,,needs_adapter
Wolverine Trading,Added and verified,https://wolve.pinpointhq.com,pinpoint,24,https://www.wolve.com/open-positions,Board registration read back from live database.,no_url_at_all
"Baldor Specialty Foods, Inc.",Further adapter investigation required,,,,https://www.baldorfood.com/drive-with-baldor,,no_url_at_all
Cadence,Readable — identity review pending,https://cadence.wd1.myworkdayjobs.com/External_Careers,workday,609,https://www.cadence.com/en_US/home/company/careers.html,,no_url_at_all
Capgemini Government Solutions,Added and verified,https://recruiting.ultipro.com/CAP1009CAPGE/JobBoard/5178abe8-537c-41a6-96cc-fce9104c8f2f,ultipro,17,https://www.capgemini.com/us-en/industries/public-sector/capgemini-government-solutions/,Board registration read back from live database.,no_url_at_all
"Eccalon, LLC",Further adapter investigation required,,,,https://www.eccalon.com/who-we-are,,no_url_at_all
EDG,Further adapter investigation required,,,,https://www.edg.net/careers/,,no_url_at_all
FlightSafety International,Further adapter investigation required,,,,https://jobs.flightsafety.com/search/jobdetails/safety-program-analyst/0e49e671-5404-4e75-9807-c759e92ab1c1,,needs_adapter
"Lexicon, Inc.",Further adapter investigation required,,,,https://lexiconthai.com/careers/,,no_url_at_all
Maricopa County,Added and verified,https://maricopa.wd1.myworkdayjobs.com/MC_External,workday,92,https://www.maricopa.gov/1290/Employment,Board registration read back from live database.,no_url_at_all
Quanta Infrastructure Solutions Group,Search leads saved — validation pending,,,,https://quantaisg.com/,Search results are unverified leads; no board added.,no_url_at_all
Walker-Miller Energy Services,Added and verified,https://job-boards.greenhouse.io/walkermillerenergy,greenhouse,34,https://wmenergy.com/careers/position/?gh_jid=5217143007&gh_src=9tb9d4no7us,Board registration read back from live database.,needs_adapter
Allstate,Already configured,https://allstate.wd5.myworkdayjobs.com/allstate_careers,workday,478,https://www.allstatecorporation.com/careers/technology.aspx,Board registration read back from live database.,no_url_at_all
Ambi Robotics,Readable — identity review pending,https://jobs.lever.co/ambirobotics,lever,6,https://jobs.lever.co/ambirobotics,,board_guessed_unverified
ASUS COMPUTER INTERNATIONAL,Added and verified,https://jobs.jobvite.com/asus,jobvite,37,https://jobs.jobvite.com/careers/asus/job/oX3HAfw1?__jvst=Job+Board&__jvsd=Indeed,Board registration read back from live database.,needs_adapter
Bestica Inc.,Search leads saved — validation pending,,,,https://www.indeed.com/cmp/Bestica,Search results are unverified leads; no board added.,no_url_at_all
Blaze Credit Union,Further adapter investigation required,,,,https://blazecu.hbstest.net/about/careers,,no_url_at_all
"Bray International, Inc.",Added and verified,https://recruiting2.ultipro.com/BRA1009BRAY/JobBoard/ac09ec7f-acf0-4d13-b8f3-9646d0505f7f,ultipro,71,https://www.bray.com/careers,Board registration read back from live database.,no_url_at_all
BrickRed Systems,Further adapter investigation required,,,,https://brickredsys.com/shop/,,no_url_at_all
California Department of Public Health,Further adapter investigation required,,,,https://www.ca.gov/departments/176/,,no_url_at_all
Conventus,Further adapter investigation required,,,,https://www.conventus.rs/careers,,no_url_at_all
Dashing Diva,Provided URL unavailable,,,,https://dashingdiva.applytojob.com/apply/n9XX33w6zY/Content-Creator,,no_url_at_all
DefenseStorm,Added and verified,https://defensestorm.applytojob.com/apply,jazzhr,4,https://defensestorm.com/company/working-at-defensestorm/,Board registration read back from live database.,no_url_at_all
Fever,Further adapter investigation required,,,,https://careers.feverup.com/work-areas/fever-for-business/,,no_url_at_all
Foundation Health,Readable — identity review pending,https://careers-fhp.icims.com/jobs/search?ss=1&in_iframe=1,icims,138,https://www.foundationhealth.org/FHP_careers,,no_url_at_all
Imagine Learning,Adapter validation unresolved,https://jobs.jobvite.com/imagine-learning,jobvite,0,https://www.imaginelearning.com/about/careers/india/,,no_url_at_all
IonQ,Readable — identity review pending,https://job-boards.greenhouse.io/ionq,greenhouse,109,https://job-boards.greenhouse.io/ionq,,board_guessed_unverified
Irby Construction Company,Readable — identity review pending,https://careers-quanta.icims.com/jobs/search?ss=1&in_iframe=1,icims,553,https://www.irbyconstruction.com/careers/,,no_url_at_all
JD Software,Further adapter investigation required,,,,https://tletyegt.jdsoft.com/careers.html,,no_url_at_all
Klein Tools,Further adapter investigation required,,,,https://www.kleintools.com/careers/life-at-klein,,no_url_at_all
"Litex Industries, Limited",Adapter validation unresolved,https://litexindustries.applytojob.com/apply,jazzhr,0,https://litexindustries.applytojob.com/,,no_url_at_all
Marsh McLennan Agency,Readable — identity review pending,https://mmc.wd1.myworkdayjobs.com/MMC,workday,1962,https://careers.marsh.com/global/en/job/R_366111/seniorhealthcarepopulationhealthdataanalyst,,needs_adapter
Musket Corp.,Further adapter investigation required,,,,https://jobs.loves.com/commodity-trading-and-logistics,,no_url_at_all
NFI,Further adapter investigation required,,,,https://www.nfi.no/om-oss/organisasjon-og-ansatte/jobb-hos-oss,,no_url_at_all
RoviSys Building Technologies,Provided URL unavailable,,,,https://careers-rovisysbuildingtechnologies.icims.com/jobs/1982/entry-level-systems-engineer-controls-specialist/job?in_iframe=1,,no_url_at_all
RS&H,Added and verified,https://careers-rsandh.icims.com/jobs/search?ss=1&in_iframe=1,icims,218,https://www.rsandh.com/careers/internships/,Board registration read back from live database.,no_url_at_all
"Samson Software Solutions, Inc.",Search leads saved — validation pending,,,,https://samsonsoft.com/,Search results are unverified leads; no board added.,staffing_firm
Schmidt Sciences,Further adapter investigation required,,,,https://www.schmidtsciences.org/team/,,no_url_at_all
Signature Aviation,Held for identity or scope review,,,,,Official Signature Aviation careers path returned branded 404; small Breezy tenant not linked to current employer portal.,no_board_found
Spade,Held for identity or scope review,,,,,Official Spade careers page loads job component dynamically; no saved Ashby tenant link in page. JS identity fetch stopped at user wrap-up request.,board_guessed_unverified
Spirit AeroSystems,Adapter validation unresolved,https://careers-spiritaero.icims.com/jobs/search?ss=1&in_iframe=1,icims,0,https://careers.spiritaero.com/jobs/locations,PartialScrapeError: iCIMS results or explicit empty state is absent,no_url_at_all
Swoon,Further adapter investigation required,,,,https://www.swoonstaffing.com/about/join-our-team/?action=viewJob&id=668,,no_url_at_all
Taghleef Industries,Held for identity or scope review,,,,,Officially attributed tiusajobs.com source returned HTTP 406; independent link to Taghleef ADP tenant unconfirmed.,no_url_at_all
TalenTech Digital,Further adapter investigation required,,,,https://talentechdigital.net/?f=5209427051430,,no_url_at_all
Test Rite Products Corp,Search leads saved — validation pending,,,,https://www.indeed.com/cmp/Test-Rite-Products-Corp,Search results are unverified leads; no board added.,no_url_at_all
Texas Health and Human Services,Search leads saved — validation pending,,,,https://careers.hhs.texas.gov/hhscjobs,Search results are unverified leads; no board added.,no_url_at_all
The People Concern,Further adapter investigation required,,,,https://thepeopleconcern.org/careers/,,no_url_at_all
University of Nebraska at Omaha,Added and verified,https://unomaha.peopleadmin.com/postings/search,peopleadmin,54,https://www.unomaha.edu/human-resources/employment/index.php,Board registration read back from live database.,no_board_found
vineyard vines,Added and verified,https://recruiting.ultipro.com/VIN1003VINE/JobBoard/40482047-a7f3-434d-bd61-d246ea779eaa,ultipro,31,https://www.vineyardvines.com/content/careers-headquarters-benefits,Board registration read back from live database.,no_url_at_all
Worthington Enterprises,Held for identity or scope review,,,,,"Identity mismatch: Greenhouse wavemm1 is Wave, not Worthington Enterprises.",needs_adapter
Zenith,Further adapter investigation required,,,,https://jobs.zenith.co.uk/jobs/home/,,no_url_at_all
Blount Fine Foods,Public portal restricted during check,,,,https://jobs.blountfinefoods.com,,fetch_failed
ChemTreat,Added and verified,https://veralto.wd1.myworkdayjobs.com/ChemTreatJobs,workday,58,https://jobs.veralto.com/global/en/chemtreat,Board registration read back from live database.,no_board_found
Cleveland-Cliffs,Further adapter investigation required,,,,https://careers.clevelandcliffs.com,,no_board_found
GNC,Further adapter investigation required,,,,https://jobs.gnc.com,,no_board_found
Laitram,Added and verified,https://jobs.laitram.com/en_US/JobsLaitram/SearchJobs,avature,104,https://jobs.laitram.com/en_US/JobsLaitram,Board registration read back from live database.,no_board_found
Salt Lake Community College,Added and verified,https://www.schooljobs.com/careers/slcc,schooljobs,143,https://jobs.slcc.edu/,Board registration read back from live database.,no_board_found
Samsonite,Further adapter investigation required,,,,https://careers.samsonite.com,,no_board_found
All IT Solutions,Further adapter investigation required,,,,https://careers.allitsolutions.net/jobs/ai-engineer-2026-f1dace11,,staffing_firm
edkey,Added and verified,https://recruiting.ultipro.com/EDK1000EDK/JobBoard/71e18c44-77db-43da-95e5-381b44ece021,ultipro,17,https://www.edkeyonline.org/personnelportal.jsp,Board registration read back from live database.,no_url_at_all
Enlighten,Readable — identity review pending,https://jobs.hii-tsd.com,successfactors,609,https://jobs.hii-tsd.com/job/San-Antonio%2C-TX-Summer-2027-Internship-DevOps-Engineer-%28Hybrid%29-30231-Texa/1430968400/,,needs_adapter
Tech Consulting,Further adapter investigation required,,,,https://www.ey.com/es_co/careers/tech-consulting,,no_url_at_all
JANUS Research Group,Further adapter investigation required,,,,https://www.janusresearch.com/careers/join-our-team?ID=1657,,no_url_at_all
Acosta,Further adapter investigation required,,,,https://careers.acosta-europe.com/acosta/home/,,no_url_at_all
Conrad N. Hilton Foundation,Provided URL unavailable,,,,https://www.glassdoor.co.uk/Overview/Working-at-Conrad-N-Hilton-Foundation-EI_IE682042.11%2C37.htm,,no_url_at_all
Diversified,Further adapter investigation required,,,,https://onediversified.com/careers/life-at-diversified,,no_url_at_all
Falvey Insurance Group,Added and verified,https://ats.rippling.com/falvey-insurance-group-careers/jobs,rippling,3,https://ats.rippling.com/falvey-insurance-group-careers/jobs?rr_message=job_not_found,Board registration read back from live database.,no_url_at_all
HITT Contracting Inc.,Added and verified,https://hitt.wd503.myworkdayjobs.com/HITT,workday,293,https://www.hitt.com/careers/,Board registration read back from live database.,no_url_at_all
"Orbital Engineering, Inc.",Added and verified,https://recruiting.ultipro.com/ORB1000OENG/JobBoard/99afc845-206f-496e-bd6a-3427e944c046,ultipro,83,https://orbitalengr.com/careers/,Board registration read back from live database.,no_url_at_all
Success Academy Charter Schools,Held for identity or scope review,,,,,"Success Academy branded Greenhouse board readable, but official jobs.successacademies.org returned HTTP 403 in independent link verification.",no_url_at_all
The Reynolds and Reynolds Company,Search leads saved — validation pending,,,,https://www.linkedin.com/company/the-reynolds-and-reynolds-company/jobs,Search results are unverified leads; no board added.,no_url_at_all
ACON Laboratories,Further adapter investigation required,,,,https://www.aconlabs.com/,,no_url_at_all
Alameda Alliance for Health,Further adapter investigation required,,,,https://alamedaallianceforhealth.submittable.com/,,no_url_at_all
Altec Industries,Public portal restricted during check,,,,https://jobs.altec.com/jobs/18242414-business-intelligence-analyst?tm_job=37378-1A&tm_event=view&tm_company=2475,,needs_adapter
Amcor,Further adapter investigation required,,,,https://www.amcor.com/edgewood,,no_url_at_all
AmeriLife,Added and verified,https://amerilife.wd5.myworkdayjobs.com/External,workday,62,https://amerilife.com/join-our-team,Board registration read back from live database.,no_url_at_all
Arkhya Tech. Inc.,Further adapter investigation required,,,,https://www.arkhyatech.com/about-us,,no_url_at_all
ASM,Readable — identity review pending,https://job-boards.greenhouse.io/asm,greenhouse,469,https://job-boards.greenhouse.io/asm,,board_guessed_unverified
Association of International Certified Professional Accountants,Search leads saved — validation pending,,,,https://www.linkedin.com/company/association-of-international-certified-professional-accountants/jobs,Search results are unverified leads; no board added.,no_url_at_all
Atmos Energy,Further adapter investigation required,,,,https://www.atmosenergy.com/sustainability/employees/,,no_url_at_all
BlackHawk Data,Added and verified,https://blackhawkdatallc12029.applytojob.com/apply,jazzhr,10,https://blackhawkdatallc12029.applytojob.com/apply/n3mI6Mn2uO/Senior-Solution-Architect,Board registration read back from live database.,no_url_at_all
Boston Childrens Health Physicians LLP,Further adapter investigation required,,,,https://www.appone.com/applinkportal.asp?r_id=7210289&AdCode=Indeed7546,,needs_adapter
Breeze,Readable — identity review pending,https://flybreeze.wd503.myworkdayjobs.com/Breeze_Airways,workday,56,https://jobs.flybreeze.com/,,no_url_at_all
Care New England Health System,Held for identity or scope review,,,,,Detected employee portal held; external portal needs separate validation.,needs_adapter
Carrot,Further adapter investigation required,,,,https://careers.carrot.com/,,no_board_found
Choate Construction Company,Added and verified,https://choateco.wd503.myworkdayjobs.com/Choate,workday,31,https://www.choateco.com/careers/,Board registration read back from live database.,no_url_at_all
Chrome Hearts,Further adapter investigation required,,,,https://www.chromehearts.com/locations.html,,no_url_at_all
City of Charlotte,Public portal restricted during check,,,,https://www.charlottenc.gov/City-Government/City-Jobs?lang_update=639178387573385210,,no_url_at_all
Copa Health,Adapter validation unresolved,https://jobs.jobvite.com/support,jobvite,0,https://jobs.jobvite.com/copahealth/search?c=Direct+Support+Professional&p=0,,no_url_at_all
Cornerstone Energy Services Inc.,Added and verified,https://ats.rippling.com/cornerstone-energy-services/jobs,rippling,9,https://www.cornerstoneenergyinc.com/careers/,Board registration read back from live database.,no_url_at_all
DATAMARK,Added and verified,https://apply.workable.com/datamark-inc,workable,78,https://apply.workable.com/datamark-inc/j/ED26FD8556,Board registration read back from live database.,needs_adapter
EDZ Systems,Further adapter investigation required,,,,https://edzsystems.com/home,,no_url_at_all
Federal Signal,Added and verified,https://recruiting2.ultipro.com/FED1002FSC/JobBoard/d5675b81-d6f5-4226-9f8c-be296cda2308,ultipro,155,https://www.fedsig.com/join-the-federal-signal-team/,Board registration read back from live database.,no_url_at_all
Firestorm,Further adapter investigation required,,,,https://firestormfire.com/job-openings/,,no_url_at_all
Framework Group,Further adapter investigation required,,,,https://www.frameworkgroup.net/,,no_url_at_all
Goodville Mutual Casualty Company,Further adapter investigation required,,,,https://recruiting.paylocity.com/recruiting/jobs/All/8f46d949-c401-47b3-98f6-325a707e1198/Goodville-Mutual-Casualty-Co,,no_url_at_all
Gray,Adapter validation unresolved,https://careershub-gray.icims.com/jobs/search?ss=1&in_iframe=1,icims,0,https://www.gray.com/careers/inclusion/,PartialScrapeError: iCIMS posting identity is invalid,no_url_at_all
Hexagon Mining,Search leads saved — validation pending,,,,https://www.linkedin.com/company/hexagon-mining,Search results are unverified leads; no board added.,no_url_at_all
"Idea Nuova, Inc.",Further adapter investigation required,,,,https://ideanuova.com/contact/,,no_url_at_all
Ivanhoe Electric,Readable — identity review pending,https://workforcenow.adp.com/mascsr/default/mdf/recruitment/recruitment.html?cid=873c72c2-dc11-47df-95ee-448a932780e9&ccId=9201615195220_2,adp,4,https://workforcenow.adp.com/mascsr/default/mdf/recruitment/recruitment.html?cid=873c72c2-dc11-47df-95ee-448a932780e9&ccId=9201615195220_2&jobId=606068&source=IN&lang=en_US,,board_resolved_but_unused
J.B. Poindexter & Co,Held for identity or scope review,,,,,"An aggregator footer linked University of Michigan, not the requested employer.",no_url_at_all
"Johnson, Mirmiran & Thompson",Further adapter investigation required,,,,https://jobs.silkroad.com/JMT/JMTCareers/jobs/15591/?source=Indeed.com,,needs_adapter
KABOOM!,Further adapter investigation required,,,,https://kaboom.org/about-kaboom/careers/,,no_url_at_all
Key Capture Energy,Added and verified,https://keycaptureenergyllc.applytojob.com/apply,jazzhr,6,https://keycaptureenergyllc.applytojob.com/apply/mM5msZMB77/Transmission-Analyst,Board registration read back from live database.,no_url_at_all
"KiwiCo, Inc.",Added and verified,https://job-boards.greenhouse.io/kiwicoinc,greenhouse,5,https://www.kiwico.com/jobs,Board registration read back from live database.,no_url_at_all
"M&S Engineering, LLC",Further adapter investigation required,,,,https://msengr.hrmdirect.com/employment/view.php?req=3797141&jbsrc=1014&location=f3f8c1b6-7510-4e30-b8af-069fc4a6156f,,needs_adapter
"Megawatt Construction, Inc.",Further adapter investigation required,,,,https://www.megawattelectric.com/jobs/,,no_url_at_all
Monarch Investment and Management Group,Further adapter investigation required,,,,https://hire.mimginvestment.com/,,no_url_at_all
NGL TRANSPORTATION,Further adapter investigation required,,,,https://ngltransportation.com/,,no_url_at_all
ODP Business Solutions,Public portal restricted during check,,,,https://careers.odpbusiness.com/jobs/18255530-master-data-product-manager,,needs_adapter
Oil-Dri Corporation of America,Further adapter investigation required,,,,https://www.oildri.com/careers/general-application/,,no_url_at_all
Outdoor Cap Company,Added and verified,https://workforcenow.adp.com/mascsr/default/mdf/recruitment/recruitment.html?cid=7a1edbd8-73dc-48b7-8f73-48dc403576b5&ccId=19000101_000001,adp,8,https://www.outdoorcap.com/careers,Board registration read back from live database.,no_url_at_all
Pacagen,Further adapter investigation required,,,,https://pacagen.com/en-us/pages/contact,,no_url_at_all
Pathware Inc.,Further adapter investigation required,,,,https://www.pathware.com/contact,,no_url_at_all
Prometheum,Added and verified,https://prometheum.applytojob.com/apply,jazzhr,2,https://www.prometheum.com/careers-open-positions,Board registration read back from live database.,no_url_at_all
Quantumtech Inc,Further adapter investigation required,,,,https://quantumtech.ltd/,,no_url_at_all
R.T. Moore,Further adapter investigation required,,,,https://jobs.rtmoore.com,,no_board_found
RailPros,Provided URL unavailable,,,,https://careers.railpros.com/,,no_board_found
Roundglass,Further adapter investigation required,,,,https://roundglassfoundation.org/work-with-us/,,no_url_at_all
Schuff Steel,Added and verified,https://www.paycomonline.net/v4/ats/web.php/portal/431E1D6744E3AC7D80AD60F6432C8100/career-page,paycom,68,https://www.schuff.com/careers/,Board registration read back from live database.,no_url_at_all
Sequoia Financial Group,Added and verified,https://workforcenow.adp.com/mascsr/default/mdf/recruitment/recruitment.html?cid=c0aec70d-b765-4605-974e-8278e6583202&ccId=19000101_000001,adp,29,https://www.sequoia-financial.com/about/careers/,Board registration read back from live database.,no_url_at_all
Solace,Already configured,,,,,,board_guessed_unverified
State of Michigan,Further adapter investigation required,,,,https://www.michigan.gov/som,,no_url_at_all
Stirista,Further adapter investigation required,,,,https://www.stirista.com/platform/,,no_url_at_all
STO Building Group,Added and verified,https://fa-exrr-saasfaprod1.fa.ocs.oraclecloud.com:443/hcmUI/CandidateExperience/en/sites/stobg,oracle,430,https://stobuildinggroup.com/london-united-kingdom-2/careers/,Board registration read back from live database.,no_url_at_all
"TechLink Systems, Inc.",Further adapter investigation required,,,,https://techlink-systems.com/,,no_url_at_all
UPG Company,Held for identity or scope review,,,,,"Guessed upgcompany.com did not resolve. Search found employer LinkedIn posting with exact ADP cid, but official website identity not independently checked before wrap-up.",board_resolved_but_unused
WEALTHCOUNSEL LLC,Provided URL unavailable,,,,https://ht-jobs.net/26zmbrc?s=in,,needs_adapter
Ztek Consulting,Further adapter investigation required,,,,https://www.ztekinc.com/,,no_url_at_all
Antioch University,University follow-up required,,,,https://www.antioch.edu/employment/,Corrected officialsource returned HTTP403,fetch_failed
API Heat Transfer,Provided URL unavailable,,,,https://careers.apiheattransfer.com,,fetch_failed
Axiom Space,Fetch failed during check,,,,https://careers.axiom-space.com,"ConnectTimeout: HTTPSConnectionPool(host='careers.axiom-space.com', port=443): Max retries exceeded with url: / (Caused by ConnectTimeoutError(<HTTPSConnection(host='careers.axiom-space.com', port=443) at 0x1bc0b13aa",fetch_failed
BTIG,Further adapter investigation required,,,,https://careers.btig.com,,no_board_found
Clean Power Research,Fetch failed during check,,,,https://careers.cleanpowerresearch.com,"ConnectTimeout: HTTPSConnectionPool(host='careers.cleanpowerresearch.com', port=443): Max retries exceeded with url: / (Caused by ConnectTimeoutError(<HTTPSConnection(host='careers.cleanpowerresearch.com', port=443) ",fetch_failed
Club Car,Fetch failed during check,,,,https://careers.club-car.com,"ConnectTimeout: HTTPSConnectionPool(host='careers.club-car.com', port=443): Max retries exceeded with url: / (Caused by ConnectTimeoutError(<HTTPSConnection(host='careers.club-car.com', port=443) at 0x1ebe531b890>, '",fetch_failed
ECHO,Readable — identity review pending,https://job-boards.greenhouse.io/echo,greenhouse,19,https://job-boards.greenhouse.io/echo,,not_attempted
"FTS, Inc.",Readable — identity review pending,https://job-boards.greenhouse.io/fts,greenhouse,1,https://job-boards.greenhouse.io/fts,,not_attempted
HEICO,Further adapter investigation required,,,,https://careers.heico.com,,no_board_found
ICS,Readable — identity review pending,https://job-boards.greenhouse.io/ics,greenhouse,25,https://job-boards.greenhouse.io/ics,,not_attempted
Insight,Further adapter investigation required,,,,https://careers.insight.com,,no_board_found
Pyka Inc.,Added and verified,https://jobs.lever.co/pyka,lever,20,https://www.flypyka.com/careers,Board registration read back from live database.,not_attempted
"SONIFI Solutions, Inc.",Further adapter investigation required,,,,https://jobs.sonifisolutions.com,,no_board_found
Jobot,Provided URL unavailable,,,,https://jobot.com/careers,,no_url_at_all
Conair LLC,Further adapter investigation required,,,,https://recruiting.adp.com/srccsh/public/RTI.home?r=5001225965006&c=2223439&d=ExternalCareerSite&rb=INDEED&idUnique=5001225965006,,needs_adapter
JE Dunn Construction,Added and verified,https://jobs.jedunn.com,successfactors,487,https://jobs.jedunn.com/job/Kansas-City-Business-Analyst-Engineering-Services-MO-64106/1431052800/,Board registration read back from live database.,needs_adapter
BioSpace,Further adapter investigation required,,,,https://careers.biospace.com,,no_board_found
ARCO Design/Build,Added and verified,https://job-boards.greenhouse.io/arcodb,greenhouse,150,https://arcodb.com/,Board registration read back from live database.,no_url_at_all
Golden 1 Credit Union,Fetch failed during check,,,,https://www.golden1.com/discoverg1/member-advocates,"ReadTimeout: HTTPSConnectionPool(host='www.golden1.com', port=443): Read timed out. (read timeout=8.0)",no_url_at_all
Advocate Aurora Health,Added and verified,https://aah.wd5.myworkdayjobs.com/External,workday,1083,https://careers.advocatehealth.org/job/23886397/program-coordinator-i-obstetrics-gynecology-winston-salem-nc/?source=10588,Board registration read back from live database.,needs_adapter
Epsilon,Adapter validation unresolved,https://epsilon-publicisgroupe.icims.com/jobs/search?ss=1&in_iframe=1,icims,0,https://careers.publicisgroupe.com/epsilon/jobs/163886?lang=en-us,PartialScrapeError: iCIMS results or explicit empty state is absent,needs_adapter
FNA Group,Added and verified,https://fnagroup.applicantpro.com/jobs/,applicantpro,37,https://www.applicantpro.com/openings/fnagroup/jobs/4191096-387325,Board registration read back from live database.,needs_adapter
Halma plc,Further adapter investigation required,,,,https://www.halma.com/careers,,no_url_at_all
Harnham,Added and verified,https://harnham.pinpointhq.com,pinpoint,7,https://www.harnham.com/wimbledon-recruitment-careers/,Board registration read back from live database.,no_url_at_all
Kasasa,Further adapter investigation required,,,,https://www.kasasa.com/careers?gnk=job&gni=8a78859f9fd3baa001a025a68ac1240d&gns=Indeed+Free,,needs_adapter
"Kontoor Brands, Inc.",Added and verified,https://kbi.wd5.myworkdayjobs.com/Kontoor,workday,140,https://www.kontoorbrands.com/careers,Board registration read back from live database.,no_url_at_all
Lincoln Property Company,Further adapter investigation required,,,,https://www.lpc.com/about-us/careers/,,no_url_at_all
"Mattel, Inc.",Further adapter investigation required,,,,https://careers.mattel.com,,no_board_found
NewYork-Presbyterian Hospital,Provided URL unavailable,,,,https://careers.nyp.org/us/en/job/808,,needs_adapter
Orum 🥇,Added and verified,https://jobs.ashbyhq.com/orum,ashby,9,https://www.orum.com/careers,Board registration read back from live database.,board_guessed_unverified
Pinion,Adapter validation unresolved,https://careers-apply-pinionglobal.icims.com/jobs/search?ss=1&in_iframe=1,icims,0,https://careers.pinionglobal.com/careers-home/jobs/2739/job?utm_source=indeed_integration&iis=Job%20Board&iisn=Indeed&indeed-apply-token=73a2d2b2a8d6d5c0a62696875eaebd669103652d3f0c2cd5445d3e66b1592b0f,PartialScrapeError: iCIMS results or explicit empty state is absent,needs_adapter
Rogers-O'Brien Construction,Further adapter investigation required,,,,https://r-o.com/careers/,,no_url_at_all
WesTech Engineering,Added and verified,https://recruiting2.ultipro.com/WES1036WESEN/JobBoard/e9e4b204-967b-4c07-b2d6-4c66319b5fc0,ultipro,22,https://www.westechwater.com/about/careers,Board registration read back from live database.,no_url_at_all
"ACO, Inc",Readable — identity review pending,https://workforcenow.adp.com/mascsr/default/mdf/recruitment/recruitment.html?cid=98e760f7-2764-4d60-9333-0538f8ad00bd&ccId=19000101_000001,adp,11,https://workforcenow.adp.com/mascsr/default/mdf/recruitment/recruitment.html?cid=98e760f7-2764-4d60-9333-0538f8ad00bd&ccId=19000101_000001&jobId=574784&source=IN&lang=en_US,,board_resolved_but_unused
Ad Astra,Further adapter investigation required,,,,https://www.adastrasteammedia.com/careers,,no_url_at_all
AFH Industries,Further adapter investigation required,,,,https://care.afhind.com/,,no_url_at_all
"Agora Data, Inc.",Fetch failed during check,,,,https://www.agoradata.com.au/,ValueError: blocked non-public URL: https://www.agoradata.com.au/,no_url_at_all
Albany International Corp.,Further adapter investigation required,,,,https://career.albany.edu/jobs/albany-international-corp-internship-opportunities-all-degrees-welcome/,,no_url_at_all
Aligned Data Centers,Added and verified,https://aligneddc.wd12.myworkdayjobs.com/aligneddc,workday,206,https://aligneddc.com/careers/,Board registration read back from live database.,no_url_at_all
American Councils for International Education,Added and verified,https://www.paycomonline.net/v4/ats/web.php/portal/58AA089E0E2C786B7FE4217373F3BCBD/career-page,paycom,7,https://www.paycomonline.net/v4/ats/web.php/jobs?clientkey=58AA089E0E2C786B7FE4217373F3BCBD,Board registration read back from live database.,no_url_at_all
Amerijet International,Added and verified,https://workforcenow.adp.com/mascsr/default/mdf/recruitment/recruitment.html?cid=b84c1100-8ca6-49d3-8a35-f06ad8084d26&ccId=19000101_000001,adp,11,https://amerijet.com/careers/,Board registration read back from live database.,no_url_at_all
Armstrong World Industries,Further adapter investigation required,,,,https://www.armstrongworldindustries.com/en-us/careers.html,,no_url_at_all
Barringer Construction,Further adapter investigation required,,,,https://www.barringerconstruction.com/job/project-manager-current-opening/,,no_url_at_all
Betria Interactive,Search leads saved — validation pending,,,,https://www.indeed.com/cmp/Betria-Interactive?campaignid=mobvjcmp&fromjk=92a645f6e396440d,Search results are unverified leads; no board added.,no_url_at_all
BluIP Inc.,Search leads saved — validation pending,,,,https://www.linkedin.com/company/bluip/,Search results are unverified leads; no board added.,no_url_at_all
Bollinger Shipyards,Further adapter investigation required,,,,https://bollingershipyards.exacthire.com/job/206666?source=335,,needs_adapter
BronxWorks,Further adapter investigation required,,,,https://bronxworks.org/our-services/workforce-development/,,no_url_at_all
Buyers Edge Platform,Added and verified,https://job-boards.greenhouse.io/buyersedgeplatformrecruiting,greenhouse,38,https://buyersedgeplatform.com/about/careers/job-board/,Board registration read back from live database.,no_url_at_all
Case-Mate,Further adapter investigation required,,,,https://case-mate.com/collections/case-mate-collection,,no_url_at_all
Catapult,Readable — identity review pending,https://careers-catapulthealth.icims.com/jobs/search?ss=1&in_iframe=1,icims,3,https://www.catapulthealth.com/careers/,,no_url_at_all
Celerity,Further adapter investigation required,,,,https://www.celerity-is.com/jobs,,no_url_at_all
Centessa Pharmaceuticals,Added and verified,https://job-boards.greenhouse.io/centessapharmaceuticalsinc,greenhouse,27,https://centessa.com/careers/,Board registration read back from live database.,no_url_at_all
CesiumAstro,Added and verified,https://jobs.lever.co/CesiumAstro,lever,274,https://www.cesiumastro.com/careers,Board registration read back from live database.,no_url_at_all
Clark Associates,Further adapter investigation required,,,,https://careers.clarkassociatesinc.biz/?location=Willow+Street%2C+PA,,no_url_at_all
Close,Readable — identity review pending,https://jobs.ashbyhq.com/close,ashby,7,https://jobs.ashbyhq.com/close,,board_guessed_unverified
Clozd,Added and verified,https://jobs.lever.co/Clozd,lever,7,https://www.clozd.com/careers,Board registration read back from live database.,no_url_at_all
"Community Financial System, Inc.",Adapter validation unresolved,https://careers-communitybankna.icims.com/jobs/search?ss=1&in_iframe=1,icims,0,https://careers.cbna.com/communitybankna/jobs/10235?lang=en-us,PartialScrapeError: iCIMS results or explicit empty state is absent,needs_adapter
CoverMyMeds,Adapter validation unresolved,https://careers.mckesson.com/en/search-jobs/CoverMyMeds/733/1?glat=37.812400817871094&glon=-85.47029876708984&utm_medium=referral&utm_source=cmm-health&utm_campaign=corp%7Cemployer+brand%7Ccmm-careers%7C%7C%7C&source=CMM_careers,radancy,0,https://www.covermymeds.health/about/careers?redirect=experience,,no_board_found
Cranium AI,Further adapter investigation required,,,,https://cranium.ai/company/careers/quality-engineer/,,no_url_at_all
CULT GAIA,Further adapter investigation required,,,,https://cultgaia.com/pages/work-with-us,,no_url_at_all
Cyber Defense Technologies,Further adapter investigation required,,,,https://cyberdefensetechnologies.catsone.com/careers/92366-General/jobs/16855568-Senior-DevOps-Engineer/?ref=Indeed,,needs_adapter
Diligente Technologies,Further adapter investigation required,,,,https://www.diligentetechnologies.com/professional-services,,no_url_at_all
"Elegant Enterprise-Wide Solutions, Inc.",Further adapter investigation required,,,,https://jenniejohnson.com/company/elegant-enterprise_-_wide-solutions,,no_url_at_all
Fagron,Further adapter investigation required,,,,https://careers.fagron.com,,no_board_found
Foothill-De Anza Community College District,Added and verified,https://www.schooljobs.com/careers/fhda,schooljobs,153,https://hr.fhda.edu/careers/,Board registration read back from live database.,government_portal
FORMA Brands,Search leads saved — validation pending,,,,https://www.linkedin.com/company/forma-brands,Search results are unverified leads; no board added.,no_url_at_all
Fute,Provided URL unavailable,,,,https://join.com/companies/futeservicescom/spontaneous-application,,no_url_at_all
Gold Group Ltd,Search leads saved — validation pending,,,,https://uk.linkedin.com/company/gold-group,Search results are unverified leads; no board added.,no_url_at_all
HarperCollins Publishers,Provided URL unavailable,,,,https://careers-hcc-hqn.icims.com/jobs/intro?mobile=true&needsRedirect=false,,no_url_at_all
HEAD USA,Further adapter investigation required,,,,https://www.advantageaustria.org/us/company/en/head-international-gmbh,,no_url_at_all
"HRCap, Inc.",Further adapter investigation required,,,,https://www.hrcap.com/hrcap-careers,,no_url_at_all
IES Residential,Further adapter investigation required,,,,https://www.iesresidentialinc.com/careers,,no_url_at_all
"iTradeNetwork, Inc.",Added and verified,https://job-boards.greenhouse.io/itradenetworkinc,greenhouse,7,https://www.itradenetwork.com/jobs/5363161008?gh_jid=5363161008,Board registration read back from live database.,no_url_at_all
Kailera Therapeutics,Added and verified,https://job-boards.greenhouse.io/kailera,greenhouse,23,https://job-boards.greenhouse.io/kailera?error=true,Board registration read back from live database.,no_url_at_all
Kendo Holdings,Further adapter investigation required,,,,https://www.lvmh.com/join-us/our-job-offers/KEND00643,,needs_adapter
L.V. Enterprises,Readable — identity review pending,https://job-boards.greenhouse.io/lv,greenhouse,1,https://job-boards.greenhouse.io/lv,,no_board_found
Labatt Food Service,Further adapter investigation required,,,,https://jobsearch-web.applicant-process.devcloud.labattfood.com/,,no_url_at_all
Lawson Products,Adapter validation unresolved,https://lawson.avature.net/en_US/SearchJobs,avature,0,https://www.lawsonproducts.com/en-ca/pages/careers,,no_url_at_all
"LogicManager, Inc",Further adapter investigation required,,,,https://logicmanager.na.teamtailor.com/jobs/702548-senior-devops-engineer,,needs_adapter
LSEV USA Corp,Search leads saved — validation pending,,,,https://www.linkedin.com/company/lsev,Search results are unverified leads; no board added.,no_url_at_all
Madewell,Public portal restricted during check,,,,https://jobs.madewell.com,,no_board_found
MCA Connect,Readable — identity review pending,https://jobs.lever.co/mcaconnect,lever,14,https://jobs.lever.co/mcaconnect,,board_guessed_unverified
Milwaukee County,Further adapter investigation required,,,,https://jobs.dayforcehcm.com/en-US/mkecounty/MKECOUNTYCAREERSITE/jobs/29569,,needs_adapter
"Morgan & Morgan, P.A.",Added and verified,https://job-boards.greenhouse.io/morganmorganjobsapplynow,greenhouse,434,https://job-boards.greenhouse.io/morganmorganjobsapplynow?error=true,Board registration read back from live database.,no_url_at_all
Motion Control,Further adapter investigation required,,,,https://acsmotioncontrol.com/careers/,,no_url_at_all
n-Lorem Foundation,Public portal restricted during check,,,,https://careers.nloremfoundation.com,,no_board_found
Nerdio,Further adapter investigation required,,,,https://careers.nerdio.com,,no_board_found
Network Rail Consulting,Further adapter investigation required,,,,https://networkrailconsulting.com/,,no_url_at_all
NSD International,Provided URL unavailable,,,,https://nsdinternational.com/careers,,no_url_at_all
Oak Point Partners,Further adapter investigation required,,,,https://www.oakpointpartners.com/contact,,no_url_at_all
Odyssey Information Services,Further adapter investigation required,,,,https://www.odysseyis.com/,,no_url_at_all
Okland Construction,Public portal restricted during check,,,,https://oklandcareers.ttcportals.com/jobs/18254773-assistant-project-manager?tm_job=300&tm_event=view&tm_company=94366,,needs_adapter
Oldcastle APG,Further adapter investigation required,,,,https://www.oldcastleapg.com/our-locations/,,no_url_at_all
Omnicom Precision Marketing,Further adapter investigation required,,,,https://www.omc.com/culture/careers/,,no_url_at_all
OmniReach,Fetch failed during check,,,,https://omnireach.omnicybersolutions.com/,"SSLError: HTTPSConnectionPool(host='omnireach.omnicybersolutions.com', port=443): Max retries exceeded with url: / (Caused by SSLError(SSLError(1, '[SSL: WRONG_VERSION_NUMBER] wrong version number (_ssl.c:1081)",no_url_at_all
"onXmaps, Inc.",Added and verified,https://job-boards.greenhouse.io/onxmaps,greenhouse,21,https://job-boards.greenhouse.io/onxmaps/jobs/4712805006,Board registration read back from live database.,board_resolved_but_unused
Optiver,Further adapter investigation required,,,,https://www.optiver.com/join-us/jobs/?gh_jid=7251404002,,no_url_at_all
PACSUN,Held for identity or scope review,,,,,Official PACSUN careers page returned403; UKG board lives under EDD1000EBLLC tenant and needs independent PACSUN board-scope identity confirmation.,no_url_at_all
PayneCrest Electric,Further adapter investigation required,,,,https://www.paynecrest.com/2020/09/23/fall-virtual-career-fairs-2020/,,no_url_at_all
Pinnacle Fertility,Further adapter investigation required,,,,https://www.pinnaclefertility.com/pl/about/careers/,,no_url_at_all
PMP Strategy,Further adapter investigation required,,,,https://career.pmpstrategy.com/en/opportunities/,,no_url_at_all
Polymath Robotics,Further adapter investigation required,,,,https://www.ycombinator.com/companies/polymath-robotics/jobs/AyzuzKw-applications-engineer-san-francisco,,no_url_at_all
Prime Communications,Further adapter investigation required,,,,https://primecomms.com/explore-careers/,,no_url_at_all
R.H. White Construction,Added and verified,https://rhwhite.applicantpro.com/jobs/,applicantpro,56,https://www.applicantpro.com/openings/rhwhite/jobs/4214103-1101313,Board registration read back from live database.,needs_adapter
RDO Equipment Co.,Held for identity or scope review,,,,,Official RDO Equipment careers page links current UKG RDO1000RDO/JobBoard/b65401d2-4de5-4c2b-851f-556182926250. Proposed SmartRecruiters tenant is unverified legacy; replacement requires full crawl.,board_guessed_unverified
"Saab, Inc.",Further adapter investigation required,,,,https://www.saab.com/markets/united-states/career,,no_url_at_all
Safal Partners,Further adapter investigation required,,,,https://safalpartners.com/,,no_url_at_all
SEI,Added and verified,https://seic.wd1.myworkdayjobs.com/SEI_Global_Services,workday,122,https://www.seic.com/careers/our-locations,Board registration read back from live database.,no_url_at_all
Servco Pacific Inc.,Held for identity or scope review,,,,,Official Servco careers page returnedHTTP403; Workday tenant linkage unconfirmed in independent check.,no_url_at_all
Setpoint,Held for identity or scope review,,,,,"Official Setpoint careers page contains a placeholder Greenhouse embed for=yourcompany, not the proposed setpoint tenant.",board_guessed_unverified
Soni,Added and verified,https://jobs.lever.co/soniresources,lever,7,https://www.soniresources.com/careers.php,Board registration read back from live database.,no_url_at_all
South Bay Construction,Further adapter investigation required,,,,https://southbayconstructionfl.com/,,no_url_at_all
Sprezzatura Management Consulting,Added and verified,https://workforcenow.adp.com/mascsr/default/mdf/recruitment/recruitment.html?cid=1e214623-c126-4ee7-a61f-d40253fd1123&ccId=19000101_000001,adp,18,https://sprezzmc.com/careers/,Board registration read back from live database.,board_resolved_but_unused
Stellaromics Inc.,Added and verified,https://ats.rippling.com/stellaromics-inc/jobs,rippling,8,https://stellaromics.com/life-at-stellaromics/,Board registration read back from live database.,no_url_at_all
Sun IP,Adapter validation unresolved,https://jobs.jobvite.com/support,jobvite,0,https://jobs.jobvite.com/sun-ip/jobAlerts,,no_url_at_all
T2 Systems,Added and verified,https://job-boards.greenhouse.io/t2systems,greenhouse,8,https://www.t2systems.com/jobs/,Board registration read back from live database.,no_url_at_all
The Boldt Company,Further adapter investigation required,,,,https://www.boldt.com/careers/experienced-professionals/,,no_url_at_all
The Brite Group,Further adapter investigation required,,,,https://www.thebritegroup.com/recent-updates/,,no_url_at_all
"TherapyNotes, LLC",Further adapter investigation required,,,,https://support.therapynotes.com/hc/en-us/articles/30661280395419-Quick-Start-Set-Up-Your-TherapyNotes-Account,,no_url_at_all
Toshiba America Energy Systems,Adapter validation unresolved,https://taec.applytojob.com/apply,jazzhr,0,https://toshiba.com/tai/careers/,PartialScrapeError: JazzHR listing or explicit empty state is absent,no_url_at_all
Towson University,Added and verified,https://towson.taleo.net/careersection/ex/jobsearch.ftl,taleo,31,https://www.towson.edu/hr/employment/,Board registration read back from live database.,no_board_found
United Contractor Services,Added and verified,https://unitedcs.applicantpro.com/jobs/,applicantpro,24,https://www.applicantpro.com/openings/unitedcs/jobs/4214485-1000219,Board registration read back from live database.,needs_adapter
University of Alaska,University follow-up required,,,,https://careers.alaska.edu/,Corrected officialsource returned HTTP202,needs_adapter
University of Iowa,University follow-up required,,,,https://jobs.uiowa.edu/,"Officialsource retrieved, but no fully validated supported board behind it during this audit.",no_board_found
UpClear,Added and verified,https://apply.workable.com/upclear,workable,5,https://upclear.com/careers/,Board registration read back from live database.,no_url_at_all
ViewSonic,Further adapter investigation required,,,,https://www.viewsonic.com/my/careers,,no_url_at_all
VTG,Further adapter investigation required,,,,https://jobs.vtg.com/prj/lst/a181a603769c1f98ad927e7367c7aa51/GesamtlisteOffenePositionen.htm,,no_board_found
Watches of Switzerland Group PLC,Public portal restricted during check,,,,https://www.thewosgroupplc.com/,,no_url_at_all
Westwood Laboratories LLC,Further adapter investigation required,,,,https://westwoodlaboratories.com/team/,,no_url_at_all
International Materials Inc,Fetch failed during check,,,,https://careers.internationalmaterials.com,"ConnectTimeout: HTTPSConnectionPool(host='careers.internationalmaterials.com', port=443): Max retries exceeded with url: / (Caused by ConnectTimeoutError(<HTTPSConnection(host='careers.internationalmaterials.com', po",fetch_failed
LAZ Parking,Public portal restricted during check,,,,https://careers.lazparking.com,,fetch_failed
Lewis Energy Group,Readable — identity review pending,https://uscareers-lewisenergy.icims.com/jobs/search?ss=1&in_iframe=1,icims,29,https://lewisenergy.com/careers/,,fetch_failed
Maverik,Public portal restricted during check,,,,https://jobs.maverik.com,,fetch_failed
Olin Corporation,Held for identity or scope review,,,,,Official Olin careers page returned HTTP403; SmartRecruiters OLIN could be a different same-name employer. Do not approve guessed slug.,not_attempted
Papa Johns,Further adapter investigation required,,,,https://jobs.papajohns.com,,no_board_found
Prosum,Further adapter investigation required,,,,https://jobs.prosum.com,,fetch_failed
Sprinter Health,Further adapter investigation required,,,,https://careers.sprinterhealth.com,,no_board_found
"TEAM, Inc.",Further adapter investigation required,,,,https://careers.team.com,,no_board_found
Touro University,Added and verified,https://tcnycareers-touro.icims.com/jobs/search?ss=1&in_iframe=1,icims,242,https://www.touro.edu/careers/,Board registration read back from live database.,no_board_found
Uniguest,Public portal restricted during check,,,,https://careers.uniguest.com,,fetch_failed
ATC,Readable — identity review pending,https://atcllc.wd5.myworkdayjobs.com/atcllc,workday,32,https://www.atcllc.com/careers/,,no_url_at_all
Jobright.ai,Further adapter investigation required,,,,https://github.com/jobright-ai,,no_url_at_all
Amazon Web Services (AWS),Further adapter investigation required,,,,https://amazon.jobs/en/jobs/10382496/software-development-engineer-aws-sde-centralized-team,,no_url_at_all
Haystack,Further adapter investigation required,,,,https://www.ycombinator.com/companies/haystack/jobs,,no_url_at_all
RemoteHunter,Further adapter investigation required,,,,https://jobs.remotehunter.com,,no_board_found
TalentHop,Further adapter investigation required,,,,https://www.talenthopai.com/contact,,no_url_at_all
CGI,Further adapter investigation required,,,,https://jobs.cgi.com,,no_board_found
Peraton,Added and verified,https://careers-peraton.icims.com/jobs/search?ss=1&in_iframe=1,icims,1526,https://www.careers.peraton.com/jobs/dev-ops-engineer-herndon-virginia-170846-jobs--information-technology--,Board registration read back from live database.,needs_adapter
SAIC,Public portal restricted during check,,,,https://jsv3.recruitics.com/redirect?rx_cid=3284&rx_jobId=2616881&rx_url=https%3A%2F%2Fjobs.saic.com%2Fjobs%2F18248324-scrum-master%3Fbid%3D336%26rx_a%3D0%26rx_c%3D%26rx_ch%3Djobp4p%26rx_group%3D116479%26rx_id%3D34352d58-b20d-11f1-a6de-e5e1dd21cdd7%26rx_job%3D2616881%26rx_medium%3Dcpc%26rx_r%3Dnone%26rx_source%3Dindeed%26rx_ts%3D20260918T140402Z%26rx_vp%3Dcpc%26tm_company%3D2520%26tm_event%3Dview%26tm_job%3D2616881,,needs_adapter
CACI International Inc,Added and verified,https://searchcareers.caci.com/careers?domain=caci.com,eightfold,1714,https://searchcareers.caci.com/careers/job/1443153538567,Board registration read back from live database.,needs_adapter
State of Florida,Readable — identity review pending,https://jobs.myflorida.com,successfactors,1316,https://jobs.myflorida.com/job/MARIANNA-DISTRIBUTED-COMPUTER-SYSTEMS-ANALYST-64086080-FL-32446/1431264400/,,government_portal
BeaconFire Inc.,Further adapter investigation required,,,,https://www.beaconfireinc.com/,,no_url_at_all
Commonwealth of Pennsylvania,Partial listing — further work required,https://www.governmentjobs.com/careers/pabureau,schooljobs,20,https://www.governmentjobs.com/careers/pabureau/jobs/5479578/business-analyst-3,PartialScrapeError: NEOGOV pagination failed: NEOGOV returned duplicate/repeated jobs,government_portal
Noblis,Adapter validation unresolved,https://jobs-noblis.icims.com/jobs/search?ss=1&in_iframe=1,icims,0,https://careers.noblis.org/jobs/27854/job?utm_source=indeed_integration&iis=Job%20Board&iisn=Indeed&indeed-apply-token=73a2d2b2a8d6d5c0a62696875eaebd669103652d3f0c2cd5445d3e66b1592b0f,PartialScrapeError: iCIMS results or explicit empty state is absent,needs_adapter
The Home Depot,Readable — identity review pending,https://homedepot.wd5.myworkdayjobs.com/CareerDepot,workday,1045,https://homedepot.contacthr.com/153304247,,needs_adapter
Evlo AI,Further adapter investigation required,,,,https://reach.jobs/companies/evlo-ai,,no_url_at_all
MeeBoss,Further adapter investigation required,,,,https://www.meeboss.com/company,,no_url_at_all
Optum,Held for identity or scope review,,,,,Unscoped group-wide board: returned UnitedHealth Group search is not scoped to Optum; avoid same-board alias adoption.,needs_adapter
"Systems Planning and Analysis, Inc. (SPA)",Adapter validation unresolved,https://www.icims.com/jobs/search?ss=1&in_iframe=1,icims,0,https://talent.spa.com/jobs/23441/job?utm_source=indeed_integration&iis=Job%20Board&iisn=Indeed&indeed-apply-token=73a2d2b2a8d6d5c0a62696875eaebd669103652d3f0c2cd5445d3e66b1592b0f,PartialScrapeError: 404 Client Error: Not Found for url: https://www.icims.com/jobs/search?ss=1&in_iframe=1,needs_adapter
WSP in the U.S.,Public portal restricted during check,,,,https://www.wsp.com/en-sa/careers/working-at-wsp,,no_url_at_all
Collins Aerospace,Readable — identity review pending,https://globalhr.wd5.myworkdayjobs.com/REC_RTX_Ext_Gateway,workday,3000,https://jsv3.recruitics.com/redirect?rx_cid=3426&rx_jobId=01874630&rx_url=https%3A%2F%2Fcareers.rtx.com%2Fglobal%2Fen%2Fjob%2F01874630%3Frx_a%3D0%26rx_c%3D%26rx_ch%3Djobp4p%26rx_group%3D122223%26rx_id%3Db989049a-b2c5-11f1-8ef8-117f438b72c4%26rx_job%3D01874630%26rx_medium%3Dcpc%26rx_r%3Dnone%26rx_source%3Dindeed%26rx_ts%3D20260918T140404Z%26rx_vp%3Dcpc,,needs_adapter
Information Technology Senior Management Forum,Held for identity or scope review,,,,,Original page is an association job aggregator linking Capital One.,needs_adapter
MANTECH,Further adapter investigation required,,,,https://click.appcast.io/t/obWj08fFqXUbav-ai1Pq3u5oI8cpbmgLwdQQdxK6v7s=,,needs_adapter
"Mission Technologies, a division of HII",Readable — identity review pending,https://jobs.hii-tsd.com,successfactors,609,https://jobs.hii-tsd.com/job/Columbia%2C-MD-Software-Engineer-Multiple-Levels-29775-Mary/1417877500/,,no_url_at_all
US Farm Service Agency,Further adapter investigation required,,,,https://www.usajobs.gov:443/job/884919700,,government_portal
UST,Further adapter investigation required,,,,https://usource.ripplehire.com/candidate/?token=BsN5zhOgzbnmx0eVnZw0&lang=en&source=INDEED&ref=INDEED#detail/job/65133,,needs_adapter
ArchKey Solutions,Public portal restricted during check,,,,https://careers.archkey.com/jobs/18248099-associate-project-manager?tm_job=871&tm_event=view&tm_company=92136,,needs_adapter
ARCO a Family of Construction Companies,Provided URL unavailable,,,,https://careers.thearcoway.com/our-company/jobs/11073?lang=en-us,,no_url_at_all
Brooksource,Further adapter investigation required,,,,https://jobs.brooksource.com,,no_board_found
Federal Bureau of Prisons,Further adapter investigation required,,,,https://www.usajobs.gov:443/job/884315000,,government_portal
The Johns Hopkins University,University follow-up required,,,,https://careers.jhu.edu/,Official careers.jhu.edu/hiring.jhu.edu careers endpoint challenged403. Current complete public listing not verified.,no_board_found
All Aviation Jobs,Further adapter investigation required,,,,https://www.allaviationjob.com/jobs?page=92,,no_url_at_all
"Bristol Bay Construction Holdings, LLC",Further adapter investigation required,,,,https://jobs.dayforcehcm.com/en-US/bbch/BBCHCANDIDATEPORTAL/jobs/28635,,needs_adapter
Everforth ECS,Further adapter investigation required,,,,https://recruiting.adp.com/srccsh/public/RTI.home?r=5001225059906&c=2201039&d=ExternalCareerSite&rb=INDEED&idUnique=5001225059906,,needs_adapter
Kansas City National Security Campus,Further adapter investigation required,,,,https://career-hcm03.ns2cloud.com/career?navBarLevel=JOB_SEARCH&rcm_site_locale=en-US&career_ns=job_listing&company=KCPHCM03&_s.crb=cgyjZnolSD%2Fc%2BTwm%2B8e7awNJ7dwuC%2FWxkhK80Kb36Lk%3D%3Fbplte_company%3DKCPHCM03&_s.crb=cuIbGFpkRDC2wM5CPxgi4EjhSU5kDA2y%252fw%252fq3i4sCN8%253d&selected_lang=en-US&career_job_req_id=5509,,needs_adapter
Kastle Systems,Adapter validation unresolved,https://careers-kastle.icims.com/jobs/search?ss=1&in_iframe=1,icims,0,https://careers.kastle.com/jobs/5267/job?utm_source=indeed_integration&iis=Job%20Board&iisn=Indeed&indeed-apply-token=73a2d2b2a8d6d5c0a62696875eaebd669103652d3f0c2cd5445d3e66b1592b0f,PartialScrapeError: iCIMS results or explicit empty state is absent,needs_adapter
MITRE,Adapter validation unresolved,https://mitre.wd5.myworkdayjobs.com/MITRE,workday,0,https://careers.mitre.org/us/en/job/MITRUSR117544EXTERNALENUS/Principal-Geospatial-Data-Scientist?utm_source=JB-10061&utm_medium=phenom-feeds,,needs_adapter
Pratt & Whitney,Readable — identity review pending,https://globalhr.wd5.myworkdayjobs.com/REC_RTX_Ext_Gateway,workday,3000,https://jsv3.recruitics.com/redirect?rx_cid=3426&rx_jobId=01869251&rx_url=https%3A%2F%2Fcareers.rtx.com%2Fglobal%2Fen%2Fjob%2F01869251%3Frx_a%3D0%26rx_c%3D%26rx_ch%3Djobp4p%26rx_group%3D122223%26rx_id%3De4f1c444-a32f-11f1-9bc7-87d4fef9ca47%26rx_job%3D01869251%26rx_medium%3Dcpc%26rx_r%3Dnone%26rx_source%3Dindeed%26rx_ts%3D20260912T140436Z%26rx_vp%3Dcpc,,needs_adapter
SHI International Corp.,Search leads saved — validation pending,,,,https://www.linkedin.com/company/shi-international-corp-/jobs,Search results are unverified leads; no board added.,no_url_at_all
"StraCon Services Group, LLC.",Further adapter investigation required,,,,https://stracongroup.com/jobs/?gnk=job&gni=8a78859ea064211b01a0a5ee0b436253&gns=Indeed+Free,,needs_adapter
Systems Planning & Analysis,Search leads saved — validation pending,,,,https://www.linkedin.com/company/systems-planning-and-analysis-inc,Search results are unverified leads; no board added.,no_url_at_all
The Depository Trust & Clearing Corporation (DTCC),Search leads saved — validation pending,,,,https://www.dtcc.com/,Search results are unverified leads; no board added.,no_url_at_all
AARATECH,Further adapter investigation required,,,,https://aaratechinc.com/,,no_url_at_all
ARCO/Murray,Further adapter investigation required,,,,https://www.arcomurray.com/about/,,no_url_at_all
Atrium Health,Readable — identity review pending,https://aah.wd5.myworkdayjobs.com/External,workday,1242,https://jobs.talemetry.com/atriumhelath/jobs/apply?job_list_id=6629&tj_id=18217842&tm_company=13027&tm_job=R257585&tm_event=view,,needs_adapter
AV,Further adapter investigation required,,,,https://www.fordav.com/careers/veterans/,,no_url_at_all
BRG,Readable — identity review pending,https://thinkbrg.wd5.myworkdayjobs.com/BRG_External_Career_Site,workday,148,https://www.thinkbrg.com/careers/how-we-work/,,no_url_at_all
CarolinaPower,Further adapter investigation required,,,,https://recruiting.adp.com/srccsh/public/RTI.home?r=5001223128506&c=2212339&d=CarolinaPowerCareers&rb=INDEED&idUnique=5001223128506,,needs_adapter
Ceco Concrete Construction L.L.C.,Search leads saved — validation pending,,,,https://se.linkedin.com/showcase/ceco-career-opportunities,Search results are unverified leads; no board added.,no_url_at_all
CyberCoders,Further adapter investigation required,,,,https://jobs.cybercoders.com,,staffing_firm
DaVita Kidney Care,Readable — identity review pending,https://davita.wd1.myworkdayjobs.com/DKC_External,workday,3000,https://www.davita.com/help-center/how-do-i-access-my-careers-account-and-my-job-application,,no_url_at_all
DHL Supply Chain,Fetch failed during check,,,,https://www.dhl.com/ie-en/home/supply-chain/about-us/careers-at-dhl-supply-chain.html,"ReadTimeout: HTTPSConnectionPool(host='www.dhl.com', port=443): Read timed out. (read timeout=8.0)",no_url_at_all
Epic,Already configured,https://epic.avature.net/Careers/SearchJobs,avature,41,https://careers.epic.com/,Board registration read back from live database.,no_board_found
HII,Further adapter investigation required,,,,https://www.hii.com/careers/life-at-hii,,no_url_at_all
Huntington National Bank,Readable — identity review pending,https://jobs.smartrecruiters.com/HuntingtonNationalBank1,smartrecruiters,1,https://careers.smartrecruiters.com/HuntingtonNationalBank1,,no_url_at_all
Kareer Basycs,Search leads saved — validation pending,,,,https://www.linkedin.com/jobs/view/junior-java-developer-at-kareer-basycs-4463900362,Search results are unverified leads; no board added.,no_url_at_all
NBCUniversal,Further adapter investigation required,,,,https://www.nbcuniversal.com/careers,,no_url_at_all
Parsons Corporation,Added and verified,https://parsons.wd5.myworkdayjobs.com/Search,workday,1919,https://jobs.parsons.com/jobs/windows-software-engineer-senior-virtual-r-186254-jobs--engineering--,Board registration read back from live database.,needs_adapter
Referment,Further adapter investigation required,,,,https://www.referment.com/,,no_url_at_all
Roylo Partners,Search leads saved — validation pending,,,,https://uk.linkedin.com/company/roylopartners,Search results are unverified leads; no board added.,no_url_at_all
SMX,Added and verified,https://job-boards.greenhouse.io/smxtech,greenhouse,131,https://www.smxtech.com/careers/,Board registration read back from live database.,needs_adapter
State of South Carolina,Partial listing — further work required,https://www.governmentjobs.com/careers/sc,schooljobs,170,https://www.governmentjobs.com/careers/sc/jobs/5461254/program-coordinator-i-61084473-greenville,PartialScrapeError: NEOGOV pagination failed: NEOGOV returned duplicate/repeated jobs,government_portal
Sundayy,Further adapter investigation required,,,,https://www.sundayy.com/us-jobs/chat-support,,no_url_at_all
Talentoma,Further adapter investigation required,,,,https://talentoma.com/industries-we-serve/,,no_url_at_all
VetJobs,Further adapter investigation required,,,,https://vetjobs.org/downloads/,,no_url_at_all
24 Seven Talent,Further adapter investigation required,,,,https://www.24seventalent.com/en/find-work/,,no_url_at_all
AMERICAN SYSTEMS,Readable — identity review pending,https://careers-americansystems.icims.com/jobs/search?ss=1&in_iframe=1,icims,295,https://www.americansystems.com/careers-welcome/,,no_url_at_all
Ankura,Readable — identity review pending,https://ankura.wd5.myworkdayjobs.com/Ankura,workday,100,https://ankura.com/careers,,no_url_at_all
Apex Fintech Solutions,Further adapter investigation required,,,,https://careers.apexfintechsolutions.com/,,no_board_found
CapTech,Further adapter investigation required,,,,https://www.captechconsulting.com/careers/student-opportunities,,no_url_at_all
Centric Brands,Provided URL unavailable,,,,https://careers-centricbrandsasia.icims.com/,,no_url_at_all
DC Department of Human Resources,Readable — identity review pending,https://careers.dc.gov/psc/erecruit/EMPLOYEE/HRMS/c/HRS_HRAM_FL.HRS_CG_SEARCH_FL.GBL,peoplesoft,98,https://planning.dc.gov/op-human-resources,,no_url_at_all
Enhance IT,Further adapter investigation required,,,,https://www.enhanceit.com/careers/sr-ios-developer,,no_url_at_all
Exelon,Adapter validation unresolved,https://employees-exeloncorp.icims.com/jobs/search?ss=1&in_iframe=1,icims,0,https://jobs.exeloncorp.com/exelon-corporate,PartialScrapeError: iCIMS results or explicit empty state is absent,no_url_at_all
FDM Group,Further adapter investigation required,,,,https://careers.fdmgroup.com/vacancies/vacancy-search-results.aspx,,no_board_found
FetchJobs.co,Search leads saved — validation pending,,,,https://www.linkedin.com/company/fetchjobs-co,Search results are unverified leads; no board added.,no_url_at_all
FIS,Provided URL unavailable,,,,https://fis-ski.com/careers,,no_url_at_all
Hewlett Packard Enterprise | HPE,Already configured,https://hpe.wd5.myworkdayjobs.com/Jobsathpe,workday,1205,https://careers.hpe.com/us/en/job/HPE1US1214811EXTERNALENUS/AI-Engineer-Software-Development-Tools?utm_source=indeed&utm_medium=phenom-feeds,Board registration read back from live database.,needs_adapter
K&A Power,Further adapter investigation required,,,,https://www.kapower.us/contact,,no_url_at_all
Kaiser Permanente,Provided URL unavailable,,,,https://healthy.kaiserpermanente.org/careers,,no_url_at_all
Koch,Readable — identity review pending,https://koch.avature.net/en_US/careers/SearchJobs,avature,132,https://ars2.equest.com/?response_id=2ba532708312011b206d898d49e5ea89,,needs_adapter
Mount Sinai Health System,Readable — identity review pending,https://ejis.fa.us6.oraclecloud.com/hcmUI/CandidateExperience/en/sites/CX,oracle,1794,https://careers.mountsinai.org/home,,no_url_at_all
Naval Nuclear Laboratory (FMP),Further adapter investigation required,,,,https://navalnuclearlab.energy.gov/job-search/job-detail/?job-id=8530,,no_url_at_all
"Newport News Shipbuilding, A Division of HII",Further adapter investigation required,,,,https://www.hii.com/news/hiis-newport-news-shipbuilding-hiring-thousands-as-navy-submarine-demand-grows,,no_url_at_all
North Carolina State University,Added and verified,https://jobs.ncsu.edu/postings/search,peopleadmin,424,https://jobs.ncsu.edu/,Board registration read back from live database.,needs_adapter
nVent,Added and verified,https://nvent.wd5.myworkdayjobs.com/nVent,workday,544,https://www.nvent.com/en-mx/careers,Board registration read back from live database.,no_url_at_all
Rosendin,Held for identity or scope review,,,,,Official Rosendin careers page returnedHTTP403; Workday tenant linkage unconfirmed in independent check.,no_url_at_all
Signet Jewelers,Added and verified,https://signetjewelers.wd1.myworkdayjobs.com/SignetCorporateCareers,workday,70,https://www.signetjewelers.com/careers/Growth/default.aspx,Board registration read back from live database.,no_url_at_all
TikTok USDS Joint Venture,Held for identity or scope review,,,,,"Duplicate/alias scope: lifeattiktok.com/search is the already verified TikTok US board, not a separately scoped TikTok USDS Joint Venture board.",no_url_at_all
UAB Medicine,Added and verified,https://careers.uabmedicine.org,phenom,851,https://careers.uabmedicine.org/us/en/job/UHSUHSUST239373EXTERNALENUS/Program-Coordinator-II-Women-s-Services-Office-AM-010?utm_source=indeed&utm_medium=phenom-feeds,Board registration read back from live database.,needs_adapter
AAA Auto Club Enterprises,Search leads saved — validation pending,,,,https://www.linkedin.com/company/aaa-auto-club-enterprises/jobs,Search results are unverified leads; no board added.,no_url_at_all
Academy Sports + Outdoors,Added and verified,https://academy.wd1.myworkdayjobs.com/Careers,workday,796,https://careers.academy.com/us/en/job/ASQASMUSR335430EXTERNALENUS/Associate-Product-Manager-Digital?utm_source=indeed&utm_medium=phenom-feeds,Board registration read back from live database.,needs_adapter
ANSER,Readable — identity review pending,https://job-boards.greenhouse.io/analyticservicesinc,greenhouse,80,https://www.anser.org/careers/job/?id=5379756008,,no_url_at_all
ARCO Murray Construction Company,Readable — identity review pending,https://job-boards.greenhouse.io/amcc,greenhouse,16,https://job-boards.greenhouse.io/amcc/jobs/4379245009,,no_url_at_all
AT&T,Added and verified,https://att.wd1.myworkdayjobs.com/ATTGeneral,workday,1295,https://www.att.jobs/job/-/principal-ai-engineer-sdlc/117/100738904624?source=jb_indeed_org&utm_source=indeed.com&utm_medium=organic&utm_campaign=organic&utm_content=job_aggregator&utm_term=418039196,Board registration read back from live database.,needs_adapter
Atos,Readable — identity review pending,https://jobs.atos.net,successfactors,142,https://jobs.atos.net/viewalljobs/?locale=en_GB,,no_url_at_all
"Bering-Alaka'ina Holdings, LLC",Further adapter investigation required,,,,https://www.usa.jobs/jobs/685686910-various-research-positions,,no_url_at_all
BlueWater Federal Solutions,Added and verified,https://apply-bwfed.icims.com/jobs/search?ss=1&in_iframe=1,icims,63,https://careers.bwfed.com/jobs/3302/job?utm_source=indeed_integration&iis=Job%20Board&iisn=Indeed&indeed-apply-token=73a2d2b2a8d6d5c0a62696875eaebd669103652d3f0c2cd5445d3e66b1592b0f,Board registration read back from live database.,needs_adapter
"Burlington Stores, Inc.",Further adapter investigation required,,,,https://burlingtonstores.jobs/locations/swedesboro-nj/position-type/regular-full-time/jobs/,,no_url_at_all
CEC,Public portal restricted during check,,,,https://jobs.cec.com,,no_board_found
Choice Hotels International,Readable — identity review pending,https://choicehotels.wd5.myworkdayjobs.com/HotelExternal,workday,79,https://careers.choicehotels.com/youre-welcomed-here/,,no_url_at_all
City of Dallas,Readable — identity review pending,https://dallascityhall.wd5.myworkdayjobs.com/CODCareers,workday,111,https://dallascityhall.com/departments/humanresources/employment/Pages/default.aspx,,no_url_at_all
"Command Post Technologies, Inc",Further adapter investigation required,,,,https://recruiting.paylocity.com/recruiting/jobs/All/0136e448-2ebc-4615-ba54-adf9d180d4fb/Command-Post-Technologies-Inc?source=Indeed_Feed,,no_url_at_all
Cooley AI,Public portal restricted during check,,,,https://hiringcafe.com/job/senior-ai-ml-engineer-cooley-new-york-city-new-york-7axnh1tjl78uw7uz,,no_url_at_all
Crew,Fetch failed during check,,,,https://www.crew.sg/Careers-Explore-Diverse-Job-Opportunities-And-Immediate-Hiring-Today,"ReadTimeout: HTTPSConnectionPool(host='www.crew.sg', port=443): Read timed out. (read timeout=8.0)",no_url_at_all
Crum & Forster,Provided URL unavailable,,,,https://incareers-cfins.icims.com/jobs/intro,,no_url_at_all
Dark Wolf,Readable — identity review pending,https://job-boards.greenhouse.io/darkwolfsolutions,greenhouse,67,https://job-boards.greenhouse.io/darkwolfsolutions?error=true,,no_url_at_all
DLA Careers,Public portal restricted during check,,,,https://www.dla.mil/About-DLA/News/News-Article-View/Article/3843951/hr-leaders-launch-dla-careers-site-to-increase-recruiting-expand-talent-pool/,,no_url_at_all
DNI (Delaware Nation Industries),Adapter validation unresolved,https://careers-dneda.icims.com/jobs/search?ss=1&in_iframe=1,icims,0,https://zeenation.dnigov.com/,PartialScrapeError: 404 Client Error: Not Found for url: https://careers-dneda.icims.com/jobs/search?ss=1&in_iframe=1,no_url_at_all
Dollar Tree Stores,Readable — identity review pending,https://dollartree.wd5.myworkdayjobs.com/dollartreeus,workday,2636,https://careers.dollartree.com/us/en,,no_url_at_all
EAB,Further adapter investigation required,,,,http://recruit.hirebridge.com/v3/Jobs/JobDetails.aspx?jid=611966&cid=7856&locvalue=1035,,needs_adapter
Emerson,Readable — identity review pending,https://hdjq.fa.us2.oraclecloud.com/hcmUI/CandidateExperience/en/sites/CX_1,oracle,1080,https://www.emerson.com/en/corporate/careers,,no_url_at_all
EquipmentShare,Further adapter investigation required,,,,https://grnh.se/w9ihg0fx1us,,needs_adapter
FAMU National Alumni Association,Further adapter investigation required,,,,https://www.famu.edu/about-famu/alumni-affairs/famunaa.php,,no_url_at_all
Farm Credit Services of America,Added and verified,https://careers.fcsamerica.com,successfactors,39,https://careers.fcsamerica.com/job/Omaha-Data-Engineer-NE-68137-2210/1431176800/,Board registration read back from live database.,needs_adapter
Harris Computer,Readable — identity review pending,https://harriscomputer.wd3.myworkdayjobs.com/1,workday,225,https://harriscomputer.wd3.myworkdayjobs.com/en-US/1/job/Ontario-Canada/Corporate-Development-Associate_R0043716-1,,no_url_at_all
Honeywell Aerospace,Readable — identity review pending,https://icfcjb.fa.ocs.oraclecloud.com/hcmUI/CandidateExperience/en/sites/Aerospace,oracle,823,https://www.honeywellaerospace.com/us/en/company/careers/veteran-hiring,,no_url_at_all
iCapital,Readable — identity review pending,https://job-boards.greenhouse.io/icapitalnetwork,greenhouse,209,https://job-boards.greenhouse.io/icapitalnetwork?gh_src=9f18c5142us&page=2&weekdayJdUid=1944363,,no_url_at_all
icon Mechanical,Provided URL unavailable,,,,https://www.iconmech.com/media_category/hero-image/,,no_url_at_all
Kiss Beauty Group,Readable — identity review pending,https://kissusa.wd12.myworkdayjobs.com/KISS_Careers_External,workday,74,https://www.kissbeautygroup.com/careers,,no_url_at_all
Komatsu,Further adapter investigation required,,,,https://career8.successfactors.com/career?company=KomatsuLive&career_ns=job_listing&career_job_req_id=36864&lang=en_US&source=Indeed,,needs_adapter
Koniag Government Services,Further adapter investigation required,,,,https://jobs.dayforcehcm.com/en-US/kgs/CANDIDATEPORTAL/jobs/12107,,needs_adapter
Lake Superior Consulting,Further adapter investigation required,,,,https://career41.sapsf.com/career?company=lakesuperi&career_ns=job_listing&career_job_req_id=36731&lang=en_US&source=Indeed,,needs_adapter
Ledgent Technology,Further adapter investigation required,,,,https://careers.ledgent.com/,,no_board_found
LiveWell Homecare Agency,Further adapter investigation required,,,,https://lwhomecare.recruitrifle.com/jobs/registered-nurse-transplant-program-coordinator-019f825b-0218-7350-b0ad-8428f4b3033b/,,needs_adapter
Love's Travel Stops,Further adapter investigation required,,,,https://jobs.loves.com/scrum-master-iii/job/492772,,needs_adapter
McCarthy Holdings,Adapter validation unresolved,https://jobs.jobvite.com/support,jobvite,0,https://app.jobvite.com/CompanyJobs/Job.aspx?j=oDpMAfw8&s=Indeed,,needs_adapter
MetroStar,Further adapter investigation required,,,,https://metrostar.com/careers,,no_url_at_all
MSI,Further adapter investigation required,,,,https://www.msisurfaces.com/careers/jobpost/104235/,,needs_adapter
Naval Nuclear Laboratory,Further adapter investigation required,,,,https://career-hcm03.ns2cloud.com/sfcareer/jobreqcareer?jobId=8430&company=NNLHCM03&utm_source=xml-indeed,,needs_adapter
Nelnet,Held for identity or scope review,,,,,Only Workday job posting verified; no independent official Nelnet career-site backlink checked before wrap-up.,no_url_at_all
Neuberger,Held for identity or scope review,,,,,Official Neuberger career page returnedHTTP429 security checkpoint; Workday link could not be independently verified.,no_url_at_all
Panda Restaurant Group,Further adapter investigation required,,,,https://olivia.paradox.ai/co/PandaRestaurantGroup2/Job?job_id=P1-6335247-1&posting_type=1&source=indeed,,needs_adapter
Peregrine Advisors,Further adapter investigation required,,,,https://www.peregrineadvisorsltd.com/,,no_url_at_all
Porsche Cars North America,Further adapter investigation required,,,,https://jobs.porsche.com/index.php?ac=jobad&id=21575,,needs_adapter
Prime Video & Amazon MGM Studios,Provided URL unavailable,,,,https://www.amazon.jobs/en/jobs/10476628/pr-coordinator-prime-video-amazon-mgm-studios-uk-prime-video-amazon-mgm-studios-uk-pr-communications,,no_url_at_all
Procter & Gamble,Added and verified,https://pg.wd5.myworkdayjobs.com/1000,workday,792,https://www.pgcareers.com/us/en/search-results,Board registration read back from live database.,no_url_at_all
Publicis Sapient,Adapter validation unresolved,https://referral-publicisgroupe.icims.com/jobs/search?ss=1&in_iframe=1,icims,0,https://careers.publicissapient.com/,PartialScrapeError: iCIMS results or explicit empty state is absent,no_board_found
Renewable Careers,Further adapter investigation required,,,,https://renewable-careers.com/contact/,,no_url_at_all
Rippling,Further adapter investigation required,,,,https://careers.rippling.com,,no_board_found
RWJBarnabas Health,Further adapter investigation required,,,,https://www.rwjbarnabashealthcareers.org/jobs/us-nj-newark/,,no_url_at_all
SEKO Logistics,Added and verified,https://sekologistics.wd503.myworkdayjobs.com/Seko_Logistics,workday,26,https://www.sekologistics.com/en/about/careers/,Board registration read back from live database.,no_url_at_all
Southern Company,Further adapter investigation required,,,,https://southerncompany.jobs/job/,,no_url_at_all
Speria,Further adapter investigation required,,,,https://emp.jobylon.com/jobs/383272-speria-entry-level-software-engineer/,,needs_adapter
"Steampunk, Inc.",Further adapter investigation required,,,,https://www.olive.jobs/company/steampunk,,no_url_at_all
Steve Madden,Further adapter investigation required,,,,https://recruiting.adp.com/srccsh/public/RTI.home?r=5001218600506&c=1181515&d=ExternalCareerSite&rb=INDEED&idUnique=5001218600506,,needs_adapter
Textron,Further adapter investigation required,,,,https://careers.textron.com/lutz-fl/2027-entry-level-software-engineer-aftermarket-programs-tru-simulation-lutz-fl-/14AE88C9CCC54AD69678738243E884B5/job/,,needs_adapter
Tri-City Group,Further adapter investigation required,,,,https://tricitygroup.com/careers,,no_url_at_all
"University of Maryland, Baltimore (UMB)",Added and verified,https://umb.taleo.net/careersection/umb_faculty+and+post+docs/jobsearch.ftl,taleo,277,https://www.umaryland.edu/hr/careers-at-umb/,Board registration read back from live database.,no_url_at_all
UT MD Anderson,Further adapter investigation required,,,,https://www.mdanderson.org/about-md-anderson/careers.html,,no_url_at_all
Welltower™ Inc. (NYSE:WELL),Search leads saved — validation pending,,,,https://pr.linkedin.com/company/welltower/jobs,Search results are unverified leads; no board added.,no_url_at_all
West Star Aviation Inc.,Further adapter investigation required,,,,https://weststaraviation.workgr8.com/jobs/1652/citation-operations-coordinator?j_idx=19,,needs_adapter
Yara AI,Held for identity or scope review,,,,,"Identity mismatch: jobs.yara.com explicitly identifies Yara International, not the candidate Yara AI. Do not adopt same-name search result.",no_url_at_all
Zeitview,Further adapter investigation required,,,,https://zeitview.recruiterbox.com/jobs/fk0z86k?fjb_hash=ezLpq610,,needs_adapter
Zel Technologies LLC,Search leads saved — validation pending,,,,https://www.zeltech.com/careers/,Search results are unverified leads; no board added.,no_url_at_all
| GrayMatter |,Further adapter investigation required,,,,https://graymattersystems.com/current-job-postings/?gnk=job&gni=8a7885a8a03fc26101a0627df12b6bb8&gns=Indeed+Free,,needs_adapter
50Floor,Readable — identity review pending,https://50floor.applicantpro.com/jobs/,applicantpro,73,https://50floor.com/contact-us/careers/instalador/,,no_url_at_all
Acuity,Readable — identity review pending,https://recruiting2.ultipro.com/HER1001ACFIN/JobBoard/ab33798a-3521-417b-8db8-a8e435c475fa,ultipro,33,https://www.acuity.com/careers/life-at-acuity,,no_url_at_all
AEG,Readable — identity review pending,https://job-boards.greenhouse.io/aegworldwide,greenhouse,173,https://aegworldwide.com/careers/job-search?title=2026,,no_url_at_all
AET,Readable — identity review pending,https://workforcenow.adp.com/mascsr/default/mdf/recruitment/recruitment.html?cid=4c38bdc3-08f4-42af-b42a-3710c1d7bcf8&ccId=19000101_000001,adp,37,https://www.teamaet.com/careers/job-opportunities/,,no_url_at_all
AgileGrid Solutions,Further adapter investigation required,,,,https://torre.ai/careers/AgileGridSolutions,,no_url_at_all
Allen Control Systems,Public portal restricted during check,,,,https://careers.allencontrol.com/,,no_board_found
Amazon Music,Further adapter investigation required,,,,https://prod.gamma.amazon.jobs/cs/teams/amazon-digital-music,,no_url_at_all
Apolis,Further adapter investigation required,,,,https://apolisrises.com/join-our-team/,,no_url_at_all
Apollo Mission Critical Engineering,Further adapter investigation required,,,,https://careerservices.fas.harvard.edu/companies/apollo-mission-critical-engineering-llc/jobs/,,no_url_at_all
ApTask,Further adapter investigation required,,,,https://jobs.aptask.com,,no_board_found
Arizona Department of Health Services,Further adapter investigation required,,,,https://www.azdhs.gov/contact.php,,no_url_at_all
ARQ,Readable — identity review pending,https://jobs.ashbyhq.com/arq,ashby,33,https://jobs.ashbyhq.com/arq,,board_guessed_unverified
ASUS,Adapter validation unresolved,https://workforcenow.adp.com/mascsr/default/mdf/recruitment/recruitment.html?cid=2071de00-c19b-4aa9-b4cb-1ee91d11ec3a&ccId=19000101_000001,adp,0,https://careers.asus.com,PartialScrapeError: ADP listing incomplete: ADP listing schema or total is missing,no_board_found
Avalore.ai,Search leads saved — validation pending,,,,https://www.linkedin.com/jobs/avalore.ai-jobs-worldwide?f_C=108051881,Search results are unverified leads; no board added.,no_url_at_all
Baker Donelson,Further adapter investigation required,,,,https://www.bakerdonelson.com/?pg=careers,,no_url_at_all
Bass Pro Shops,Added and verified,https://basspro.wd1.myworkdayjobs.com/careers,workday,2359,https://careers.basspro.com/us/en/job/R265579,Board registration read back from live database.,needs_adapter
Bering Straits Native Corporation (BSNC),Further adapter investigation required,,,,https://sites.beringstraits.com/bsit/careers/,,no_url_at_all
Bevi,Readable — identity review pending,https://job-boards.greenhouse.io/bevicareers,greenhouse,23,https://bevi.co/careers/,,no_url_at_all
Biological Sciences Division at the University of Chicago,University follow-up required,,,,https://bsd.uchicago.edu/careers,"Initial BSD/careers redirects BSD homepage; parent UChicago employer board must be correctly scoped/identified, not student career services.",no_url_at_all
Black Hills Corporation,Public portal restricted during check,,,,https://careers.blackhillsenergy.com/jobs/18252799-business-systems-analyst-transportation-services?tm_job=36433-1A&tm_event=view&tm_company=12679,,needs_adapter
BoF Careers,Further adapter investigation required,,,,https://www.bof.com.ph/careers,,no_url_at_all
Brenntag,Readable — identity review pending,https://brenntag.wd3.myworkdayjobs.com/brenntag_jobs,workday,393,https://www.brenntag.com/en-us/career/,,no_url_at_all
Caesars Entertainment,Further adapter investigation required,,,,https://caesarscorp.jobinfo.com/public/description.php?jid=9906977,,no_url_at_all
California Department of Developmental Services,Further adapter investigation required,,,,https://www.dds.ca.gov/general/careers/,,no_url_at_all
California Department of State Hospitals,Further adapter investigation required,,,,https://www.dsh.ca.gov/Jobs/Our_Locations.html,,no_url_at_all
"Career Concepts Staffing Services, Inc",Readable — identity review pending,https://talentwwinc.applytojob.com/apply,jazzhr,7,https://talentwwinc.applytojob.com/apply/QDqPA7Lqko/Senior-AI-Engineer-Agentic-Systems?source=INDE&~,,staffing_firm
CareFirst BlueCross BlueShield,Public portal restricted during check,,,,https://carefirstcareers.ttcportals.com/jobs/18229058-senior-data-analyst-remote?tm_job=22559-1A&tm_event=view&tm_company=2380,,needs_adapter
Cash App,Further adapter investigation required,,,,https://cash.app/,,no_url_at_all
Castalia Systems,Further adapter investigation required,,,,https://castaliasystems.hrmdirect.com/employment/view.php?req=3819184&jbsrc=1014&location=05d0b276-5583-5104-a542-0e52988f4913,,needs_adapter
Cedars-Sinai,Further adapter investigation required,,,,https://www.cedars-sinai.org/about/working-at-cedars-sinai.html,,no_url_at_all
Chenega MIOS SBU,Readable — identity review pending,https://careers-chenega.icims.com/jobs/search?ss=1&in_iframe=1,icims,407,https://careers.chenega.com/jobs/42076?lang=en-us,,no_url_at_all
Chesapeake Utilities Corporation,Readable — identity review pending,https://recruiting.ultipro.com/CHE1002/JobBoard/b3619162-358a-7fa6-c781-f4c6bf2eda32,ultipro,57,https://www.chpk.com/careers/,,no_url_at_all
Cincinnati Children's,Further adapter investigation required,,,,https://www.cincinnatichildrens.org/careers/our-workforce,,no_url_at_all
City Electric Supply,Readable — identity review pending,https://jobs.lever.co/cef,lever,3,https://jobs.lever.co/cef/4a9b28f6-eea7-488f-a71c-9ac2c806bfc8,,no_url_at_all
City of Indianapolis & Marion County,Readable — identity review pending,https://www.governmentjobs.com/careers/indianapolis,schooljobs,75,https://www.governmentjobs.com/careers/Indianapolis/jobs/5486513/project-manager-design-dpw-design,,government_portal
CJ,Readable — identity review pending,https://workforcenow.adp.com/mascsr/default/mdf/recruitment/recruitment.html?cid=0b49417e-07ce-4b1e-9958-84798be9094f&ccId=19000101_000001,adp,3,https://www.cj.net/america/careers/,,no_url_at_all
Coach,Readable — identity review pending,https://tapestry.wd108.myworkdayjobs.com/Tapestry_Careers,workday,2211,https://careers.tapestry.com/coach/go/Jobs-at-Coach/4131300/25/%3Fq%3D%26sortColumn%3Dsort_department%26sortDirection%3Dasc,,no_url_at_all
ColonialWebb,Readable — identity review pending,https://comfortsystemsusa.wd1.myworkdayjobs.com/cwc_careers,workday,88,https://colonialwebb.com/careers/internships/,,no_url_at_all
Commonwealth of Kentucky,Readable — identity review pending,https://kypersonnelcabinet.csod.com/ux/ats/careersite/49/home,cornerstone,229,https://www.kentucky.gov/employment/Pages/default.aspx,,no_url_at_all
"Community Options, Inc.",Public portal restricted during check,,,,https://careers.comop.org/jobs/18253633-residential-program-manager-idd-services?tm_job=8002&tm_event=view&tm_company=91238,,needs_adapter
Consulting US,Further adapter investigation required,,,,https://www.consulting.us/firms/occ-strategy-consultants/careers,,no_url_at_all
Corgan,Provided URL unavailable,,,,https://careers-us-corgan.icims.com/,,no_url_at_all
Corporate One Federal Credit Union,Readable — identity review pending,https://workforcenow.adp.com/mascsr/default/mdf/recruitment/recruitment.html?cid=a4d6615a-8c57-47b0-822a-4976a2f21824&ccId=19000101_000001,adp,7,https://www.corporateone.coop/about/press-room,,no_url_at_all
Corsair,Readable — identity review pending,https://edix.fa.us2.oraclecloud.com/hcmUI/CandidateExperience/en/sites/CX_1,oracle,93,https://www.corsair.com/ww/sv/s/careers,,no_url_at_all
Cosmo Appliances,Further adapter investigation required,,,,https://vendors.cosmoappliances.com/dealer-application/,,no_url_at_all
Crate & Barrel,Readable — identity review pending,https://crateandbarrel.wd1.myworkdayjobs.com/CBH,workday,571,https://jobs.crateandbarrel.com/search-jobs/work%26p%3D1,,no_url_at_all
Crossover,Further adapter investigation required,,,,https://jobs.crossover.com,,no_board_found
DCS Corp,Further adapter investigation required,,,,https://phh.tbe.taleo.net/phh04/ats/careers/v2/viewRequisition?org=DCSCORP2&cws=37&rid=8495,,needs_adapter
Dent Wizard International,Adapter validation unresolved,https://jobs.jobvite.com/support,jobvite,0,https://jobs.jobvite.com/dentwizard/job/osvPtfwZ,,no_url_at_all
Department of Social Services,Further adapter investigation required,,,,https://www.calcareers.ca.gov/CalHrPublic/Jobs/JobPosting.aspx?JobControlId=530898,,government_portal
E Tech Group,Further adapter investigation required,,,,https://etechgroup.com/job-openings/,,no_url_at_all
ENFRA,Readable — identity review pending,https://careers-enfra.icims.com/jobs/search?ss=1&in_iframe=1,icims,517,https://enfrasolutions.com/careers/intern-program,,no_url_at_all
Ensemble Health Partners,Readable — identity review pending,https://ensemblehp.wd5.myworkdayjobs.com/EnsembleHealthPartnersCareers,workday,455,https://www.ensemblehp.com/about-us/,,no_url_at_all
"Evolution Health Group, LLC",Further adapter investigation required,,,,https://careers.evolutionhealth.com/,,no_board_found
Expedition Technology,Held for identity or scope review,,,,,Original Greenhouse account belongs to Expedition Medicines.,board_guessed_unverified
FirstEnergy,Further adapter investigation required,,,,https://firstenergycorp.com/careers,,no_url_at_all
"Fossil Group, Inc.",Further adapter investigation required,,,,https://jobs.dayforcehcm.com/en-US/fossil/CANDIDATEPORTAL/jobs/6412,,needs_adapter
Gallagher,Further adapter investigation required,,,,https://click.appcast.io/t/BvnTCcRdTEUtNxRgd0ASI3JdXYqqdg384t8T1wFFW30=,,needs_adapter
General Dynamics Electric Boat,Provided URL unavailable,,,,https://careers-gd-electricboat.icims.com/,,no_url_at_all
General Dynamics NASSCO,Added and verified,https://jobs.nassco.com,successfactors,54,https://jobs.nassco.com/job/Norfolk-QA-Program-Analyst-VA-23523/1427650600/,Board registration read back from live database.,needs_adapter
Gensler,Adapter validation unresolved,https://gensler.avature.net/careersmarketplace/SearchJobs,avature,0,https://www.gensler.com/how-to-apply,,no_url_at_all
Global Payments Inc.,Public portal restricted during check,,,,https://jobs.globalpayments.com,,no_board_found
Goldbelt Professional Services,Readable — identity review pending,https://careers-goldbeltprofservices.icims.com/jobs/search?ss=1&in_iframe=1,icims,23,https://www.goldbeltproservices.com/join-us/,,no_url_at_all
Gravitee,Further adapter investigation required,,,,https://graviteetopcoltd.teamtailor.com/jobs/4919295-join-gravitee-s-talent-pool/applications/new,,no_url_at_all
GreenState Credit Union,Readable — identity review pending,https://careers-greenstate.icims.com/jobs/search?ss=1&in_iframe=1,icims,29,https://talent.greenstate.org/jobs/locations,,no_url_at_all
GuideStone Financial Resources,Readable — identity review pending,https://guidestone.wd1.myworkdayjobs.com/GuideStone,workday,12,https://www.guidestone.org/contactus,,no_url_at_all
Habitat for Humanity International,Readable — identity review pending,https://habitat.wd12.myworkdayjobs.com/External,workday,6,https://www.habitat.org/emea/about/careers,,no_url_at_all
Harris,Readable — identity review pending,https://careers.l3harris.com/en/search-jobs,radancy,2115,https://careers.l3harris.com/en/search-jobs,,board_guessed_unverified
HCA Healthcare,Public portal restricted during check,,,,https://careers.hcahealthcare.com,,no_board_found
HCLTech,Adapter validation unresolved,https://careers.hcltech.com,successfactors,0,https://careers.hcltech.com/job/Snowflake-Senior-Data-Engineer/157745-en_US,,needs_adapter
Hermès,Further adapter investigation required,,,,https://talents.hermes.com/en/sites/CX/jobs?keyword=controller&mode=job-location,,no_url_at_all
High Life LLC,Further adapter investigation required,,,,https://www.highlifehighland.com/about-us/recruitment/employee-benefits,,no_url_at_all
HiredBuddy,Further adapter investigation required,,,,https://hiredbuddy.com/signup,,no_url_at_all
Holland Partner Group,Further adapter investigation required,,,,https://holland.rec.pro.ukg.net/HOL1500HOPG/JobBoard/497f366a-b5aa-4653-a242-a518c58cf053/OpportunityDetail?opportunityId=1f862ab0-e560-49aa-a64a-c10a283dde03&postingId=a11fd62f-0f91-4c19-bdf1-b65791d94678,,needs_adapter
Houston Methodist,Readable — identity review pending,https://houstonmethodist.wd12.myworkdayjobs.com/GTI,workday,1473,https://www.houstonmethodistcareers.org/jobs/?page_jobs=50&search_term=,,no_url_at_all
HunaTek,Further adapter investigation required,,,,https://hunatek.com/services/science-engineering-services/,,no_url_at_all
Huron,Readable — identity review pending,https://huron.wd1.myworkdayjobs.com/huroncareers,workday,258,https://www.huronconsultinggroup.com/en/careers/achieve-and-grow,,no_url_at_all
Idaho National Laboratory,Readable — identity review pending,https://careers.inl.gov/hcmUI/CandidateExperience/en/sites/pro,oracle,54,https://inl.gov/careers/,,no_url_at_all
"IDR, Inc.",Further adapter investigation required,,,,https://jobs.idr-inc.com,,no_board_found
IES Communications,Adapter validation unresolved,https://careers-ies-co.icims.com/jobs/search?ss=1&in_iframe=1,icims,0,https://joinus.ies-co.com/jobs/24661/job?utm_source=indeed_integration&iis=Job%20Board&iisn=Indeed&indeed-apply-token=73a2d2b2a8d6d5c0a62696875eaebd669103652d3f0c2cd5445d3e66b1592b0f,PartialScrapeError: iCIMS results or explicit empty state is absent,needs_adapter
IHA,Further adapter investigation required,,,,https://ihaonline.org/page-category/about-iha/,,no_url_at_all
Intermountain Centers,Further adapter investigation required,,,,https://jobs.dayforcehcm.com/en-US/intermountain/INTERMOUNTAINCENTERS/jobs/37970,,needs_adapter
Intuitive (Intuitive Surgical),Already configured,https://jobs.smartrecruiters.com/Intuitive,smartrecruiters,726,https://careers.intuitive.com/en/jobs/744000150226319/JOB219191/sr-system-analyst/,Board registration read back from live database.,needs_adapter
Islamic Relief USA,Adapter validation unresolved,https://app.trinethire.com/companies/23804-islamic-development-empowerm/jobs,trinethire,0,https://app.trinethire.com/companies/23804-islamic-relief-usa/jobs/124430-regional-us-program-coordinator-il?source=indeed,HTTPError: 404 Client Error: Not Found for url: https://app.trinethire.com/companies/23804-islamic-development-empowerm/jobs,board_resolved_but_unused
Jobgether,Blocked — unchanged,,,,,Explicit live admin blocklist; skipped.,blocklisted
Joblet-AI,Further adapter investigation required,,,,https://joblet.ai/grok-connector,,no_url_at_all
KAYAK,Readable — identity review pending,https://job-boards.greenhouse.io/kayak,greenhouse,1,https://job-boards.greenhouse.io/kayak,,board_guessed_unverified
KBR Careers,Further adapter investigation required,,,,https://www.kbr.com/en/employment,,no_url_at_all
Knowesis Inc.,Further adapter investigation required,,,,https://secure7.saashr.com/ta/6196068.careers?ShowJob=638002656,,needs_adapter
KTek Resourcing,Readable — identity review pending,https://jobs.smartrecruiters.com/KtekResourcingLLC,smartrecruiters,34,https://jobs.smartrecruiters.com/KtekResourcingLLC/83699111-sr-unix-admin,,no_url_at_all
LA28 Olympic & Paralympic Games,Further adapter investigation required,,,,https://www.paralympic.org/news/role-lifetime-la28-volunteer-application,,no_url_at_all
Lawrence Livermore National Laboratory,Added and verified,https://jobs.smartrecruiters.com/LLNL,smartrecruiters,157,https://www.llnl.gov/join-our-team/careers/find-your-job/all/all/3743990015354096,Board registration read back from live database.,needs_adapter
LBYD Engineers,Readable — identity review pending,https://north-wind-group.breezy.hr,breezy,70,https://northwindgrp.com/lbyd-engineers/,,no_url_at_all
Leviton,Already configured,,,,,,board_guessed_unverified
LG Ad Solutions,Readable — identity review pending,https://jobs.ashbyhq.com/lgads,ashby,18,https://lgads.tv/careers/,,no_url_at_all
LG Electronics North America,Further adapter investigation required,,,,https://lge-careers.com/individual-business-units/,,no_url_at_all
Lids,Further adapter investigation required,,,,https://secure5.saashr.com/ta/Lids.careers?ShowJob=537228363,,needs_adapter
LINQ,Readable — identity review pending,https://job-boards.greenhouse.io/emslinqinc,greenhouse,8,https://www.linq.com/about-linq/careers/,,no_url_at_all
LONG Building Technologies,Public portal restricted during check,,,,https://longbuildingtechcareers.ttcportals.com/jobs/18122779-junior-project-manager?tm_job=240279&tm_event=view&tm_company=13849,,needs_adapter
Lumion,Public portal restricted during check,,,,https://www.lumion.hk/about/careers.html,,no_url_at_all
Luxury Bath,Further adapter investigation required,,,,https://www.luxurybathcfl.com/careers/call-center-representative,,no_url_at_all
LVI Associates,Further adapter investigation required,,,,https://www.lviassociates.com/en-us/contact-us,,no_url_at_all
MAG Aerospace,Readable — identity review pending,https://careers-magaero.icims.com/jobs/search?ss=1&in_iframe=1,icims,79,https://www.magaero.com/careers-vet-mil/,,no_url_at_all
Magnit Global,Further adapter investigation required,,,,https://jobs.dayforcehcm.com/en-US/prounlimited/CANDIDATEPORTAL/jobs/7404,,needs_adapter
Martin Marietta,Adapter validation unresolved,https://jobs.jobvite.com/martinmarietta,jobvite,0,https://app.jobvite.com/CompanyJobs/Job.aspx?j=oHUMAfwH&s=Indeed,,needs_adapter
Maverick Tech,Further adapter investigation required,,,,https://mavericktechus.com/job-details?id=ad7707e8-0479-4e44-ad74-1cff685117fd,,needs_adapter
MBTA,Readable — identity review pending,https://recruiting.ultipro.com/KEO1000KCS/JobBoard/1e6b743f-ed4b-4dd4-9c03-44d18e048af1,ultipro,104,https://www.dejavu.org/cgi-bin/get.cgi?url=https%3A%2F%2Fwww.mbta.com%2F%2Fcareers&ver=93,,no_url_at_all
Medical Mutual,Further adapter investigation required,,,,https://medical.hire.trakstar.com/,,no_url_at_all
Merck KGaA,Added and verified,https://careers.emdgroup.com,phenom,871,https://careers.emdgroup.com/us/en/job/MQAEGZUS303781EXTERNALENUS/Megasys-Project-Coordinator?utm_source=indeed&utm_medium=phenom-feeds,Board registration read back from live database.,needs_adapter
MetroPlusHealth,Further adapter investigation required,,,,https://www.metroplusjobs.org/jobs/us-ny-new-york/?page_jobs=2,,no_url_at_all
Metropolitan Transportation Authority,Public portal restricted during check,,,,https://careers.mta.org/jobs/18126721-associate-project-manager-iii,,needs_adapter
Michigan State University College of Engineering,Added and verified,https://careers.pageuppeople.com/782/cw/en-us/listing/,pageup,466,https://careers.msu.edu/,Board registration read back from live database.,no_board_found
MJH Life Sciences®,Public portal restricted during check,,,,https://www.mjhlifesciences.com/,,no_url_at_all
"Modern Technology Solutions, Inc. (MTSI)",Readable — identity review pending,https://talent.mtsi-va.com/careers?domain=mtsi-va.com,eightfold,398,https://talent.mtsi-va.com/careers?pid=1133914715442&sort_by=hot&start=0,,no_url_at_all
Modus Closing,Readable — identity review pending,https://job-boards.greenhouse.io/urbancompass,greenhouse,236,https://www.compass.com/careers?gh_jid=8212400&gh_board=urbancompass,,needs_adapter
Mojang Studios,Further adapter investigation required,,,,https://www.minecraft.net/es-mx/mojang-careers,,no_url_at_all
MTSI,Added and verified,https://talent.mtsi-va.com/careers?domain=mtsi-va.com,eightfold,398,https://talent.mtsi-va.com/careers/job/1133915894886?domain=mtsi-va.com,Board registration read back from live database.,needs_adapter
Murphy USA,Further adapter investigation required,,,,https://murphyusa.com/murphyusa/job-opportunities,,no_url_at_all
NAVAIR,Further adapter investigation required,,,,https://navair.yellogov.com/jobs/EOLjPmyOOfxFm9t3IqpzPw?job_board_id=mdxt8VG0qqvc7z8xHhZztg,,government_portal
Naval Air Warfare Center Training Systems Division (NAWCTSD),Search leads saved — validation pending,,,,https://www.navair.navy.mil/nawctsd/node/526,Search results are unverified leads; no board added.,no_url_at_all
Nicklaus Children's Health System,Readable — identity review pending,https://careers.nicklaushealth.org/location/united-states-jobs/35304/6252001/2,radancy,265,https://careers.nicklaushealth.org/location/united-states-jobs/35304/6252001/2,,no_url_at_all
Nominal,Further adapter investigation required,,,,https://nominal.so/company/careers/,,no_url_at_all
NTT DATA North America,Further adapter investigation required,,,,https://nttdata.dejobs.org/locations/oviedo-esp/job-titles/application-services/jobs/,,no_url_at_all
NVIDIA AI,Readable — identity review pending,https://nvidia.wd5.myworkdayjobs.com/NVIDIAExternalCareerSite,workday,1335,https://jobs.nvidia.com/careers/job/893397390430?domain=nvidia.com&hl=en,,no_url_at_all
Ogilvy New York,Readable — identity review pending,https://job-boards.greenhouse.io/ogilvyhealthusa,greenhouse,17,https://job-boards.greenhouse.io/ogilvyhealthusa?error=true,,no_url_at_all
Outscale,Further adapter investigation required,,,,https://www.3ds.com/careers/jobs/cloud-engineer-f-h-546874,,needs_adapter
Pacific Office Automation,Further adapter investigation required,,,,https://pacificoffice.hrmdirect.com/employment/index.php?cust_sort1=260569,,no_url_at_all
PCI Professional Services LLC,Further adapter investigation required,,,,https://recruitingbypaycor.com/career/JobIntroduction.action?id=8a7887aca03fc2d201a05e4a86722fdd&source=Indeed+Free,,needs_adapter
"Penn Medicine, University of Pennsylvania Health System",University follow-up required,,,,https://www.pennmedicine.org/careers,"Officialsource retrieved, but no fully validated supported board behind it during this audit.",no_board_found
"Pieper Electric, Inc.",Further adapter investigation required,,,,https://recruiting.adp.com/srccsh/public/RTI.home?r=5001223884006&c=2212339&d=PieperElectricCareers&rb=INDEED&idUnique=5001223884006,,no_board_found
PlayCore,Further adapter investigation required,,,,https://www.playcore.ai/,,no_url_at_all
Point32Health,Readable — identity review pending,https://point32health.wd5.myworkdayjobs.com/THP,workday,42,https://www.point32health.org/careers/join-our-team,,no_url_at_all
Pottery Barn,Public portal restricted during check,,,,https://www.potterybarnkids.com/pages/employment/,,no_url_at_all
"Precise Systems, Inc.",Further adapter investigation required,,,,https://jobs.silkroad.com/Precise/ProfessionalCareers/jobs/5010/?source=Indeed.com,,needs_adapter
Prescient Edge,Further adapter investigation required,,,,https://prescientedge.com/contact-us/,,no_url_at_all
Prince William County Public Schools,Further adapter investigation required,,,,https://www.pwcs.edu/careers/index,,no_url_at_all
Printfresh,Readable — identity review pending,https://apply.workable.com/printfresh,workable,9,https://printfresh.com/pages/careers,,no_url_at_all
Propelled Brands,Public portal restricted during check,,,,https://www.propelledbrands.com/site-map/,,no_url_at_all
Qcells North America,Further adapter investigation required,,,,https://us.qcells.com/careers-at-qcells/,,no_url_at_all
Quirk's Media,Provided URL unavailable,,,,https://www.quirks.com/jobs/business-development-manager-job-vacancy-usa-requirements-qbis-inc-careers-quickbooks-integrations,,no_url_at_all
RaceTrac,Fetch failed during check,,,,https://careers.racetrac.com,ValueError: response exceeds 5242880 bytes,no_board_found
rag & bone,Readable — identity review pending,https://ragbone.applytojob.com/apply,jazzhr,110,https://ragbone.applytojob.com/apply,,no_url_at_all
Rangam,Further adapter investigation required,,,,https://careers.rangam.com,,no_board_found
Raymond James,Public portal restricted during check,,,,https://www.raymondjames.com/careers/why-raymond-james,,no_url_at_all
RealREPP,Further adapter investigation required,,,,https://www.realrepp.com/job-search,,no_url_at_all
Redhorse Corporation,Readable — identity review pending,https://jobs.lever.co/redhorsecorp,lever,65,https://redhorsecorp.com/hot-jobs/,,no_url_at_all
Regency Centers,Further adapter investigation required,,,,https://jobs.dayforcehcm.com/en-US/regency/CANDIDATEPORTAL/jobs/3138,,needs_adapter
Respawn Entertainment,Further adapter investigation required,,,,https://www.respawn.com/,,no_url_at_all
Ria Money Transfer,Public portal restricted during check,,,,https://careers.riamoneytransfer.com/,,no_board_found
Ring,Further adapter investigation required,,,,https://www.ring-group.com/en/jobs,,no_url_at_all
River Hawk Consulting,Further adapter investigation required,,,,https://riverhawkconsultingllc.com/team/,,no_url_at_all
Rockstar,Further adapter investigation required,,,,https://www.rockstargames.com/kr/careers/openings/?department=Online+Services,,no_url_at_all
Roush,Already configured,,,,,,board_guessed_unverified
Royal Credit Union,Further adapter investigation required,,,,https://jobs.dayforcehcm.com/en-US/rcu/CANDIDATEPORTAL/jobs/20836,,needs_adapter
RSI,Further adapter investigation required,,,,https://rsienv.applicantstack.com/x/detail/a2m9pbjj4avi/aaac,,needs_adapter
Savills North America,Further adapter investigation required,,,,https://hello.savills.us/,,no_url_at_all
Sawdey Solution Services,Further adapter investigation required,,,,https://sawdeysolutionservices.com/were-hiring/,,no_url_at_all
Scan Global Logistics,Further adapter investigation required,,,,https://www.scangl.com/en-us/,,no_url_at_all
Schneider,Further adapter investigation required,,,,https://www.click2apply.net/1g8b2aFAX8PbMHP4LTY1jY,,needs_adapter
Seacrest Behavioral Health,Further adapter investigation required,,,,https://seacrestrecoverycenters.com/meet-our-team/,,no_url_at_all
"Sechan Electronics, Inc.",Further adapter investigation required,,,,https://www.sechan.com/location.php,,no_url_at_all
Securian Financial,Readable — identity review pending,https://hq.wd12.myworkdayjobs.com/Securian_External,workday,33,https://www.securian.com/about-us/careers/working-at-securian.html,,no_url_at_all
Semper Valens Solutions,Added and verified,https://sempervalens.isolvedhire.com/jobs/,applicantpro,79,https://sempervalens.isolvedhire.com/jobs/1854160-353358.html,Board registration read back from live database.,needs_adapter
Siemens EDA (Siemens Digital Industries Software),Search leads saved — validation pending,,,,https://www.linkedin.com/company/siemens-eda,Search results are unverified leads; no board added.,no_url_at_all
Sleeper,Added and verified,https://jobs.ashbyhq.com/sleeper,ashby,17,https://sleeper.com/,Board registration read back from live database.,board_guessed_unverified
SSOE Group,Readable — identity review pending,https://careers-ssoe.icims.com/jobs/search?ss=1&in_iframe=1,icims,139,https://www.ssoe.com/careers/students-and-early-career-professionals/,,no_url_at_all
State Bar of California,Readable — identity review pending,https://egsd.fa.us2.oraclecloud.com/hcmUI/CandidateExperience/en/sites/CX,oracle,11,https://www.calbar.ca.gov/about-us/careers/make-difference,,no_url_at_all
State of Arkansas,Readable — identity review pending,https://arcareers.arkansas.gov,successfactors,299,https://arcareers.arkansas.gov/viewalljobs/,,no_url_at_all
State of Colorado,Readable — identity review pending,https://www.governmentjobs.com/careers/colorado,schooljobs,564,https://www.governmentjobs.com/careers/colorado?sort=Salary%7CAscending,,no_url_at_all
State of Delaware,Further adapter investigation required,,,,https://www.jobapscloud.com/DE/sup/bulpreview.asp?b=&R1=091126&R2=MUAH04&R3=130100,,government_portal
State of Maryland,Readable — identity review pending,https://www.governmentjobs.com/careers/mdotmd,schooljobs,80,https://www.jobapscloud.com/MD/default.asp,,no_url_at_all
State of Missouri,Further adapter investigation required,,,,https://hiretrue-prod.com/hiretrue/ce3/job-board/5effe9b2-4b89-494b-ac76-c45e25190768/0a23f03c-0080-4fa9-a72f-80f8ac477d35?source=Indeed,,needs_adapter
State of Ohio,Further adapter investigation required,,,,https://dasstateoh.taleo.net/careersection/oh_ext/jobdetail.ftl?job=260006SE&tz=GMT-05%3A00&tzname=America%2FChicago,,needs_adapter
"Sterling Process Equipment & Services, Inc.",Provided URL unavailable,,,,https://ht-jobs.net/g8mrzjo?s=inp,,needs_adapter
"Super Micro Computer Spain, S.L.",Search leads saved — validation pending,,,,https://www.linkedin.com/company/super-micro-computer-spain-s-l-/,Search results are unverified leads; no board added.,no_url_at_all
Synchrony,Provided URL unavailable,,,,https://www.synchronycareers.com/job/stamford/project-coordinator/49398/100102902144,,needs_adapter
Systems Engineering Solutions Corporation,Held for identity or scope review,,,,,Official Systems Engineering Solutions careers page embeds Workable numeric account54415; numeric-to-slug mapping was not verified before wrap-up.,needs_adapter
"Tailored Brands, Inc.",Further adapter investigation required,,,,https://careers.tailoredbrands.com,,no_board_found
Talent Groups,Further adapter investigation required,,,,https://www.talentgroups.com/career-solutions,,no_url_at_all
TechOp Solutions,Held for identity or scope review,,,,,Official TechOp careers page returned HTTP465 Access Denied; Workable tenant link unconfirmed.,needs_adapter
Tenet3®,Held for identity or scope review,,,,,Official Tenet3 careers page returned HTTP403; Greenhouse slug linkage not independently saved.,board_guessed_unverified
Texas Tech University Health Sciences Center,University follow-up required,,,,https://www.ttuhsc.edu/human-resources/employment/,"Official BrassRing partner25898 site5283 staff,5281faculty,5284internal. Requires BrassRing public adapter; internal endpoint excluded.",needs_adapter
"The Connection, Inc.",Fetch failed during check,,,,https://careers.the-connection.com,"ConnectTimeout: HTTPSConnectionPool(host='careers.the-connection.com', port=443): Max retries exceeded with url: / (Caused by ConnectTimeoutError(<HTTPSConnection(host='careers.the-connection.com', port=443) at 0x20f",no_board_found
The Contractor Consultants,Further adapter investigation required,,,,https://thecontractorconsultants.com/organic-yt,,no_url_at_all
The Exchange,Further adapter investigation required,,,,https://www.applymyexchange.com/corporate/,,no_url_at_all
The Foth Companies,Held for identity or scope review,,,,,Official Foth careers page returned HTTP403; Lever tenant link unconfirmed.,board_guessed_unverified
The Henry M. Jackson Foundation for the Advancement of Military Medicine,Search leads saved — validation pending,,,,https://does.pflbas.dc.gov/vosnet/jobbanks/jobdetails.aspx?enc=9B8%2FuT7EfbEIDLIMZ8rho7lgjcz5GhrB+qzMCateevCtKcKJt2q4qJWNzvBjsQSKQD%2F55Ojnlx3W6YiI9Jz8YvvBh4NuwzO4MxsV5CTlGa50NbVznY6pz3XgyeAQxHPPinovXv8gaIJ%2FeElgcP87F+tjJ04KDDK5h9ofydFk3lq7MpNfmHVhH7R5rnVf3QwHuX7cnJm98Z4gW5MjdDduMjy1QGusPXk6AlonCt6qrzTsKctNBC6q4EqA32xjWpbe7aN5SQTMNvgFU8INM%2FTcadj51cUmRi84Cl3rFF53ewm4pMqE52GFELoKEVovtSWL92mRJq8U0fhzd3NkSHgru5b%2Ff0CTgRGw+lovBsAxItXv37P0B68ouiEwdB2IDiZwv8PIoJN3tWjLjPwsPpvbNDsvmhbqpDcWp2%2FYjUssN+5NqiIK7vReyRc1%2FvvQ3zIYUI6CCARt%2FJ6vL7NlgXAKhgTEpQAuWELsRd%2F5dO0rXNd6BCHFW8ok+qnGxWPC2bEJcgykjA2X90ibIIA6RppHogmP9I90rKdSumq8obO2ngyzVhXxM4uOZoAqE5IRCE%2FSy4R8IMJpIIvse4ZGyddlvNtgBM0Nw2b%2FkN30+oc1LmboviSAGTHA4uwfmg32sXSbvPeWD2Ox1aUNmu6hL+AVS0VKX0oTjzhMxIzOTEbonwG7WpnFS49t3WTFfzBKiwJM,Search results are unverified leads; no board added.,no_url_at_all
"The Marlin Alliance, Inc.",Further adapter investigation required,,,,https://themarlinalliance.hrmdirect.com/employment/view.php?req=3805471&jbsrc=1014&location=51f5d819-ab31-4447-a9db-aa2b6da26d41,,needs_adapter
The Marzetti Company,Further adapter investigation required,,,,https://www.marzetticompany.com/contact/,,no_url_at_all
The North Face,Provided URL unavailable,,,,https://careers.thenorthface.eu/fr/openings/?brands=THE+NORTH+FACE&categories=CORPORATE%2CRETAIL+STORE&countries=Spain&functions=Customer+Service%2FSupport%2CFinance%2CInformation+Technology%2CMarketing%2CRetail%2CSales&positionTypes=FULL+TIME%2CPART+TIME,,no_url_at_all
The University of Kansas Health System,Added and verified,https://kansashealthsystem.wd1.myworkdayjobs.com/careers,workday,1035,https://jobs.kansashealthsystem.com/,Board registration read back from live database.,no_url_at_all
The University of Michigan,Added and verified,https://careers.umich.edu/search-jobs?position=All,umich,763,https://careers.umich.edu/search-jobs?position=All,Board registration read back from live database.,needs_adapter
The Walt Disney Company,Public portal restricted during check,,,,https://careers.thewaltdisney.com,,no_board_found
"Three Saints Bay, LLC",Further adapter investigation required,,,,https://phg.tbe.taleo.net/phg01/ats/careers/v2/viewRequisition?org=GATEWAYVENT&cws=55&rid=6061,,needs_adapter
THS National,Provided URL unavailable,,,,https://www.thsnational.com/resources/,,no_url_at_all
Torentify,Provided URL unavailable,,,,https://careers.torentify.com,,no_board_found
Toyota North America,Readable — identity review pending,https://toyota.wd503.myworkdayjobs.com/TMNA,workday,114,https://careers.toyota.com/us/en/toyota-nc-operations-program,,no_url_at_all
Trinity Health MI,Public portal restricted during check,,,,https://jobs.aapc.com/company/73925/trinity-health-mi/,,no_url_at_all
True Anomaly,Provided URL unavailable,,,,https://trueanomaly.com/careers,,no_url_at_all
U.S. Customs and Border Protection,Further adapter investigation required,,,,https://www.usajobs.gov/job/884404200,,government_portal
U.S. House of Representatives,Further adapter investigation required,,,,https://house.csodfed.com/ux/ats/careersite/1/home/requisition/5595?c=house,,government_portal
UC Irvine,Public portal restricted during check,,,,https://careersucirvine.ttcportals.com/pages/jobs-by-location,,no_url_at_all
UC San Diego,Further adapter investigation required,,,,https://employment.ucsd.edu/uc-san-diego-careers,,no_url_at_all
UC San Diego Health,Further adapter investigation required,,,,https://employment.ucsd.edu/research-data-analyst-1-hybrid-141444/job/8425C8822FBBAFA502AEB6A2670DD736,,needs_adapter
UES,Further adapter investigation required,,,,https://www.uesint.com/ues-careers/,,no_url_at_all
UICGS / Bowhead Family of Companies,Search leads saved — validation pending,,,,https://www.linkedin.com/company/bowheadfamilyofcompanies/jobs,Search results are unverified leads; no board added.,no_url_at_all
UnitedHealth Group,Readable — identity review pending,https://careers.unitedhealthgroup.com/search-jobs?acm=ALL&alrpm=ALL&ascf=%5B%7B%22key%22%3A%22custom_fields.WorkSetting%22%2C%22value%22%3A%22Remote+-+Linked+to+Site%22%7D%2C%7B%22key%22%3A%22custom_fields.WorkSetting%22%2C%22value%22%3A%22Remote+-+Multi+State%22%7D%2C%7B%22key%22%3A%22custom_fields.WorkSetting%22%2C%22value%22%3A%22Remote+-+Specific+state+%28Contractually+Required%29%22%7D%2C%7B%22key%22%3A%22custom_fields.WorkSetting%22%2C%22value%22%3A%22Remote+%28Nationwide%29%22%7D%2C%7B%22key%22%3A%22custom_fields.WorkSetting%22%2C%22value%22%3A%22Remote%22%7D%5D,radancy,5590,https://uhg.taleo.net/careersection/10000/jobdetail.ftl?job=2383533&lang=en,,needs_adapter
University of Colorado,Added and verified,https://cu.taleo.net/careersection/2/jobsearch.ftl,taleo,685,https://www.cu.edu/cu-careers,Board registration read back from live database.,no_board_found
US Defense Information Systems Agency,Further adapter investigation required,,,,https://www.usajobs.gov:443/job/884803300,,government_portal
US Naval Sea Systems Command,Further adapter investigation required,,,,https://www.usajobs.gov:443/job/885005200,,government_portal
USDA FSA,Further adapter investigation required,,,,https://www.fsa.usda.gov/fsa-office-locator,,no_url_at_all
UTHealth Houston,Further adapter investigation required,,,,https://uth.referrals.selectminds.com/,,no_url_at_all
V4C.ai,Readable — identity review pending,https://apply.workable.com/v4c,workable,8,https://www.v4c.ai/about-us,,no_url_at_all
VaaridaTech,Further adapter investigation required,,,,https://www.vaaridatech.com/contact.html,,no_url_at_all
Vatica Health,Held for identity or scope review,,,,,Official Vatica careers page returned HTTP403; Workable tenant link unconfirmed.,needs_adapter
Veeva Crossix,Readable — identity review pending,https://jobs.lever.co/veeva,lever,918,https://careers.veeva.com/job/b9c2e15e-bb0a-4a6b-bc61-075729a60bf9/go/,,no_url_at_all
"Vision Technologies, Inc",Further adapter investigation required,,,,https://vision-technologies.app.loxo.co/job/NDQ3NzYtanRxNGdicGx5dWxwcTd2Nw==?source_type=indeed&t=1789412498,,needs_adapter
Voltava,Further adapter investigation required,,,,https://jobs.dayforcehcm.com/en-US/androidind/AVANCEZ/jobs/25255,,needs_adapter
VT Group (VTG),Search leads saved — validation pending,,,,https://www.linkedin.com/posts/vtgdefense_careeropportunities-hiring-jobopportunities-activity-6516721730361315328-CV6g,Search results are unverified leads; no board added.,no_url_at_all
Walgreens,Held for identity or scope review,,,,,Incomplete saved crawl: audit says complete for 2400 rows but current Walgreens official search advertises roughly 23128 jobs. Hold for validated full crawl.,no_board_found
Walmart Data Ventures,Further adapter investigation required,,,,https://careers.walmart.com/us/jobs/WD2187396-product-manager-iii-walmart-data-ventures,,no_url_at_all
Wesco,Further adapter investigation required,,,,https://wescoworks.com/careers/,,no_url_at_all
Westchester Medical Center Health Network,Further adapter investigation required,,,,https://wmchealthjobs.org/?jobs=program-coordinator-12461,,needs_adapter
William & Mary,Readable — identity review pending,https://williammary.wd12.myworkdayjobs.com/WM,workday,108,https://www.jobs.virginia.gov/jobs/aiddata-associate-program-manager-ltl-williamsburg-virginia-united-states,,government_portal
Zachry Group,Further adapter investigation required,,,,https://careers.zachrygroup.com/,,no_board_found
12th Street Catering,Further adapter investigation required,,,,https://www.12stcatering.com/contact/full-service-event-catering,,no_url_at_all
2HB Incorporated,Provided URL unavailable,,,,https://2hb.catsone.com/careers/64727-General/jobs/16849670-Jr-Software-Engineer/?ref=Indeed,,needs_adapter
522 Productions,Further adapter investigation required,,,,https://www.522productions.com/522-productions-launches-new-website/,,no_url_at_all
7Th Sky Tech,Search leads saved — validation pending,,,,https://www.linkedin.com/jobs/view/android-developer-at-7th-sky-tech-4467765767,Search results are unverified leads; no board added.,no_url_at_all
8Fleet,Readable — identity review pending,https://jobs.ashbyhq.com/8fleet-inc,ashby,18,https://www.eightfleet.com/careers,,no_url_at_all
A Hiring Company,Further adapter investigation required,,,,https://thinkeventplanningjobs.com/companies/a-hiring-company,,no_url_at_all
A.L.C.,Further adapter investigation required,,,,https://alcltd.com/pages/a-l-c-for-you,,no_url_at_all
A.M. Property Holding II Corp.,Public portal restricted during check,,,,https://www.tradesmenup.com/companies/a-m-property-holding-ii-corp-6997206,,no_url_at_all
A.P. Moller - Maersk,Further adapter investigation required,,,,https://www.maersk.com/careers/work-with-us/professional-development,,no_url_at_all
A3 Consulting,Further adapter investigation required,,,,https://www.a3consultingllc.com/careers/?gnk=job&gni=8a78859e9fd3bb2501a0209da8f706fe&gns=Indeed+Free,,needs_adapter
AAA Landscape,Further adapter investigation required,,,,https://jobs.ourcareerpages.com/job/1005924?source=Indeed,,needs_adapter
AAMVA (American Association of Motor Vehicle Administrators),Readable — identity review pending,https://workforcenow.adp.com/mascsr/default/mdf/recruitment/recruitment.html?cid=7f5baef3-9cee-4681-85f2-7d738f673786&ccId=19000101_000001,adp,8,https://www.aamva.org/about/careers,,no_url_at_all
Abacus Intel,Further adapter investigation required,,,,https://abacusgm.com/intel/,,no_url_at_all
Abercrombie & Fitch Co.,Readable — identity review pending,https://jobs.smartrecruiters.com/AbercrombieAndFitchCo,smartrecruiters,8,https://careers.smartrecruiters.com/AbercrombieAndFitchCo?search=hollister,,no_url_at_all
Abode Energy Management,Readable — identity review pending,https://abodeenergymanagement.applytojob.com/apply,jazzhr,3,https://abodeenergymanagement.applytojob.com/apply/sUirKQHuNG/Program-Manager-Decarbonization-Services,,no_url_at_all
ABRO INDUSTRIES,Further adapter investigation required,,,,https://abro-industries-inc.careerplug.com/j/034rmzr,,needs_adapter
ABT Insurance,Provided URL unavailable,,,,https://app.idealtraits.com/career/ABT-Insurance/367800INS,,needs_adapter
ACA Group,Readable — identity review pending,https://careers.acaglobal.com,successfactors,6,https://careers.acaglobal.com/,,no_url_at_all
"Access Granted Now, L.L.C.",Public portal restricted during check,,,,https://florida.intercreditreport.com/company/access-granted-now-l-l-c-l17000173829,,no_url_at_all
Activ8 Recruitment & Solutions,Search leads saved — validation pending,,,,https://www.linkedin.com/company/activ8-recruitment-%26-solutions,Search results are unverified leads; no board added.,staffing_firm
Ad Hoc,Further adapter investigation required,,,,https://adhoc.hrmdirect.com/employment/view.php?req=3819762&jbsrc=1014&location=bc1acfec-c28f-cdf1-a8d1-99e26fc5456c,,needs_adapter
Adacel,Further adapter investigation required,,,,https://www.adacel.com/about,,no_url_at_all
"Adams Communication & Engineering Technology (ACET, Inc.)",Search leads saved — validation pending,,,,https://www.linkedin.com/company/adams-communication-engineering-technology-acet-inc-,Search results are unverified leads; no board added.,no_url_at_all
Adaptive Security,Readable — identity review pending,https://jobs.ashbyhq.com/adaptivesecurity,ashby,12,https://jobs.ashbyhq.com/adaptivesecurity,,board_guessed_unverified
ADDMAN,Further adapter investigation required,,,,https://www.addmangroup.com/careers/,,no_url_at_all
ADEPT Force Group Incorporated,Readable — identity review pending,https://workforcenow.adp.com/mascsr/default/mdf/recruitment/recruitment.html?cid=745ce713-f516-4832-ae76-2c8c493c78cc&ccId=19000101_000001,adp,2,https://workforcenow.adp.com/mascsr/default/mdf/recruitment/recruitment.html?cid=745ce713-f516-4832-ae76-2c8c493c78cc&ccId=19000101_000001&jobId=678638&source=IN&lang=en_US,,board_resolved_but_unused
ADMA BioCenters,Further adapter investigation required,,,,https://www.admabiologics.com/about/what-we-do,,no_url_at_all
ADP WFN RECRUITMENT TEST COMPANY,Search leads saved — validation pending,,,,https://www.linkedin.com/jobs/adp-wfn-recruitment-test-company-jobs,Search results are unverified leads; no board added.,staffing_firm
adroitts,Further adapter investigation required,,,,https://adroitts.com/about,,no_url_at_all
AdventHealth Corporate,Readable — identity review pending,https://adventhealth.wd12.myworkdayjobs.com/AH_External_Career_Site,workday,2607,https://AdventHealth.contacthr.com/153314964,,needs_adapter
AECOM Hunt,Readable — identity review pending,https://jobs.smartrecruiters.com/AECOM2,smartrecruiters,1000,https://jobs.smartrecruiters.com/AECOM2/744000122122397-construction-project-engineer-mep-aecom-hunt,,no_url_at_all
AGMI Insurance,Further adapter investigation required,,,,https://www.agmiinsurance.com/Producers/Locator,,no_url_at_all
Air Force Civilian Service,Public portal restricted during check,,,,https://uat.afciviliancareers.com/,,no_url_at_all
Airbus,Further adapter investigation required,,,,https://www.airbus.com/en/careers/students-and-graduates/graduates/aggp,,no_url_at_all
Airbus Aircraft,Further adapter investigation required,,,,https://www.airbus.com/en/careers/students-and-graduates/apprentices/apprenticeships-in-the-united-kingdom,,no_url_at_all
AirLife,Readable — identity review pending,https://workforcenow.adp.com/mascsr/default/mdf/recruitment/recruitment.html?cid=22c9fe60-f597-453e-a2b6-654f2ae59c71&ccId=19000101_000001,adp,22,https://myairlife.com/careers/,,no_url_at_all
Aivanta Tech Inc,Further adapter investigation required,,,,https://aivantainc.com/about.html,,no_url_at_all
AKS Engineering & Forestry,Readable — identity review pending,https://job-boards.greenhouse.io/aksengineeringforestryllc,greenhouse,82,https://job-boards.greenhouse.io/aksengineeringforestryllc?error=true,,no_url_at_all
Alamo Colleges District,Added and verified,https://alamo.csod.com/ux/ats/careersite/2/home,cornerstone,33,https://alamo.csod.com/ats/careersite/search.aspx?site=2&c=alamo,Board registration read back from live database.,no_url_at_all
Albert Bow,Further adapter investigation required,,,,https://app.loxo.co/albert-bow,,no_url_at_all
Alden Scientific,Further adapter investigation required,,,,https://www.aldenscientific.com/careers,,no_url_at_all
Aldevra,Further adapter investigation required,,,,https://www.aldevra.com/careers,,no_url_at_all
Alexis Bittar,Further adapter investigation required,,,,https://www.alexisbittar.com/pages/careers,,no_url_at_all
Alice L. Walton School of Medicine,University follow-up required,,,,https://www.alwmedschool.org/about/careers,Official link targets shared Art_and_Wellness Workday tenant with primaryLocations filter. Whole tenant would misattribute other institutions; no unfiltered adoption.,no_url_at_all
"All Native Group, The Federal Services Division of Ho-Chunk Inc.",Adapter validation unresolved,https://hub-hochunk.icims.com/jobs/search?ss=1&in_iframe=1,icims,0,https://www.hochunkinc.com/2026-intern-session-federal-contracting-industry-discussion-with-all-native-group-ceo-heath-rist/,PartialScrapeError: iCIMS posting identity is invalid,no_url_at_all
All To Door,Further adapter investigation required,,,,https://www.glassdoor.ca/Overview/Working-at-All-To-Door-EI_IE9771231.11%2C22.htm,,no_url_at_all
Allianz Life,Further adapter investigation required,,,,https://www.allianzlife.com/why-allianz/culture,,no_url_at_all
Allied Universal,Provided URL unavailable,,,,https://apply-v41.jobsync.io/indeed/r-app/14cba24e2f4257bba8668e480a9aba22095351642774e4fb786fb01b/,,needs_adapter
Allways Precision,Further adapter investigation required,,,,https://100hires.com/j/y9e4k2n,,needs_adapter
ALPFA Baltimore Chapter,Public portal restricted during check,,,,https://ngohiring.com/job/associate-director-director-2/,,no_url_at_all
Alpha Gamma Delta,Further adapter investigation required,,,,https://alpha-gam-inc.prismhr-hire.com/,,no_url_at_all
Alpha Omega,Further adapter investigation required,,,,https://www.alpha-omegainc.com/careers,,no_url_at_all
AlphaX RE Capital,Provided URL unavailable,,,,https://www.alphax-capital.com/careers,,no_url_at_all
Alpine Bank,Readable — identity review pending,https://recruiting.ultipro.com/ALP1008ALBK/JobBoard/64996357-9c1f-4eef-9347-6c4d56f64253,ultipro,32,https://www.alpinebank.com/about-us/who-we-are/careers.html,,no_url_at_all
AM Mechanical,Readable — identity review pending,https://job-boards.greenhouse.io/am-mech,greenhouse,7,https://job-boards.greenhouse.io/am-mech/jobs/4379379009,,no_url_at_all
AM Titan,Further adapter investigation required,,,,https://amtitan.com/careers-1,,no_url_at_all
Amazon Science,Further adapter investigation required,,,,https://www.amazon.science/working-at-amazon/?p=3,,no_url_at_all
Ambient,Further adapter investigation required,,,,https://ambienthai.com/careers.html,,no_url_at_all
American Accounting Association,Further adapter investigation required,,,,https://aaahq.org/FAQs,,no_url_at_all
American Bath Group,Further adapter investigation required,,,,https://careers.americanbathgroup.com,,no_board_found
American Bureau of Shipping (ABS),Search leads saved — validation pending,,,,https://www.linkedin.com/company/american-bureau-of-shipping/jobs,Search results are unverified leads; no board added.,no_url_at_all
American Exchange Group,Further adapter investigation required,,,,https://www.axnygroup.com/team,,no_url_at_all
American Fire Protection Group,Further adapter investigation required,,,,https://apigroup.talenthub.jobs/en/jobs/service-project-coordinator-en-p1-6661579-1,,needs_adapter
Americare Senior Living,Further adapter investigation required,,,,https://americarecareers.net/contact/,,no_url_at_all
AmeriCorps,Fetch failed during check,,,,https://my.americorps.gov/mp/listing/viewListing.do?fromSearch=true&id=121576,"SSLError: HTTPSConnectionPool(host='my.americorps.gov', port=443): Max retries exceeded with url: /mp/listing/viewListing.do?fromSearch=true&id=121576 (Caused by SSLError(SSLEOFError(8, '[SSL: UNEXPECTED_EOF_WH",government_portal
AmeriGas,Readable — identity review pending,https://careers.ugicorp.com,successfactors,417,https://careers.ugicorp.com/AmeriGas/job/Sanford-Region-Operations-Coordinator-NC-27332/1426782100/,,needs_adapter
"AMERISAFE, Inc.",Readable — identity review pending,https://workforcenow.adp.com/mascsr/default/mdf/recruitment/recruitment.html?cid=720a9f55-4306-4ee6-93f6-5c5018a31eaf&ccId=19000101_000001,adp,20,https://www.amerisafe.com/careers/,,no_url_at_all
AMH,Readable — identity review pending,https://amh.wd12.myworkdayjobs.com/External_Careers,workday,70,https://portal.amh.com/careersearch,,no_url_at_all
Amoha Recruitment Services LLC,Search leads saved — validation pending,,,,https://amoharecruitment.com/about-us/,Search results are unverified leads; no board added.,staffing_firm
Ampacity,Adapter validation unresolved,https://allcareers-quanta.icims.com/jobs/search?ss=1&in_iframe=1,icims,0,https://www.ampacity.com/news/,PartialScrapeError: iCIMS posting identity is invalid,no_url_at_all
Amphenol CIT,Public portal restricted during check,,,,https://www.amphenol.com/search/amphenol%20cit%20careers?pagenumber=3,,no_url_at_all
Amphenol Communications Solutions,Further adapter investigation required,,,,https://careerservices.upenn.edu/companies/amphenol-communications-solutions/jobs/,,no_url_at_all
Amplify,Readable — identity review pending,https://jobs.ashbyhq.com/amplify,ashby,37,https://jobs.ashbyhq.com/amplify,,board_guessed_unverified
AMS Industries,Further adapter investigation required,,,,https://amsindustries.com/project-coordinator-refrigeration/,,needs_adapter
Anne Burnett Marion School of Medicine at Texas Christian University,University follow-up required,,,,https://jobs.tcu.edu/,Corrected officialsource returned HTTP202,no_url_at_all
API - American Petroleum Institute,Readable — identity review pending,https://workforcenow.adp.com/mascsr/default/mdf/recruitment/recruitment.html?cid=1a24f36f-f740-4396-81f5-7319e3dee147&ccId=19000101_000001,adp,11,https://www.api.org/products-and-services/individual-certification-programs/apply,,no_url_at_all
"Apis Services, Inc.",Further adapter investigation required,,,,https://apismgt.org/careers,,no_url_at_all
Apogee,Fetch failed during check,,,,https://apogeesemi.com/careers/,"ReadTimeout: HTTPSConnectionPool(host='apogeesemi.com', port=443): Read timed out. (read timeout=8.0)",no_url_at_all
"Applied Science & Innovation, Inc.",Further adapter investigation required,,,,https://www.meetasi.com/,,no_url_at_all
Araks,Further adapter investigation required,,,,https://www.araks.com/pages/welcome-back,,no_url_at_all
Arbor Resources,Further adapter investigation required,,,,https://www.arborcareers.com/,,no_url_at_all
ARCENT Solutions,Further adapter investigation required,,,,https://www.arcentsolutions.com/about,,no_url_at_all
Arctic Fox Cooling Services,Further adapter investigation required,,,,https://ArcticFoxCoolingServices.discovered.ai/job-details/69727?source=indeed,,needs_adapter
Arcwood Environmental,Readable — identity review pending,https://careers-arcwoodenviro.icims.com/jobs/search?ss=1&in_iframe=1,icims,113,https://arcwoodenviro.applicantpool.com/jobs/,,no_url_at_all
"Ardmore Home Design, Inc.",Further adapter investigation required,,,,https://www.ardmorehomedesign.com/contact-us,,no_url_at_all
AREA 23,Further adapter investigation required,,,,https://careers.area23.com/,,no_board_found
Ares Management,Readable — identity review pending,https://aresmgmt.wd1.myworkdayjobs.com/External,workday,290,https://www.ares.com/,,no_url_at_all
Argonne National Laboratory,Further adapter investigation required,,,,https://nationallabs.org/work-here/careers/,,no_url_at_all
Arixa Capital,Readable — identity review pending,https://job-boards.greenhouse.io/arixacapital,greenhouse,10,https://job-boards.greenhouse.io/arixacapital,,board_guessed_unverified
Arizona Small Business Association - ASBA,Further adapter investigation required,,,,https://www.asba.com/asba-programs/,,no_url_at_all
Arkansas Blue Cross and Blue Shield,Readable — identity review pending,https://arkbluecross.wd1.myworkdayjobs.com/ABCBS_External_Careers,workday,19,https://stg.arkansasbluecross.com/company/career-opportunities,,no_url_at_all
ArkInfoCubes LLC,Further adapter investigation required,,,,https://arkinfocubes.com/careers-overview/,,no_url_at_all
ARSERVICES,Further adapter investigation required,,,,https://arservices.catsone.com/careers/113723-General/jobs/16855917-Technical-Program-Analyst/?ref=Indeed,,needs_adapter
Art Institute of Chicago,University follow-up required,,,,https://www.artic.edu/careers,Corrected officialsource returned HTTP403,no_url_at_all
Art Specialties Inc,Search leads saved — validation pending,,,,https://www.linkedin.com/company/art-specialties-inc,Search results are unverified leads; no board added.,no_url_at_all
Ascendion Engineering,Further adapter investigation required,,,,https://ascendion.engineering/,,no_url_at_all
Ascot Group,Public portal restricted during check,,,,https://www.ascotgroup.co.uk/careers/,,no_url_at_all
Ashburn Chemical,Further adapter investigation required,,,,https://ashburnchemical.com/careers-at-ashburn-chemical-technologies/,,no_url_at_all
Aspida,Further adapter investigation required,,,,https://aspidagroup.com/aspida-trainee-programme,,no_url_at_all
AssetMark,Readable — identity review pending,https://assetmark.wd5.myworkdayjobs.com/AssetMark_Careers,workday,36,https://www.assetmark.com/about/careers/,,no_url_at_all
Associated Bank,Readable — identity review pending,https://associatedbank.wd1.myworkdayjobs.com/external_careers,workday,141,https://www.associatedbank.com/,,no_board_found
Association County Commissioners of Georgia,Public portal restricted during check,,,,https://dol.georgia.gov/state-local-and-federal-government-jobs,,no_url_at_all
Astreya,Readable — identity review pending,https://astreya.wd5.myworkdayjobs.com/life-at-astreya-opportunities,workday,179,https://astreya.wd5.myworkdayjobs.com/en-US/life-at-astreya-opportunities/job/Hyderabad-India/Software-Asset-Management-Analyst-I_R0016975,,no_url_at_all
AstroForge,Further adapter investigation required,,,,https://www.ycombinator.com/companies/astroforge/jobs,,no_url_at_all
Astronautics Corporation of America,Readable — identity review pending,https://workforcenow.adp.com/mascsr/default/mdf/recruitment/recruitment.html?cid=f9f0ceae-652e-40ed-998c-229ae75ebcbc&ccId=9200758309431_2,adp,2,https://www.astronautics.com/careers/why-astronautics/,,no_url_at_all
ATCC,Readable — identity review pending,https://careers-atcc.icims.com/jobs/search?ss=1&in_iframe=1,icims,24,https://www.atcc.org/careers,,no_url_at_all
ATEC Spine,Readable — identity review pending,https://apply.workable.com/atec-spine,workable,27,https://atecspine.com/careers/,,no_url_at_all
AtkinsRéalis,Further adapter investigation required,,,,https://www.careers.atkinsrealis.com/en/why-join-us/global-careers,,no_url_at_all
Atlantic Group,Further adapter investigation required,,,,https://atlanticgroup.ae/careers/,,no_url_at_all
Atlas Search,Further adapter investigation required,,,,https://atlassearchllc.com/about/,,no_url_at_all
Atrium Health Wake Forest Baptist,Public portal restricted during check,,,,https://careers.atriumhealth.org/search/atrium-health-wake-forest-baptist-medical-center-blvd-winston-salem-nc/jobs/in,,no_url_at_all
Authority Health,Further adapter investigation required,,,,https://www.authorityhealth.com/contact-us,,no_url_at_all
Auto-Chlor System,Further adapter investigation required,,,,https://autochlor.rec.pro.ukg.net/AUT1504AUCHS/JobBoard/db61539e-a55c-4628-ab96-c76d186f067b/OpportunityDetail?opportunityId=ad9b1ff2-4550-4ecd-b3be-5ed0e2b78cd5&postingId=b0d496f6-71c5-43fc-a2cd-b9ea926d3285,,needs_adapter
Autowell Technology US Inc.,Search leads saved — validation pending,,,,https://tallo.com/talent/job/business/logistician-or-supply-chain-specialist/tx/carrollton/part-time-warehouse-logistic-442c48dc,Search results are unverified leads; no board added.,no_url_at_all
AVIAN,Readable — identity review pending,https://careers-avian.icims.com/jobs/search?ss=1&in_iframe=1,icims,25,https://www.avian.com/careers/,,no_url_at_all
AZAD Technology Partners,Further adapter investigation required,,,,https://search2.smartsearchonline.com/azad/jobs/jobdetails.asp?da=_202609&refid=460_6790_BPAJP00012063&job_number=6790&sourcename=Indeed,,needs_adapter
Azenta Life Sciences,Readable — identity review pending,https://azenta.wd1.myworkdayjobs.com/AzentaJobs,workday,71,https://azenta.wd1.myworkdayjobs.com/en-US/AzentaJobs/job/Field-Service-Engineer--Life-Sciences---East-Coast_R20260277,,no_url_at_all
B-O-F Corporation,Readable — identity review pending,https://jobs.lever.co/bofcorp,lever,4,https://jobs.lever.co/bofcorp/eaa93911-a270-4e94-a2c1-ce4e0340fed8/apply,,no_url_at_all
Bankwell,Further adapter investigation required,,,,https://www.mybankwell.com/contact,,no_url_at_all
"Barobo, Inc.",Further adapter investigation required,,,,https://www.barobo.com/partners,,no_url_at_all
Bartech Staffing,Search leads saved — validation pending,,,,https://www.bartechstaffing.com/,Search results are unverified leads; no board added.,staffing_firm
Base Electron,Further adapter investigation required,,,,https://baseelectron.com/,,no_url_at_all
"Base-2 Solutions, LLC",Further adapter investigation required,,,,https://phh.tbe.taleo.net/phh01/ats/careers/v2/viewRequisition?org=BASESOLU&cws=37&rid=4528,,needs_adapter
BasePoint Group Inc.,Public portal restricted during check,,,,https://hiringcafe.com/job/associate-general-counsel-basepoint-group-inc-new-york-new-york-jn2dnmzxdcc5qw9v,,no_url_at_all
Bassett Mechanical,Further adapter investigation required,,,,https://bassettmechanical.recruiterbox.com/jobs/fk0ztre?fjb_hash=ezLpq610,,needs_adapter
"Bastion Technologies, Inc.",Held for identity or scope review,,,,,Original short Ashby account is not established as Bastion Technologies.,board_guessed_unverified
Bates White Economic Consulting,Further adapter investigation required,,,,https://www.bateswhite.com/careers/phd,,no_url_at_all
Batesville,Readable — identity review pending,https://batesville.wd504.myworkdayjobs.com/Batesville,workday,49,https://www.batesville.com/about-us/careers/,,no_url_at_all
Bay de Noc Community College,Added and verified,https://careers.baycollege.edu/postings/search,peopleadmin,46,https://careers.baycollege.edu/,Board registration read back from live database.,no_url_at_all
BayFirst,Readable — identity review pending,https://workforcenow.adp.com/mascsr/default/mdf/recruitment/recruitment.html?cid=f6901d6d-6184-4158-a3f5-b6919c7bd6ea&ccId=19000101_000001,adp,5,https://bayfirstfinancial.com/about-us/our-culture/,,no_url_at_all
BCI Brands,Readable — identity review pending,https://apply.workable.com/bci-brands,workable,19,https://bcibrands.com/contact-us/,,no_url_at_all
Beacon Hill,Search leads saved — validation pending,,,,https://bhsg.com/careers,Search results are unverified leads; no board added.,staffing_firm
Beaty Masonry,Adapter validation unresolved,https://beatymasonry.bamboohr.com,bamboohr,0,https://beatymasonry.bamboohr.com/careers/29?source=indeed&src=indeed&postedDate=2026-09-11,,board_resolved_but_unused
Bechtel Corporation,Blocked — unchanged,,,,,Explicit live admin blocklist; skipped.,blocklisted
Bechtel Plant Machinery,Further adapter investigation required,,,,https://career-hcm03.ns2cloud.com/career?career%5fns=job%5flisting&company=BPMIHCM03&navBarLevel=JOB%5fSEARCH&rcm%5fsite%5flocale=en%5fUS&career_job_req_id=1029&selected_lang=en_US,,needs_adapter
Behavioral Health Group - BHG,Further adapter investigation required,,,,https://www.bhgrecovery.com/careers/career-path-growth/,,no_url_at_all
Bell & Evans,Readable — identity review pending,https://workforcenow.adp.com/mascsr/default/mdf/recruitment/recruitment.html?cid=bc043f0c-d219-42e0-b26f-21659ab74e5f&ccId=19000101_000001,adp,84,https://jobs.bellandevans.com/warehouse-jobs/,,no_url_at_all
"Belvedere Trading, LLC",Readable — identity review pending,https://jobs.lever.co/belvederetrading,lever,17,https://jobs.lever.co/belvederetrading,,board_guessed_unverified
"Belvista Software, LLC",Further adapter investigation required,,,,https://time.belvistasoftware.com/,,no_url_at_all
Bengal Transportation Services,Added and verified,https://bengaltransport.isolvedhire.com/jobs/,applicantpro,15,https://bengaltransport.isolvedhire.com/jobs/1847077-121936.html,Board registration read back from live database.,needs_adapter
Berkeley Industrial Engineering & Operations Research,Further adapter investigation required,,,,https://engineering.berkeley.edu/academics/undergraduate-programs/industrial-engineering-operations-research/,,no_url_at_all
Berkshire Hathaway Homestate Companies - Property & Casualty,Search leads saved — validation pending,,,,https://www.linkedin.com/company/bhhc-insurance/jobs,Search results are unverified leads; no board added.,no_url_at_all
Bessemer Trust,Further adapter investigation required,,,,https://recruiting.adp.com/srccsh/public/RTI.home?r=5001225449406&c=1182627&d=Confidential&rb=INDEED&idUnique=5001225449406,,needs_adapter
Best High Technologies LLC (BHT),Further adapter investigation required,,,,https://careerdesign.dartmouth.edu/companies/best-high-technologies-llc-bht/jobs/,,no_url_at_all
BetterHelp,Readable — identity review pending,https://job-boards.greenhouse.io/betterhelp,greenhouse,164,https://job-boards.greenhouse.io/betterhelp,,board_guessed_unverified
BigBear.ai,Readable — identity review pending,https://internal-bigbearai.icims.com/jobs/search?ss=1&in_iframe=1,icims,76,https://careers.bigbear.ai/products-and-tech/jobs/locations,,no_url_at_all
Bio-Techne,Fetch failed during check,,,,https://www.bio-techne.com/about/careers,"ReadTimeout: HTTPSConnectionPool(host='www.bio-techne.com', port=443): Read timed out. (read timeout=8.0)",no_url_at_all
BIP Ventures,Further adapter investigation required,,,,https://jobs.bipventures.vc/jobs/openloop,,no_url_at_all
Black Box,Readable — identity review pending,https://eoje.fa.us2.oraclecloud.com/hcmUI/CandidateExperience/en/sites/CX_1001,oracle,212,https://www.blackbox.com/en-us/global-careers,,no_url_at_all
Black Hills Energy,Public portal restricted during check,,,,https://careers.blackhillsenergy.com/,,no_board_found
Black Mountain Software,Added and verified,https://blackmountainsoftware.applicantpro.com/jobs/,applicantpro,2,https://www.applicantpro.com/openings/blackmountainsoftware/jobs/4214569-1000865,Board registration read back from live database.,needs_adapter
Blackmon Mooring & BMSCAT,Further adapter investigation required,,,,https://olivia.paradox.ai/co/BMSCAT/Job?job_id=P1-5589403-1&posting_type=1&source=indeed,,needs_adapter
Blake Willson Group,Readable — identity review pending,https://job-boards.greenhouse.io/blakewillsongroup,greenhouse,23,https://grnh.se/s1am8sxj8us,,needs_adapter
Blue Cross of Idaho,Readable — identity review pending,https://bcidaho.wd5.myworkdayjobs.com/BCI,workday,19,https://tools.bcidaho.com/employers/employer-apps-and-forms.html,,no_url_at_all
Blue Signal Search,Further adapter investigation required,,,,https://bluesignal.com/faqs/,,no_url_at_all
Blueline Manufacturing LLC,Public portal restricted during check,,,,https://www.bluelinemfg.com/manufacturing/,,no_url_at_all
BMO U.S.,Readable — identity review pending,https://bmo.wd3.myworkdayjobs.com/External,workday,1074,https://jobs.bmo.com/us/en/careers-at-bmo-u.s.-financial-centers,,no_url_at_all
Bobcat Company,Further adapter investigation required,,,,https://www.bobcat.com/na/es/company/careers,,no_url_at_all
BOELTER,Further adapter investigation required,,,,https://jobs.dayforcehcm.com/en-US/boelter/CANDIDATEPORTAL/jobs/4809,,needs_adapter
Bond No.9,Further adapter investigation required,,,,https://www.bondno9.com/pages/careers,,no_url_at_all
Bonnell,Adapter validation unresolved,https://urldefense.com/hcmUI/CandidateExperience/en/sites/CX_1001__,oracle,0,https://bonnellaluminum.com/careers/,RuntimeError: Oracle CX_1001__ unreadable (HTTPError: 400 Client Error: Bad Request for url: https://zenweb.proofpoint.com/urldefense/),no_url_at_all
Book+Street,Further adapter investigation required,,,,https://www.bookandstreet.com/team?page=4,,no_url_at_all
Boston Children's Hospital,Further adapter investigation required,,,,https://jobs.bostonchildrens.org/campaign/join-the-boston-childrens-hospital-support-services-talent-community/,,no_url_at_all
"Boston Government Services, LLC",Readable — identity review pending,https://workforcenow.adp.com/mascsr/default/mdf/recruitment/recruitment.html?cid=280dabfa-d87a-46cd-a652-4f4bb9e92e6e&ccId=9201106571822_3,adp,72,https://workforcenow.adp.com/mascsr/default/mdf/recruitment/recruitment.html?cid=280dabfa-d87a-46cd-a652-4f4bb9e92e6e&ccId=9201106571822_3&jobId=574437&jwId=9201106571822_1&source=IN&lang=en_US,,board_resolved_but_unused
"Boston Government Services, LLC (BGS)",Further adapter investigation required,,,,https://www.bgs-llc.com/careers/,,no_url_at_all
"Boulder County, CO",Fetch failed during check,,,,https://www.governmentjobs.com/careers/boulder/jobs/5479457/tobacco-education-and-prevention-partnership-tepp-program-manager,"ReadTimeout: HTTPSConnectionPool(host='www.governmentjobs.com', port=443): Read timed out. (read timeout=8.0)",government_portal
Boutique Recruiting,Further adapter investigation required,,,,https://jobs.boutiquerecruiting.com,,staffing_firm
Bow Wave LLC,Readable — identity review pending,https://bowwavellc.isolvedhire.com/jobs/,applicantpro,119,https://bowwavellc.isolvedhire.com/jobs/job_description_files.php?id=1042411&site_id=5016,,no_url_at_all
Boyd Thermal by Eaton,Readable — identity review pending,https://boydcorp.wd12.myworkdayjobs.com/Eaton_Careers,workday,84,https://boydcorp.wd12.myworkdayjobs.com/en-US/Eaton_Careers/job/Production-Supervisor_R-102557-2,,no_url_at_all
Brady Martz,Readable — identity review pending,https://apply.workable.com/brady-martz,workable,27,https://www.bradymartz.com/careers/,,no_url_at_all
Branch,Readable — identity review pending,https://job-boards.greenhouse.io/branch,greenhouse,3,https://job-boards.greenhouse.io/branch,,board_guessed_unverified
"Brandywine Counseling & Community Services, Inc.",Further adapter investigation required,,,,https://recruiting.paylocity.com/Recruiting/Jobs/Details/4282542,,no_url_at_all
Breville | Sage,Search leads saved — validation pending,,,,https://hk.linkedin.com/company/breville-group/jobs,Search results are unverified leads; no board added.,no_url_at_all
Brewster/EasCare Ambulance,Further adapter investigation required,,,,https://brewsterambulance.employ.onshift.com/job_positions/preview/50803491?utm_campaign=indeed&utm_source=2950&utm_medium=Indeed&opening=194463&position_advertising=50803491,,needs_adapter
Bright Tech,Further adapter investigation required,,,,https://brighttech.net.in/career/,,no_url_at_all
BrightView,Public portal restricted during check,,,,https://brightviewcareers.com,,no_board_found
Bristol Myers Squibb EU Policy,Public portal restricted during check,,,,https://www.jobstore.com/in/company/5877968/bristol-myers-squibb-eu-policy,,no_url_at_all
Broadway.com,Further adapter investigation required,,,,https://www.broadway.com/contact-us/sent/,,no_url_at_all
"Broward County, Florida",Readable — identity review pending,https://www.governmentjobs.com/careers/broward,schooljobs,36,https://www.governmentjobs.com/careers/broward/jobs/5476179/program-project-coordinator-accounts-payable,,government_portal
BryceTech,Readable — identity review pending,https://jobs.smartrecruiters.com/BryceTech,smartrecruiters,27,https://jobs.smartrecruiters.com/BryceTech,,board_guessed_unverified
Bud Clary Auto Group,Further adapter investigation required,,,,https://budclary.hrmdirect.com/employment/view.php?req=3820459&jbsrc=1014&location=4340ffe6-6f54-c33c-6d64-a4572ce83c2b,,needs_adapter
Builders,Further adapter investigation required,,,,https://secure7.saashr.com/ta/6215637.careers?ShowJob=638002192,,needs_adapter
building ONE consulting,Further adapter investigation required,,,,https://www.building-one.com/services,,no_url_at_all
Building Service 32BJ Benefit Funds,Readable — identity review pending,https://workforcenow.adp.com/mascsr/default/mdf/recruitment/recruitment.html?cid=77d040d9-afa5-44d0-b712-2aa98296db42&ccId=19000101_000001,adp,50,https://32bjfunds.org/careers/,,no_url_at_all
Bureau Veritas | Marine & Offshore,Adapter validation unresolved,https://careers.bureauveritas.com,successfactors,0,https://careers.bureauveritas.com/job/Saint-Herblain-%2844%29-ou-Courbev-Technical-Expert-Offshore-Structures-Regulations-%28FM%29-Pays/1269780701/,TimeoutError: Recovery employer budget exhausted,no_url_at_all
Burnes Home Accents,Search leads saved — validation pending,,,,https://www.linkedin.com/jobs/view/office-assistant-tracy-ca-at-burnes-home-accents-4458927015,Search results are unverified leads; no board added.,no_url_at_all
"Butte County, CA",Readable — identity review pending,https://www.governmentjobs.com/careers/buttecountyca,schooljobs,26,https://www.governmentjobs.com/careers/buttecountyca/jobs/5481873/program-manager,,government_portal
Buyers Products Company,Further adapter investigation required,,,,https://www.buyersproducts.com/human-resources,,no_url_at_all
BWC Terminals,Readable — identity review pending,https://bwcterminals.wd12.myworkdayjobs.com/BWC,workday,6,https://bwcterminals.com/terminals/,,no_url_at_all
BWXT,Readable — identity review pending,https://jobs.smartrecruiters.com/BWXT,smartrecruiters,2,https://jobs.smartrecruiters.com/BWXT,,board_guessed_unverified
C&M Travel Recruitment,Search leads saved — validation pending,,,,https://www.candm.co.uk/jobs,Search results are unverified leads; no board added.,staffing_firm
Cabaletta Bio,Readable — identity review pending,https://app.trinethire.com/companies/22943-cabaletta-bio-inc/jobs,trinethire,31,https://www.cabalettabio.com/join-our-crew/job/8490/psr-data-scientist-technology-development-data,,needs_adapter
Cadrex Manufacturing Solutions,Further adapter investigation required,,,,https://recruiting.paylocity.com/Recruiting/Jobs/Details/4113794,,no_url_at_all
California Department of Aging,Further adapter investigation required,,,,https://www.aging.ca.gov/download.ashx?lE0rcNUV0zYU5VP1iqrIhg%3D%3D=,,no_url_at_all
California Department of Conservation,Further adapter investigation required,,,,https://conservation.ca.gov/,,no_url_at_all
California Department of Health Care Services,Further adapter investigation required,,,,https://www.ca.gov/departments/217/,,no_url_at_all
California Department of Housing & Community Development,Further adapter investigation required,,,,https://www.hcd.ca.gov/careers?calendar_timestamp=1756710000&current=1756232735&date_format=custom&date_pattern=F&display_reset=0&next=1756710000&pager_type=calendar_month&previous=1751353200&use_previous_next=1,,no_url_at_all
California Department of Managed Health Care,Search leads saved — validation pending,,,,https://www.linkedin.com/company/cadmhc/jobs,Search results are unverified leads; no board added.,no_url_at_all
California Department of Social Services,Further adapter investigation required,,,,https://www.cdss.ca.gov/,,no_url_at_all
California State Controller's Office,Further adapter investigation required,,,,https://www.ca.gov/departments/268/,,no_url_at_all
California State University,University follow-up required,,,,https://csucareers.calstate.edu/en-us/listing/,Corrected officialsource returned HTTP202,needs_adapter
Cambridge Health Alliance,Provided URL unavailable,,,,https://www.chacareers.org/job/15994/program-coordinator-healthy-lifestyle-program-professional-and-management-us-massachusetts-medford/,,needs_adapter
Canopy,Readable — identity review pending,https://job-boards.greenhouse.io/canopytax,greenhouse,10,https://www.getcanopy.com/careers/,,no_url_at_all
Cape Fear Valley Health,Readable — identity review pending,https://capefearvalley.wd1.myworkdayjobs.com/CFV,workday,271,https://www.capefearvalley.com/taxonomy/term/105,,no_url_at_all
Capgemini Invent,Further adapter investigation required,,,,https://www.capgemini.com/in-en/careers/career-paths/careers-at-capgemini-invent/,,no_url_at_all
Capital Pump & Equipment,Added and verified,https://cpepumps.isolvedhire.com/jobs/,applicantpro,13,https://cpepumps.isolvedhire.com/jobs/1860414-175194.html,Board registration read back from live database.,needs_adapter
Captivation,Already configured,,,,,,board_guessed_unverified
Capture Accessories,Further adapter investigation required,,,,https://www.supplyaccy.com/,,no_url_at_all
Carepool,Further adapter investigation required,,,,https://www.carepool.us/careers/senior-manager-transportation-network/,,no_url_at_all
Carnival Cruise Line,Fetch failed during check,,,,https://jobs.carnivalcorp.com/search-jobs/guest/28021/1/1,ValueError: Invalid IPv6 URL,no_url_at_all
Carolina Conduit Systems,Further adapter investigation required,,,,https://ht-jobs.net/9y2h5kt?s=in,,needs_adapter
Carousel Checks Inc,Further adapter investigation required,,,,https://www.carouselchecks.com/careers?gnk=job&gni=8a78839ea06420ea01a0916cd30466d7&gns=Indeed+Free,,needs_adapter
Carthage System and Professional Swine Management,Further adapter investigation required,,,,https://recruitingbypaycor.com/career/JobIntroduction.action?id=8a78879ea06420fb01a0925fb0575955&source=Indeed+Free,,needs_adapter
Cartier,Readable — identity review pending,https://richemont.wd3.myworkdayjobs.com/richemont,workday,1420,https://careers.cartier.com,,no_board_found
"Caselle, Inc.",Further adapter investigation required,,,,https://careers-ovsgroup.ovs.it/job/view-job.php?id=8618-sales-assistant-ovs-caselle-torinese-caselle-torinese&language=en,,no_url_at_all
Catalyst Brands LLC,Readable — identity review pending,https://careers-catalystbrand.icims.com/jobs/search?ss=1&in_iframe=1,icims,46,https://www.catalystbrands.com/careers/index.html,,no_url_at_all
Catapult Solutions Group,Provided URL unavailable,,,,https://catapultsolutions.com/careers,,no_url_at_all
CAVA,Further adapter investigation required,,,,https://support.cava.com/en_us/i-want-to-work-for-cava-how-can-i-make-this-happen-rJPCAohT,,no_url_at_all
"CBX Solutions, LLC",Further adapter investigation required,,,,https://www.cbxsolutions.com/employee-kiosk/,,no_url_at_all
CeLeen LLC,Further adapter investigation required,,,,https://command.rec.pro.ukg.net/COM1514CODN/JobBoard/f2e8bfc7-24a3-4940-918a-bd3885862825/OpportunityDetail?opportunityId=80363bef-10fe-441f-8217-954d2ff44c3a&postingId=b78a9cf3-b43e-4183-8587-57cfb8e0312d,,needs_adapter
Cengage,Readable — identity review pending,https://cengage.wd5.myworkdayjobs.com/CengageNorthAmericaCareers,workday,87,https://www.cengagegroup.com/careers/careers-faq/,,no_url_at_all
Center Benefits LLC.,Further adapter investigation required,,,,https://www.centerbenefits.net/employee-benefits-1,,no_url_at_all
"Central Network Retail Group, LLC (CNRG)",Search leads saved — validation pending,,,,https://www.caljobs.ca.gov/vosnet/jobbanks/jobdetails.aspx?enc=9B8%2FuT7EfbEIDLIMZ8rho7lgjcz5GhrB+qzMCateevCtKcKJt2q4qJWNzvBjsQSK0GfyH9tj0SEMuuDtGqFlXz+KK1bbVhw0iVo4Vb7v%2FBbf5iOtFaUIO0VvrNLFVVBbVFxJmnAwDx%2Fgs4ik+YeXo7213%2FrsWbnnQTQqUnnt5XpwYffQEF3tCp6NgyesEkkgXIJGLjHMj9ticU+35pO5+XKylMX5GrRfs1f0zs0NOZ855kwAjWiSozm69cQUm83iB4uWXfwFMSZST0WPxZ6%2FQCIb7m2Ooy%2FEojZbX7KXGjt5Znc2Q6ftn6vjEjoEB97NQSIelKNrDklXzeqYZHOai7S2Bdq7I71zhXrhNABFp2+z7jS+xeC73XwD0elkcy4gw+ITKllOwC9m6XV9SfwnV3%2FEeElZUP4ja2wCNfVrh7qPZ%2FjF8dmjWb04Wklb8uHSe93D1KCyuTQl0z5SrhIOId3rj10Bdx%2FDqZUzGW+ZFzukAIxbvLDhtsR+K+NYj6CEFwtq1mMBt5IgmPLPK6qGOPCtL79VckbSpSEKTvRD18kw4juBo9kF+bC1xNNCERDeTlkEUAmt63ZKVxlfCcBWljvIFQ7Uz6N3ft2sNwDLPyunp0oZwBzgWAjtRODv2O4l5CQj1FezlN3d3EOoBxFg3w%3D%3D,Search results are unverified leads; no board added.,no_url_at_all
Central Transport,Further adapter investigation required,,,,https://centraltransport.co.nz/careers/,,no_url_at_all
Centre Helps,Further adapter investigation required,,,,https://www.centrehelps.org/new-page-1,,no_url_at_all
Centros Sor Isolina Ferré,Further adapter investigation required,,,,https://secure.entertimeonline.com/ta/WRCENSOL01P.careers?ShowJob=872585922,,needs_adapter
Centurion Selection,Further adapter investigation required,,,,https://linktr.ee/centurionselection,,no_url_at_all
CF Industries,Further adapter investigation required,,,,https://careers.cfindustries.com,,no_board_found
CFMOTO USA,Further adapter investigation required,,,,https://cfmotousaparts.com/,,no_url_at_all
CFS,Further adapter investigation required,,,,https://www.cfsinspection.com/careers,,no_url_at_all
Chain Electric Company,Further adapter investigation required,,,,https://chainelectric.com/contact,,no_url_at_all
Chamber,Search leads saved — validation pending,,,,https://www.uschamber.com/chamberjobs-usa,Search results are unverified leads; no board added.,no_url_at_all
Champaign-Urbana Public Health District,Further adapter investigation required,,,,https://secure4.saashr.com/ta/6173898.careers?ShowJob=1040481796,,needs_adapter
Chang Robotics,Further adapter investigation required,,,,https://www.changrobotics.ai/matthewchang,,no_url_at_all
Character.ai,Readable — identity review pending,https://jobs.ashbyhq.com/character,ashby,13,https://support.character.ai/hc/en-us/articles/28987281244827-The-old-beta-has-been-fully-retired-Please-use-character-ai-or-the-mobile-app,,no_url_at_all
CHARLES COUNTY GOVERNMENT,Readable — identity review pending,https://www.governmentjobs.com/careers/charlescountymd,schooljobs,14,https://www.governmentjobs.com/careers/charlescountymd/jobs/5468567/asset-management-data-analyst-part-time,,government_portal
Chasepro,Search leads saved — validation pending,,,,https://www.linkedin.com/company/chasepro-talent,Search results are unverified leads; no board added.,no_url_at_all
CHASSE Building Team,Further adapter investigation required,,,,https://chasse.us/say-hello/,,no_url_at_all
Chekhub,Search leads saved — validation pending,,,,https://www.chekhub.com/,Search results are unverified leads; no board added.,no_url_at_all
CHEManager International,Search leads saved — validation pending,,,,https://chemanager-online.com/en/,Search results are unverified leads; no board added.,no_url_at_all
"Chickasaw Nation Industries, Inc.",Further adapter investigation required,,,,https://careers.chickasawnationindustries.com/,,no_board_found
Child's Play,Search leads saved — validation pending,,,,https://www.childsplayri.org/careers,Search results are unverified leads; no board added.,no_url_at_all
Children's Aid,Search leads saved — validation pending,,,,https://www.childaid.org/employment,Search results are unverified leads; no board added.,no_url_at_all
Children's Hospital Los Angeles (CHLA),Search leads saved — validation pending,,,,https://www.chla.org/careers,Search results are unverified leads; no board added.,no_url_at_all
Children’s Hospital Association,Search leads saved — validation pending,,,,https://careers.childrenshospitals.net/jobseekers/index.cfm,Search results are unverified leads; no board added.,no_url_at_all
Chipotle Mexican Grill,Search leads saved — validation pending,,,,https://www.chipotle.com/recruiting-notice,Search results are unverified leads; no board added.,no_url_at_all
CHLOETA,Further adapter investigation required,,,,https://careers.topechelon.com/portals/ddf73582-b01f-45e4-9f90-9829ee71ad7b/jobs/cef3b627-d802-41bb-b1d8-ce136a612d18,,needs_adapter
ChristianaCare,Added and verified,https://christianacare.wd5.myworkdayjobs.com/CCHS,workday,378,https://careers.christianacare.org/posting/JR93824/,Board registration read back from live database.,needs_adapter
Chubb,Already configured,,,,,,board_guessed_unverified
"Chugach Government Solutions, LLC",Readable — identity review pending,https://nsscareers-chugach.icims.com/jobs/search?ss=1&in_iframe=1,icims,26,https://careers.chugachgov.com/jobs/10323/job?utm_source=indeed_integration&iis=Job%20Board&iisn=Indeed&indeed-apply-token=73a2d2b2a8d6d5c0a62696875eaebd669103652d3f0c2cd5445d3e66b1592b0f,,needs_adapter
Cincinnati State Technical and Community College,University follow-up required,,,,https://www.cincinnatistate.edu/about-cincinnati-state/employment-opportunities/,Official external-applicant page uses embedded Paycor/Newton gni/gnk recruiting system; no supported board found.,needs_adapter
Citizens,Search leads saved — validation pending,,,,https://jobs.citizensbank.com/,Search results are unverified leads; no board added.,no_url_at_all
Citrus Health Group,Search leads saved — validation pending,,,,https://www.citrushealthgroup.com/careers,Search results are unverified leads; no board added.,no_url_at_all
City of Baltimore,Search leads saved — validation pending,,,,https://baltimorecity.wd1.myworkdayjobs.com/en-US/External/job/WWW-Customer-Care-Analyst-I--Department-of-Public-Works_R0018281,Search results are unverified leads; no board added.,no_url_at_all
City of Berkeley,Readable — identity review pending,https://www.governmentjobs.com/careers/berkeley,schooljobs,15,https://www.governmentjobs.com/careers/berkeley/jobs/5467445/program-manager-ii,,government_portal
"City of Bloomington, IN",Readable — identity review pending,https://www.governmentjobs.com/careers/bloomingtonindiana,schooljobs,5,https://www.governmentjobs.com/careers/bloomingtonindiana/jobs/5474036/special-projects-coordinator,,government_portal
City of Charlottesville,Readable — identity review pending,https://www.governmentjobs.com/careers/charlottesville,schooljobs,27,https://www.governmentjobs.com/careers/charlottesville/jobs/5485346/housing-program-manager,,government_portal
City of Chesapeake,Readable — identity review pending,https://jobs.cityofchesapeake.net/postings/search,peopleadmin,54,https://jobs.cityofchesapeake.net/postings/18126,,government_portal
City of Gaithersburg,Readable — identity review pending,https://www.governmentjobs.com/careers/gaithersburgmd,schooljobs,8,https://www.governmentjobs.com/careers/gaithersburgmd/jobs/5477455/arts-education-program-coordinator,,government_portal
City Of Hermosa Beach,Search leads saved — validation pending,,,,https://www.hermosabeach.gov/our-government/city-departments/human-resources/careers,Search results are unverified leads; no board added.,no_url_at_all
City of Hope,Search leads saved — validation pending,,,,https://www.cityofhopejobs.org/area/corporate/,Search results are unverified leads; no board added.,no_url_at_all
City of Kinston,Readable — identity review pending,https://www.governmentjobs.com/careers/kinstonnc,schooljobs,17,https://www.governmentjobs.com/careers/kinstonnc/jobs/5477608/capital-improvement-project-manager,,government_portal
City of New Smyrna Beach,Search leads saved — validation pending,,,,https://www.cityofnsb.com/Jobs.aspx?CommunityJobs=False,Search results are unverified leads; no board added.,no_url_at_all
CITY OF NORTH MYRTLE BEACH,Readable — identity review pending,https://www.governmentjobs.com/careers/nmb,schooljobs,31,https://www.governmentjobs.com/careers/nmb/jobs/5486240/business-analyst-i-salary-commensurate-with-experience,,government_portal
City of Oxnard,Readable — identity review pending,https://www.governmentjobs.com/careers/cityofoxnard,schooljobs,42,https://www.governmentjobs.com/careers/cityofoxnard/jobs/5485643/housing-programs-manager,,government_portal
City of Riverside,Search leads saved — validation pending,,,,https://www.riversideca.gov/jobs,Search results are unverified leads; no board added.,no_url_at_all
Civicom,Search leads saved — validation pending,,,,https://www.civi.com/,Search results are unverified leads; no board added.,no_url_at_all
CKE,Search leads saved — validation pending,,,,https://cke.nl/over-ons/vacatures/,Search results are unverified leads; no board added.,no_url_at_all
Climate Pros,Further adapter investigation required,,,,https://recruiting.adp.com/srccsh/public/RTI.home?r=5001223325200&c=2189107&d=climateprosinc&rb=INDEED&idUnique=5001223325200,,needs_adapter
Clinisoltech,Search leads saved — validation pending,,,,https://clinisoltech.com/index.html,Search results are unverified leads; no board added.,no_url_at_all
Cloud and Things,Search leads saved — validation pending,,,,https://www.linkedin.com/company/cloud-and-things,Search results are unverified leads; no board added.,no_url_at_all
Clover,Already configured,,,,,,board_guessed_unverified
"CME Wire and Cable, Inc.",Search leads saved — validation pending,,,,https://cmewire.com/contact/,Search results are unverified leads; no board added.,no_url_at_all
CND Life Sciences,Further adapter investigation required,,,,https://secure7.saashr.com/ta/6213688.careers?ShowJob=637997290,,needs_adapter
CNN,Search leads saved — validation pending,,,,https://careers.wbd.com/global/en/cnn,Search results are unverified leads; no board added.,no_url_at_all
CodeCargo,Search leads saved — validation pending,,,,https://codecargo.com/careers,Search results are unverified leads; no board added.,no_url_at_all
Colab Marketing,Search leads saved — validation pending,,,,https://www.colabmarketinggroup.com/,Search results are unverified leads; no board added.,no_url_at_all
Color Burst Landscapes,Search leads saved — validation pending,,,,https://www.colorburstlandscapes.com/about/careers/,Search results are unverified leads; no board added.,no_url_at_all
Colorado Women's Center,Further adapter investigation required,,,,https://jobs.gusto.com/postings/therapy-and-counseling-for-women-operations-coordinator-29d61301-2f83-4097-928c-17fafd15b646,,needs_adapter
COLSA,Search leads saved — validation pending,,,,https://colsa.dejobs.org/jobs/,Search results are unverified leads; no board added.,no_url_at_all
"Columbia Energy & Environmental Services, Inc.",Search leads saved — validation pending,,,,https://www.linkedin.com/company/columbia-energy-%26-environmental-services-inc.,Search results are unverified leads; no board added.,no_url_at_all
Comagine Health,Search leads saved — validation pending,,,,https://comagine.org/careers,Search results are unverified leads; no board added.,no_url_at_all
"Command Holdings, a Pequot Company",Search leads saved — validation pending,,,,https://commandholdingspqt.com/careers/,Search results are unverified leads; no board added.,no_url_at_all
Commence,Provided URL unavailable,,,,https://commence.com/careers,,no_url_at_all
Commonwealth Epoxy Coatings,Search leads saved — validation pending,,,,https://www.commonwealthepoxy.com/,Search results are unverified leads; no board added.,no_url_at_all
Compass Real Estate - Peninsula,Search leads saved — validation pending,,,,https://www.linkedin.com/jobs/view/account-executive-at-compass-real-estate-peninsula-4395433820,Search results are unverified leads; no board added.,no_url_at_all
Concrete Technology Services Mid-Atlantic Inc.,Search leads saved — validation pending,,,,https://concretetechnologyservices.com/careers/,Search results are unverified leads; no board added.,no_url_at_all
Concurrent Technologies Corporation,Search leads saved — validation pending,,,,https://www.ctc.com/public/careers/default.aspx,Search results are unverified leads; no board added.,no_url_at_all
Connecticut Lottery Corporation,Search leads saved — validation pending,,,,https://www.ctlottery.com/careers,Search results are unverified leads; no board added.,no_url_at_all
ConServe,Readable — identity review pending,https://workforcenow.adp.com/mascsr/default/mdf/recruitment/recruitment.html?cid=31014921-4c90-43a4-8f3f-405331edd9c9&ccId=19000101_000001,adp,21,https://workforcenow.adp.com/mascsr/default/mdf/recruitment/recruitment.html?cid=31014921-4c90-43a4-8f3f-405331edd9c9&ccId=19000101_000001&jobId=567164&source=IN&lang=en_US,,board_resolved_but_unused
Constellation Dealer Group,Search leads saved — validation pending,,,,https://constellationdealer.com/,Search results are unverified leads; no board added.,no_url_at_all
ConstructConnect,Search leads saved — validation pending,,,,https://www.constructconnect.com/company/careers,Search results are unverified leads; no board added.,no_url_at_all
ConsultNet Technology Services and Solutions,Search leads saved — validation pending,,,,https://www.linkedin.com/company/consultnet/jobs,Search results are unverified leads; no board added.,no_url_at_all
Contemporary Tiny Homes,Further adapter investigation required,,,,https://ctiny.homes/,,no_board_found
Contovo,Search leads saved — validation pending,,,,https://www.linkedin.com/jobs/view/project-manager-at-contovo-4461015294,Search results are unverified leads; no board added.,no_url_at_all
Cook County State’s Attorney’s Office,Search leads saved — validation pending,,,,https://www.cookcountystatesattorney.org/,Search results are unverified leads; no board added.,no_url_at_all
COPD Foundation,Further adapter investigation required,,,,https://copdf.applicantpool.com/jobs/1327653-347796.html,,needs_adapter
Core Home,Search leads saved — validation pending,,,,https://www.corehome.com/,Search results are unverified leads; no board added.,no_url_at_all
"Core Specialty Insurance Holdings, Inc.",Search leads saved — validation pending,,,,https://www.linkedin.com/company/core-specialty-insurance-holdings-inc/jobs,Search results are unverified leads; no board added.,no_url_at_all
Core4ce Careers,Further adapter investigation required,,,,https://jobs.silkroad.com/Core4ce/Careers/jobs/1428/?source=Indeed.com,,needs_adapter
CORECENTRIC SOLUTIONS,Search leads saved — validation pending,,,,https://www.corecentricsolutions.com/company/careers/,Search results are unverified leads; no board added.,no_url_at_all
Cornerstone Brands (A Division of QVC Group),Search leads saved — validation pending,,,,https://www.linkedin.com/company/cornerstone-brands,Search results are unverified leads; no board added.,no_url_at_all
Corporate Resources of Illinois,Search leads saved — validation pending,,,,https://www.corporateresources.com/jobs/,Search results are unverified leads; no board added.,no_url_at_all
CORPORATE SERVICES OF AMERICA,Search leads saved — validation pending,,,,https://www.csanv.com/contact/,Search results are unverified leads; no board added.,no_url_at_all
Cotton Holdings Inc.,Search leads saved — validation pending,,,,https://cottonholdings.com/contact,Search results are unverified leads; no board added.,no_url_at_all
Council of Presidents,Search leads saved — validation pending,,,,https://councilofpresidents.org/wp-content/uploads/2023/11/Webinar-Applications-11_23.pdf,Search results are unverified leads; no board added.,no_url_at_all
County Materials Family of Companies,Further adapter investigation required,,,,https://jobs.dayforcehcm.com/en-US/cpc/CANDIDATEPORTAL/jobs/2523,,needs_adapter
County of Los Angeles,Search leads saved — validation pending,,,,https://hr.lacounty.gov/,Search results are unverified leads; no board added.,no_url_at_all
Covenant Living Communities and Services,Search leads saved — validation pending,,,,https://covliving.org/contact-us/careers/,Search results are unverified leads; no board added.,no_url_at_all
CoVolt Power,Search leads saved — validation pending,,,,https://www.covolt.com/index.php?p=careers%2F,Search results are unverified leads; no board added.,no_url_at_all
CR Meyer,Further adapter investigation required,,,,https://crmeyerandsonscompany-hff.viewpointforcloud.com/careers/jobdetails/d24a1c20-77cf-4d00-b5ec-1b625aaf9f8d?openModal=N&logoUrl=%2FCompany%2FGetLogo%3Fco%3D1%26size%3DL,,needs_adapter
CR&R Incorporated,Search leads saved — validation pending,,,,https://www.linkedin.com/company/cr%26r-inc/jobs,Search results are unverified leads; no board added.,no_url_at_all
Cracker Barrel,Further adapter investigation required,,,,https://careers.crackerbarrel.com,,no_board_found
Craft-Bilt Manufacturing Company,Added and verified,https://craftbilt.isolvedhire.com/jobs/,applicantpro,4,https://CraftBilt.isolvedhire.com/jobs/1866398-9648.html,Board registration read back from live database.,needs_adapter
Crawford Electric Supply,Readable — identity review pending,https://career.sonepar.com,successfactors,523,https://career.sonepar.com/job/Geismar-Project-Coordinator-Sales-LA-70734/1435421233/,,needs_adapter
CRB,Readable — identity review pending,https://jobs.smartrecruiters.com/CRB,smartrecruiters,229,https://jobs.smartrecruiters.com/CRB,,no_board_found
Creative Employment Services Inc.,Search leads saved — validation pending,,,,https://creativeemploymentservices.com/,Search results are unverified leads; no board added.,no_url_at_all
"Credit Management Services, Inc.",Search leads saved — validation pending,,,,https://credit-mgmt.hrmdirect.com/,Search results are unverified leads; no board added.,no_url_at_all
Cresset,Search leads saved — validation pending,,,,https://www.linkedin.com/company/cresset,Search results are unverified leads; no board added.,no_url_at_all
Crest Brands Group,Search leads saved — validation pending,,,,https://www.linkedin.com/company/crest-brands-group,Search results are unverified leads; no board added.,no_url_at_all
Crest Industries,Search leads saved — validation pending,,,,https://careers.smartrecruiters.com/CrestIndustriesLLC,Search results are unverified leads; no board added.,no_url_at_all
CRI Advantage,Search leads saved — validation pending,,,,https://criadvantage.isolvedhire.com/,Search results are unverified leads; no board added.,no_url_at_all
Cross River,Search leads saved — validation pending,,,,https://www.crossriver.com/careers,Search results are unverified leads; no board added.,no_url_at_all
Crown Audio,Search leads saved — validation pending,,,,https://www.crownaudio.com/en-US,Search results are unverified leads; no board added.,no_url_at_all
Cruitin,Search leads saved — validation pending,,,,https://cruitin.com/,Search results are unverified leads; no board added.,no_url_at_all
"Crux Subsurface, Inc.",Search leads saved — validation pending,,,,https://www.cruxsub.com/project-management-opportunities/,Search results are unverified leads; no board added.,no_url_at_all
Cryptic Vector,Search leads saved — validation pending,,,,https://www.crypticvector.com/,Search results are unverified leads; no board added.,no_url_at_all
Crypto.com,Search leads saved — validation pending,,,,https://crypto.com/us/careers,Search results are unverified leads; no board added.,no_url_at_all
Crystal Clean,Search leads saved — validation pending,,,,https://www.crystal-clean.com/,Search results are unverified leads; no board added.,no_url_at_all
Culligan By WaterCo,Search leads saved — validation pending,,,,https://payroll.toasttab.com/Jobs/WaterCo/,Search results are unverified leads; no board added.,no_url_at_all
Cumming Group,Search leads saved — validation pending,,,,https://www.linkedin.com/company/cumming-group/jobs,Search results are unverified leads; no board added.,no_url_at_all
Cylake,Search leads saved — validation pending,,,,https://cylake.com/company/careers/,Search results are unverified leads; no board added.,no_url_at_all
Cypress HCM,Search leads saved — validation pending,,,,https://www.cypresshcm.com/jobs-openings-new/,Search results are unverified leads; no board added.,no_url_at_all
D&G Solutions,Search leads saved — validation pending,,,,https://www.dngsolutions.com/,Search results are unverified leads; no board added.,no_url_at_all
"D&G Support Services, LLC",Further adapter investigation required,,,,https://www.dngspt.com/open-positions/?gnk=job&gni=8a78839ea06420ea01a0a71e2d6f605b&gns=Indeed+Free,,needs_adapter
D.R. Horton,Search leads saved — validation pending,,,,https://www.drhorton.com/who-we-are,Search results are unverified leads; no board added.,no_url_at_all
Daemen University,Added and verified,https://daemen.applicantpro.com/jobs/,applicantpro,45,https://www.applicantpro.com/openings/daemen/jobs/4189459-13996,Board registration read back from live database.,needs_adapter
Dairy Boy,Further adapter investigation required,,,,https://jobs.dairyboy.com,,no_board_found
Daktronics,Provided URL unavailable,,,,https://careers.daktronics.com,,no_board_found
Dane Street,Added and verified,https://apply.workable.com/dane-street-llc,workable,414,https://site.danestreet.com/employment-opportunities/,Board registration read back from live database.,no_board_found
Daniels Construction,Search leads saved — validation pending,,,,https://www.danielsco.com/careers/,Search results are unverified leads; no board added.,no_url_at_all
Data Based Development Systems,Search leads saved — validation pending,,,,https://www.linkedin.com/company/dbds_2,Search results are unverified leads; no board added.,no_url_at_all
David Weekley Homes,Added and verified,https://jobs.smartrecruiters.com/wgc,smartrecruiters,110,https://careers.davidweekleyhomes.com/Administrative/JobPosting/21272,Board registration read back from live database.,needs_adapter
"Davidson Technologies, Inc.",Added and verified,https://davidsontech.applicantpro.com/jobs/,applicantpro,26,https://www.applicantpro.com/openings/davidsontech/jobs/4189370-955850,Board registration read back from live database.,needs_adapter
Daxwell,Search leads saved — validation pending,,,,https://www.linkedin.com/company/daxwell,Search results are unverified leads; no board added.,no_url_at_all
"Dayton Freight Lines, Inc.",Search leads saved — validation pending,,,,https://www.linkedin.com/company/dayton-freight-lines/jobs,Search results are unverified leads; no board added.,no_url_at_all
Dcode,Search leads saved — validation pending,,,,https://dcode.co/careers,Search results are unverified leads; no board added.,no_url_at_all
"Decker Truck Line, Inc",Further adapter investigation required,,,,https://deckermail.applicantstack.com/x/detail/a2odr2z1y6f6/aaac,,needs_adapter
Deckers Brands,Search leads saved — validation pending,,,,https://www.deckers.com/careers,Search results are unverified leads; no board added.,no_url_at_all
Defense Logistics Agency,Search leads saved — validation pending,,,,https://dla.usajobs.gov/,Search results are unverified leads; no board added.,no_url_at_all
Delaware Nation Industries,Added and verified,https://apply.workable.com/dnigov,workable,37,https://apply.workable.com/dnigov/j/3B5A3885D5,Board registration read back from live database.,needs_adapter
Delaware River and Bay Authority,Further adapter investigation required,,,,"https://selfservice.drba.net/esslive/EmploymentOpportunities/JobDetail.aspx?req=702&sreq=21&form=2&desc=AIRPORT%20OPERATIONS%20COORDINATOR/SPECIALIST%20-%20WILMINGTON%20AIRPORT,%20NEW%20CASTLE,%20DE",,government_portal
Delta Defense LLC,Search leads saved — validation pending,,,,https://www.deltadefense.com/careers/,Search results are unverified leads; no board added.,no_url_at_all
Delta Dental Ins.,Search leads saved — validation pending,,,,https://www1.deltadentalins.com/careers.html,Search results are unverified leads; no board added.,no_url_at_all
Delta Dental of Kentucky,Search leads saved — validation pending,,,,https://www.deltadentalky.com/log-in/,Search results are unverified leads; no board added.,no_url_at_all
Delta Dental of Michigan,Search leads saved — validation pending,,,,https://www.deltadentalin.com/career,Search results are unverified leads; no board added.,no_url_at_all
Delta Dental of Missouri,Search leads saved — validation pending,,,,https://www.deltadentalmo.com/Home/Careers,Search results are unverified leads; no board added.,no_url_at_all
Delta Galil Industries,Search leads saved — validation pending,,,,https://www.linkedin.com/company/delta-galil-usa/jobs,Search results are unverified leads; no board added.,no_url_at_all
DELTA TECHNICAL COLLEGE,University follow-up required,,,,https://www.midwesttech.edu/careers/,Official midwesttech careers fetchfailed; backlog posting indicates embedded Paycor/Newton (gnk/gni).,needs_adapter
"Delta Utilities Services, LLC",Further adapter investigation required,,,,https://ht-jobs.net/pl2cbyf?s=in,,needs_adapter
Denyon Homes,Search leads saved — validation pending,,,,https://www.denyonhomes.com/careers,Search results are unverified leads; no board added.,no_url_at_all
Department of Corrections,Readable — identity review pending,https://jobs.smartrecruiters.com/CityOfNewYork,smartrecruiters,1000,https://cityjobs.nyc.gov/job/junior-data-analyst-in-queens-jid-46928,,government_portal
Department of Genetics and Genomic Sciences at Mount Sinai,Search leads saved — validation pending,,,,https://www.linkedin.com/company/department-of-genetics-and-genomic-sciences-at-mount-sinai,Search results are unverified leads; no board added.,no_url_at_all
Dept of Environmental Quality,Readable — identity review pending,https://eybw.fa.us8.oraclecloud.com/hcmUI/CandidateExperience/en/sites/DEQJobs,oracle,5,https://www.jobs.virginia.gov/jobs/co-p4683-water-program-coordinator-richmond-virginia-united-states,,government_portal
Devereux,Search leads saved — validation pending,,,,https://jobs.devereux.org/jobs/,Search results are unverified leads; no board added.,no_url_at_all
DHL Air (UK) Ltd,Search leads saved — validation pending,,,,https://uk.linkedin.com/company/dhl-air-uk,Search results are unverified leads; no board added.,no_url_at_all
DHL Global Forwarding,Search leads saved — validation pending,,,,https://careers.dhl.com/amer/en/dgff-usa,Search results are unverified leads; no board added.,no_url_at_all
Diamond Peak Recruiting,Search leads saved — validation pending,,,,https://www.linkedin.com/company/diamond-peak-recruiting/jobs,Search results are unverified leads; no board added.,staffing_firm
Diamond Roofing,Provided URL unavailable,,,,https://careers.diamondroofing.com/,,no_board_found
Dick Anderson Construction,Search leads saved — validation pending,,,,https://daconstruction.com/careers/,Search results are unverified leads; no board added.,no_url_at_all
Digital HIE Inc,Search leads saved — validation pending,,,,https://www.linkedin.com/company/digitalhie,Search results are unverified leads; no board added.,no_url_at_all
Digitas North America,Search leads saved — validation pending,,,,https://www.linkedin.com/company/digitas-north-america/jobs,Search results are unverified leads; no board added.,no_url_at_all
Dimensional Analytics,Search leads saved — validation pending,,,,https://www.linkedin.com/company/dimensional-analytics,Search results are unverified leads; no board added.,no_url_at_all
Discovery Senior Living,Further adapter investigation required,,,,https://ht-jobs.net/n278b5v?s=in,,needs_adapter
Disney Experiences,Provided URL unavailable,,,,https://disneyexperiences.com/careers,,no_url_at_all
divcon,Further adapter investigation required,,,,https://careers.divcon.com,,no_board_found
DK Security,Search leads saved — validation pending,,,,https://dksecurity.com/careers/,Search results are unverified leads; no board added.,no_url_at_all
Do it Best,Search leads saved — validation pending,,,,https://www.doitbest.com/hardware-hank/careers/,Search results are unverified leads; no board added.,no_url_at_all
Dobbins Company,Search leads saved — validation pending,,,,https://dobbinsco.com/,Search results are unverified leads; no board added.,no_url_at_all
Dow Jones,Further adapter investigation required,,,,https://dowjones.jobs/,,no_board_found
"DrFirst, Inc.",Search leads saved — validation pending,,,,https://drfirst.com/careers,Search results are unverified leads; no board added.,no_url_at_all
Drive Medical,Search leads saved — validation pending,,,,https://www.drivemedical.com/work-with-us,Search results are unverified leads; no board added.,no_url_at_all
DSD Laboratories,Search leads saved — validation pending,,,,https://dsdlabs.com/careers/,Search results are unverified leads; no board added.,no_url_at_all
DSG Supply,Search leads saved — validation pending,,,,https://www.dsgsupply.com/?setContextLanguageCode=en-us,Search results are unverified leads; no board added.,no_url_at_all
DSI Tech,Further adapter investigation required,,,,https://dsitech.hrmdirect.com/employment/view.php?req=3790825&jbsrc=1014&location=3bc6801a-ca05-6e7d-39f7-65f140f4de1c,,needs_adapter
DSM-H Consulting,Provided URL unavailable,,,,https://careers.dsmhconsulting.com,,no_board_found
DT,Search leads saved — validation pending,,,,https://dt-global.com/work-with-us/,Search results are unverified leads; no board added.,no_url_at_all
DTE Energy,Added and verified,https://careers.dteenergy.com,successfactors,77,https://careers.dteenergy.com/job/Detroit-Senior-Cloud-Engineer-MI-48201/1394704700/,Board registration read back from live database.,needs_adapter
Dunhill Professional Search & Government Solutions,Search leads saved — validation pending,,,,https://www.linkedin.com/company/dunhill-government-solutions,Search results are unverified leads; no board added.,no_url_at_all
Dynamics Executive Search,Search leads saved — validation pending,,,,https://www.linkedin.com/company/dynamics-associates,Search results are unverified leads; no board added.,no_url_at_all
"E&M Technologies, Inc.",Search leads saved — validation pending,,,,https://eandmtech.com/,Search results are unverified leads; no board added.,no_url_at_all
E-Solutions,Search leads saved — validation pending,,,,https://www.e-solutions.co.jp/en/recruit/,Search results are unverified leads; no board added.,no_url_at_all
EAE USA,Search leads saved — validation pending,,,,https://www.linkedin.com/company/eae-usa/jobs,Search results are unverified leads; no board added.,no_url_at_all
Early Bird College,No official portal confirmed,,,,,No validated public source established in this pass.,no_url_at_all
EarthCam,Search leads saved — validation pending,,,,https://www.earthcam.net/about-us/culture-careers/,Search results are unverified leads; no board added.,no_url_at_all
ebbo,Search leads saved — validation pending,,,,https://www.ebbo.com/company/careers/,Search results are unverified leads; no board added.,no_url_at_all
"EBRYIT, INC",Public portal restricted during check,,,,https://ebryit.betterteam.com/inside-project-manager-3?utm_source=indeed&utm_medium=web_xmlfeed&utm_campaign=indeed_organic,,needs_adapter
"Econometrica, Inc.",Further adapter investigation required,,,,https://econometricainc.hua.hrsmart.com/pm_module/cgi-bin/click.cgi?job_id=88&site_id=148,,needs_adapter
ECU Health,Added and verified,https://careers.ecuhealth.org,phenom,464,https://careers.ecuhealth.org/us/en/job/984963,Board registration read back from live database.,needs_adapter
Eden and Gray Design Build,Search leads saved — validation pending,,,,https://www.edenandgray.com/careers,Search results are unverified leads; no board added.,no_url_at_all
EEC Solutions,Provided URL unavailable,,,,https://apply.appone.com:443/job/6a85e24cd745f7c78ea0741d?utm_source=INDEED,,needs_adapter
EGI Battery,Search leads saved — validation pending,,,,https://egibattery.com/,Search results are unverified leads; no board added.,no_url_at_all
"El Paso County, CO",Readable — identity review pending,https://www.governmentjobs.com/careers/elpasocountyco,schooljobs,31,https://www.governmentjobs.com/careers/ElPasoCountyCo/jobs/5478522/fire-safety-wildfire-mitigation-program-manager,,government_portal
El Toro.com,Further adapter investigation required,,,,https://eltoro.com/careers/?gnk=job&gni=8a7883aca0abfd0401a0b106b6b55587&gns=Indeed+Free,,needs_adapter
Elastic,Readable — identity review pending,https://job-boards.greenhouse.io/elastic,greenhouse,358,https://job-boards.greenhouse.io/elastic,,board_guessed_unverified
Electrolit USA,Search leads saved — validation pending,,,,https://www.linkedin.com/company/electrolit/jobs,Search results are unverified leads; no board added.,no_url_at_all
Elevation Church,Search leads saved — validation pending,,,,https://www.elevationchurch.org/jobs,Search results are unverified leads; no board added.,no_url_at_all
EliseAI,Readable — identity review pending,https://jobs.ashbyhq.com/eliseai,ashby,115,https://jobs.ashbyhq.com/eliseai,,board_guessed_unverified
Elite Talent Hub,Search leads saved — validation pending,,,,https://www.elitetalenthub.ie/,Search results are unverified leads; no board added.,no_url_at_all
Elite Tech Installs,Search leads saved — validation pending,,,,https://www.elitetechinstalls.com/contact-us,Search results are unverified leads; no board added.,no_url_at_all
Elmington,Search leads saved — validation pending,,,,https://www.oneelmington.com/careers,Search results are unverified leads; no board added.,no_url_at_all
Emerald Advantage Concepts LLC,Search leads saved — validation pending,,,,https://emeraldadvantageconcepts.com/,Search results are unverified leads; no board added.,no_url_at_all
Emerald Executive Solutions,Search leads saved — validation pending,,,,https://emeraldexecutivesolutions.com/,Search results are unverified leads; no board added.,no_url_at_all
"EMM Group, Inc.",Search leads saved — validation pending,,,,https://www.emmgroup.net/agile-marketing-experts,Search results are unverified leads; no board added.,no_url_at_all
"Empire Candle Co., LLC",Further adapter investigation required,,,,https://empirecandle.com/careers?gnk=job&gni=8a78839ea06420ea01a0920f8b7f27d1&gns=Indeed+Free,,needs_adapter
"Encore Electric, Inc.",Search leads saved — validation pending,,,,https://www.encoreelectric.com/technology-solutions-jobs/,Search results are unverified leads; no board added.,no_url_at_all
EngRadar,Search leads saved — validation pending,,,,https://engradar.com/,Search results are unverified leads; no board added.,no_url_at_all
Enroute Computer Solutions (ECS),Further adapter investigation required,,,,https://www.appone.com/applinkportal.asp?r_id=7204069&AdCode=Indeed19022,,needs_adapter
Entarian,Search leads saved — validation pending,,,,https://entarian.com/careers/,Search results are unverified leads; no board added.,no_url_at_all
Enterprise Electrical,Search leads saved — validation pending,,,,https://enterpriseelectricalco.com/careers/,Search results are unverified leads; no board added.,no_url_at_all
ENVIRONMENTAL IMPROVEMENTS INC,Further adapter investigation required,,,,https://vessco.rec.pro.ukg.net/VES1500VSCH/JobBoard/721a2bf3-a114-4d58-8140-ff06bdd6b9a4/OpportunityDetail?opportunityId=108f6204-2518-4131-bb38-7f6b4593cdf8&postingId=3343b2bc-2231-4f88-b52d-2f780f3a3ccb,,needs_adapter
Envisioneering Inc,Provided URL unavailable,,,,https://envisioneeringinc.com/careers,,no_url_at_all
EPIC Insurance Brokers & Consultants,Search leads saved — validation pending,,,,https://www.epicbrokers.com/about/epic-careers/,Search results are unverified leads; no board added.,no_url_at_all
"Epsilon Systems Solutions, Inc.",Further adapter investigation required,,,,https://workforce.epsilonsystems.com/jobpostings/600fe108-0344-4539-9c50-292a44f33ec6?t=indeed,,needs_adapter
Equus Workforce Solutions,Search leads saved — validation pending,,,,https://equusworks.com/,Search results are unverified leads; no board added.,staffing_firm
Erias Ventures,Further adapter investigation required,,,,https://careers.eriasventures.com/careers/89065,,no_board_found
Erie Home,Search leads saved — validation pending,,,,https://eriehome.com/careers/,Search results are unverified leads; no board added.,no_url_at_all
"Esquire Deposition Solutions, LLC",Search leads saved — validation pending,,,,https://www.esquiresolutions.com/careers/,Search results are unverified leads; no board added.,no_url_at_all
ETS,Search leads saved — validation pending,,,,https://www.ets.org/careers.html,Search results are unverified leads; no board added.,no_url_at_all
Eugene Water & Electric Board (EWEB),Search leads saved — validation pending,,,,https://www.eweb.org/careers,Search results are unverified leads; no board added.,no_url_at_all
Eurofins BioPharma Product Testing North America,Search leads saved — validation pending,,,,https://www.eurofins.com/en-us/biopharma-services/biopharma-product-testing/,Search results are unverified leads; no board added.,no_url_at_all
EV Construction,Search leads saved — validation pending,,,,https://ev.construction/careers/,Search results are unverified leads; no board added.,no_url_at_all
Evans Inc.,Search leads saved — validation pending,,,,https://evansinc.com/careers/,Search results are unverified leads; no board added.,no_url_at_all
Everfox,Search leads saved — validation pending,,,,https://www.everfox.com/about/careers/,Search results are unverified leads; no board added.,no_url_at_all
Evergreen Nephrology,Readable — identity review pending,https://job-boards.greenhouse.io/evergreennephrology,greenhouse,9,https://job-boards.greenhouse.io/evergreennephrology,,board_guessed_unverified
Evergy,Further adapter investigation required,,,,https://evergy.com/careers,,no_url_at_all
ExamWorks,Search leads saved — validation pending,,,,https://www.examworks.com/careers,Search results are unverified leads; no board added.,no_url_at_all
EXL,Search leads saved — validation pending,,,,https://www.exlservice.com/careers,Search results are unverified leads; no board added.,no_url_at_all
Exos,Search leads saved — validation pending,,,,https://www.teamexos.com/career,Search results are unverified leads; no board added.,no_url_at_all
Experimental Aircraft Association Inc,Further adapter investigation required,,,,https://aviation.rec.pro.ukg.net/EXP1009EAAC/JobBoard/ff49ec69-3479-4111-8047-893c80401cd8/OpportunityDetail?opportunityId=d1e9575a-b4f2-4fca-9299-34bac7c96b67&postingId=b6a38513-0807-4629-a682-01603bc79829,,needs_adapter
Extreme Engineering Solutions,Search leads saved — validation pending,,,,https://www.xes-inc.com/site-map/,Search results are unverified leads; no board added.,no_url_at_all
Extron,Search leads saved — validation pending,,,,https://www.extron.com/Careers,Search results are unverified leads; no board added.,no_url_at_all
F&G,Search leads saved — validation pending,,,,https://www.fglife.com/about/careers,Search results are unverified leads; no board added.,no_url_at_all
"Facilities Maintenance Management, LLC. (FMM)",Search leads saved — validation pending,,,,https://www.linkedin.com/jobs/facilities-maintenance-management-llc.-%28fmm%29-jobs-worldwide,Search results are unverified leads; no board added.,no_url_at_all
Falcon Insurance Group,Readable — identity review pending,https://workforcenow.cloud.adp.com/mascsr/default/mdf/recruitment/recruitment.html?cid=f67aabd8-b4a9-4ed8-9817-25232a779880&ccId=19000101_000001,adp,5,https://workforcenow.cloud.adp.com/mascsr/default/mdf/recruitment/recruitment.html?cid=f67aabd8-b4a9-4ed8-9817-25232a779880&ccId=19000101_000001&jobId=19675&source=IN&lang=en_US,,board_resolved_but_unused
Farm Family,Search leads saved — validation pending,,,,https://farmfamily.com/about/careers/,Search results are unverified leads; no board added.,no_url_at_all
Farsight,Readable — identity review pending,https://jobs.ashbyhq.com/farsight,ashby,7,https://jobs.ashbyhq.com/farsight,,board_guessed_unverified
FastTek Global,Search leads saved — validation pending,,,,https://www.fasttek.com/,Search results are unverified leads; no board added.,no_url_at_all
FE Controls Corporation,Search leads saved — validation pending,,,,https://www.linkedin.com/company/fe-controls-corporation,Search results are unverified leads; no board added.,no_url_at_all
Feit Electric,Further adapter investigation required,,,,https://www.feit.com/pages/technical-program-manager-pico-rivera-ca,,needs_adapter
"FiberTel, LLC",Further adapter investigation required,,,,https://jobs.fibertel.com/,,no_board_found
Fidelity TalentSource,Further adapter investigation required,,,,https://www.fidelitytalentsource.com/job-search/181855/sr-full-stack-engineer/?job-id=181855&source=Indeed,,needs_adapter
FieldPulse,Further adapter investigation required,,,,https://jobs.fieldpulse.com,,no_board_found
Figwork,Search leads saved — validation pending,,,,https://figwork.ai/,Search results are unverified leads; no board added.,no_url_at_all
FINCANTIERI,Further adapter investigation required,,,,https://recruiting.adp.com/srccsh/public/RTI.home?r=5001221567006&c=2155013&d=FMGExternal&rb=INDEED&idUnique=5001221567006,,needs_adapter
Finvi,Search leads saved — validation pending,,,,https://finvi.com/careers/,Search results are unverified leads; no board added.,no_url_at_all
FIREFLY,Search leads saved — validation pending,,,,https://www.firefly.ai/careers?query=multi,Search results are unverified leads; no board added.,no_url_at_all
Firefly Aerospace,Search leads saved — validation pending,,,,https://fireflyspace.com/,Search results are unverified leads; no board added.,no_url_at_all
Firehouse Subs,Further adapter investigation required,,,,https://careers.firehousesubs.com,,no_board_found
First Onsite Property Restoration,Search leads saved — validation pending,,,,https://firstonsite.com/careers/,Search results are unverified leads; no board added.,no_url_at_all
"Fitch Group, Inc.",Search leads saved — validation pending,,,,https://careers.fitch.group/,Search results are unverified leads; no board added.,no_url_at_all
Fives,Search leads saved — validation pending,,,,https://www.fivesgroup.com/careers,Search results are unverified leads; no board added.,no_url_at_all
"Flare Construction, LLC",Search leads saved — validation pending,,,,https://www.linkedin.com/company/flare-construction-llc,Search results are unverified leads; no board added.,no_url_at_all
Flatland Energy Services,Search leads saved — validation pending,,,,https://www.flatlandenergy.com/,Search results are unverified leads; no board added.,no_url_at_all
Flex-N-Gate,Further adapter investigation required,,,,https://flex-n-gate.com/jobs/,,no_board_found
Flinn,Readable — identity review pending,https://jobs.ashbyhq.com/flinn,ashby,3,https://jobs.ashbyhq.com/flinn,,board_guessed_unverified
Florida Hospital Association,Search leads saved — validation pending,,,,https://fha.org/,Search results are unverified leads; no board added.,no_url_at_all
Florida Telephone Service,Search leads saved — validation pending,,,,https://www.indeed.com/viewjob?jk=d601c109d05eb148,Search results are unverified leads; no board added.,no_url_at_all
fomo,Search leads saved — validation pending,,,,https://fomo.gs/jobs/,Search results are unverified leads; no board added.,no_url_at_all
Forbes Bros. Group of Companies,Search leads saved — validation pending,,,,https://www.indeed.com/cmp/Forbes-Bros-Group-of-Companies,Search results are unverified leads; no board added.,no_url_at_all
Forbes Technical Consulting,Search leads saved — validation pending,,,,https://jo.linkedin.com/company/forbes-technical-consulting,Search results are unverified leads; no board added.,no_url_at_all
ForceBrands,Further adapter investigation required,,,,https://careers.forcebrands.com/,,no_board_found
foreUP Golf,Search leads saved — validation pending,,,,https://www.foreupgolf.com/foreup-careers/,Search results are unverified leads; no board added.,no_url_at_all
Forged Fiber 37,Search leads saved — validation pending,,,,https://www.forgedfiber37.com/careers,Search results are unverified leads; no board added.,no_url_at_all
Formula,Readable — identity review pending,https://jobs.ashbyhq.com/formula,ashby,1,https://jobs.ashbyhq.com/formula,,board_guessed_unverified
Fort Worth ISD,Search leads saved — validation pending,,,,https://www.fwisd.org/departments/talent-management/apply-now,Search results are unverified leads; no board added.,no_url_at_all
Foundation Finance Company Careers,Search leads saved — validation pending,,,,https://careers.foundationfinance.com/careers-home,Search results are unverified leads; no board added.,no_url_at_all
FoundRae,Search leads saved — validation pending,,,,https://foundrae.com/pages/careers,Search results are unverified leads; no board added.,no_url_at_all
Fourth Floor,Search leads saved — validation pending,,,,https://fourthfloorcreative.co/jobs,Search results are unverified leads; no board added.,no_url_at_all
Foxconn E BG Group,Search leads saved — validation pending,,,,https://www.linkedin.com/company/foxconnebggroup,Search results are unverified leads; no board added.,no_url_at_all
Fracht Group - North America,Search leads saved — validation pending,,,,https://www.linkedin.com/company/frachtgroup/jobs,Search results are unverified leads; no board added.,no_url_at_all
Fragomen,Search leads saved — validation pending,,,,https://www.fragomen.com/careers/index.html,Search results are unverified leads; no board added.,no_url_at_all
Framebridge,Search leads saved — validation pending,,,,https://www.linkedin.com/company/framebridge/jobs,Search results are unverified leads; no board added.,no_url_at_all
FrankCrum Staffing,Search leads saved — validation pending,,,,https://frankcrumstaffing.com/search-jobs,Search results are unverified leads; no board added.,staffing_firm
Fred Hutch,Search leads saved — validation pending,,,,https://www.fredhutch.org/en/about/careers.html,Search results are unverified leads; no board added.,no_url_at_all
Free People,Search leads saved — validation pending,,,,https://www.freepeople.com/about-fp-community/,Search results are unverified leads; no board added.,no_url_at_all
Freeform,Search leads saved — validation pending,,,,https://freeform.co/careers,Search results are unverified leads; no board added.,no_url_at_all
Freeman Company,Search leads saved — validation pending,,,,https://www.linkedin.com/company/freemanevents/jobs,Search results are unverified leads; no board added.,no_url_at_all
Freeport LNG,Search leads saved — validation pending,,,,https://freeportlng.com/careers/current-openings,Search results are unverified leads; no board added.,no_url_at_all
French Feast,Further adapter investigation required,,,,https://french-feast-inc.careerplug.com/j/034j006,,needs_adapter
"FreshPoint, Inc.",Search leads saved — validation pending,,,,https://www.freshpoint.com/careers/,Search results are unverified leads; no board added.,no_url_at_all
Frontier Community Services,Search leads saved — validation pending,,,,https://www.frontiercommunity.com/careers/,Search results are unverified leads; no board added.,no_url_at_all
Frontline Insurance Managers,Readable — identity review pending,https://workforcenow.adp.com/mascsr/default/mdf/recruitment/recruitment.html?cid=5b8f22a5-62c6-48a6-83a1-05524c5316bc&ccId=19000101_000001,adp,40,https://workforcenow.adp.com/mascsr/default/mdf/recruitment/recruitment.html?cid=5b8f22a5-62c6-48a6-83a1-05524c5316bc&ccId=19000101_000001&jobId=959035&source=IN&lang=en_US,,board_resolved_but_unused
FTI Defense - Frontier Technology Inc.,Search leads saved — validation pending,,,,https://www.linkedin.com/company/fti-defense/jobs,Search results are unverified leads; no board added.,no_url_at_all
FUJIFILM Americas,Search leads saved — validation pending,,,,https://www.linkedin.com/company/fujifilm/jobs,Search results are unverified leads; no board added.,no_url_at_all
Fujitsu,Further adapter investigation required,,,,https://jobs.fujitsu.com,,no_board_found
fullthrottle.ai®,Search leads saved — validation pending,,,,https://www.fullthrottle.ai/careers/,Search results are unverified leads; no board added.,no_url_at_all
"FYI - For Your Information, Inc.",Search leads saved — validation pending,,,,https://www.linkedin.com/company/fyinfoinc,Search results are unverified leads; no board added.,no_url_at_all
G-III Apparel Group,Search leads saved — validation pending,,,,https://www.giii.com/pages/work-with-us,Search results are unverified leads; no board added.,no_url_at_all
G2,Readable — identity review pending,https://jobs.ashbyhq.com/g2,ashby,38,https://jobs.ashbyhq.com/g2,,board_guessed_unverified
Galapagos Federal Systems,Search leads saved — validation pending,,,,https://www.linkedin.com/company/galapagos-federal-systems,Search results are unverified leads; no board added.,no_url_at_all
Galent,Further adapter investigation required,,,,https://careers.galent.com/,,no_board_found
Gandara Center,Search leads saved — validation pending,,,,https://www.gandaracenter.org/careersold,Search results are unverified leads; no board added.,no_url_at_all
Gauss Management Research & Engineering (GMRE Inc.),Search leads saved — validation pending,,,,https://www.linkedin.com/company/gmre-inc/jobs,Search results are unverified leads; no board added.,no_url_at_all
GECU,Further adapter investigation required,,,,https://myjobs.adp.com/gecucareers/cx/job-details?reqId=5001222239900,,needs_adapter
Gellert Global Group,Search leads saved — validation pending,,,,https://gellertglobalgroup.com/careers,Search results are unverified leads; no board added.,no_url_at_all
General Dynamics - Bath Iron Works,Search leads saved — validation pending,,,,https://www.gdbiw.com/,Search results are unverified leads; no board added.,no_url_at_all
General Electric Credit Union,Search leads saved — validation pending,,,,https://www.gecreditunion.org/about/gecu/who-we-are/careers,Search results are unverified leads; no board added.,no_url_at_all
Gentiva,Search leads saved — validation pending,,,,https://careers.gentivahs.com/,Search results are unverified leads; no board added.,no_url_at_all
"Geo-Med, LLC",Search leads saved — validation pending,,,,https://www.linkedin.com/company/geo-med-llc,Search results are unverified leads; no board added.,no_url_at_all
Geopaq Logic,Search leads saved — validation pending,,,,https://www.linkedin.com/company/geopaq-logic-inc,Search results are unverified leads; no board added.,no_url_at_all
Georgia Power Company,Search leads saved — validation pending,,,,https://www.linkedin.com/company/georgiapower,Search results are unverified leads; no board added.,no_url_at_all
Gerdau North America,Search leads saved — validation pending,,,,https://jobs.gerdau.com/,Search results are unverified leads; no board added.,no_url_at_all
GH Engage,Search leads saved — validation pending,,,,https://www.linkedin.com/company/gh-engage,Search results are unverified leads; no board added.,no_url_at_all
GI Alliance,Search leads saved — validation pending,,,,https://gialliance.com/careers/positions/,Search results are unverified leads; no board added.,no_url_at_all
Giga,Search leads saved — validation pending,,,,https://www.linkedin.com/company/gigaml/jobs,Search results are unverified leads; no board added.,no_url_at_all
Givebutter,Readable — identity review pending,https://jobs.ashbyhq.com/givebutter,ashby,7,https://jobs.ashbyhq.com/givebutter,,board_guessed_unverified
Gleaners Food Bank of Indiana,Search leads saved — validation pending,,,,https://www.gleaners.org/,Search results are unverified leads; no board added.,no_url_at_all
GlobalSource IT,Search leads saved — validation pending,,,,https://www.globalsourceit.com/,Search results are unverified leads; no board added.,no_url_at_all
Globespan,Search leads saved — validation pending,,,,https://www.globespan.com/careers,Search results are unverified leads; no board added.,no_url_at_all
GLS US,Search leads saved — validation pending,,,,https://www.linkedin.com/company/general-logistics-systems-us/jobs,Search results are unverified leads; no board added.,no_url_at_all
GM Defense,Search leads saved — validation pending,,,,https://search-careers.gm.com/en/gm-defense/,Search results are unverified leads; no board added.,no_url_at_all
GNR Public Health,Search leads saved — validation pending,,,,https://www.gnrhealth.com/careers/,Search results are unverified leads; no board added.,no_url_at_all
Goddard School of Indian Land,Search leads saved — validation pending,,,,https://www.goddardschool.com/schools/sc/indian-land/indian-land/our-school/careers,Search results are unverified leads; no board added.,no_url_at_all
GOGov,Search leads saved — validation pending,,,,https://www.gogovapps.com/careers,Search results are unverified leads; no board added.,no_url_at_all
Goldbelt Glacier Health Services,Search leads saved — validation pending,,,,https://www.goldbelt.com/careers/careers-area/,Search results are unverified leads; no board added.,no_url_at_all
Golden Hour Designs,Further adapter investigation required,,,,https://jobs.gusto.com/postings/golden-hour-designs-retail-product-coordinator-c0c62005-d8cd-4ca5-8b05-31472da4cf31,,needs_adapter
Goodall Brazier,Search leads saved — validation pending,,,,https://www.goodallbrazier.com/,Search results are unverified leads; no board added.,no_url_at_all
Goodwill of Central and Coastal Virginia,Further adapter investigation required,,,,https://secure.entertimeonline.com/ta/6070409.careers?ShowJob=839096579,,needs_adapter
Google DeepMind,Search leads saved — validation pending,,,,https://deepmind.google/careers/,Search results are unverified leads; no board added.,no_url_at_all
Google Operations Center,Search leads saved — validation pending,,,,https://www.googleoperationscenter.com/,Search results are unverified leads; no board added.,no_url_at_all
gpac,Blocked — unchanged,,,,,Explicit live admin blocklist; skipped.,blocklisted
GPRS,Search leads saved — validation pending,,,,https://www.gp-radar.com/about/careers,Search results are unverified leads; no board added.,no_url_at_all
Great Northern Corporation,Further adapter investigation required,,,,https://jobs.dayforcehcm.com/en-US/gnc/CANDIDATEPORTAL/jobs/10881,,needs_adapter
Greater Somerset County YMCA,Search leads saved — validation pending,,,,https://www.gscymca.org/our-community/careers/,Search results are unverified leads; no board added.,no_url_at_all
Green Key Resources,Search leads saved — validation pending,,,,https://careers.smartrecruiters.com/GreenKeyResources2,Search results are unverified leads; no board added.,no_url_at_all
Grow Therapy,Search leads saved — validation pending,,,,https://growtherapy.com/careers/,Search results are unverified leads; no board added.,no_url_at_all
Gruppo TecnoFerrari S.p.A.,Search leads saved — validation pending,,,,https://www.linkedin.com/company/gruppo-tecnoferrari-s.p.a.,Search results are unverified leads; no board added.,no_url_at_all
GSA,Search leads saved — validation pending,,,,https://www.gsa.gov/about-gsa/careers,Search results are unverified leads; no board added.,no_url_at_all
Guardian Life,Search leads saved — validation pending,,,,https://www.guardianlife.com/careers,Search results are unverified leads; no board added.,no_url_at_all
"GXO Logistics, Inc.",Adapter validation unresolved,https://jobs.gxo.com,successfactors,0,https://jobs.gxo.com/job/The-Dalles-Program-Coordinator%2C-Operations-1st-shift-OR-97058-3570/1423222200/,"ConnectionError: HTTPSConnectionPool(host='jobs.gxo.com', port=443): Read timed out.",needs_adapter
H.J. Martin and Son,Search leads saved — validation pending,,,,https://www.hjmartin.com/company/employment/,Search results are unverified leads; no board added.,no_url_at_all
H2O Innovation,Search leads saved — validation pending,,,,https://www.h2oinnovation.com/about-us/careers/,Search results are unverified leads; no board added.,no_url_at_all
Habitat For Humanity Corpus Christi,Search leads saved — validation pending,,,,https://www.habitat.org/tx/corpus-christi/habitat-humanity-corpus-christi,Search results are unverified leads; no board added.,no_url_at_all
Hadrian,Search leads saved — validation pending,,,,https://www.hadrian.org/careers,Search results are unverified leads; no board added.,no_url_at_all
HAGGERTY CONSTRUCTION INC.,Further adapter investigation required,,,,https://jobs.miter.com/haggerty-construction-inc/project-coordinator-ca-stockton,,needs_adapter
"Hakkōda, an IBM Company",Search leads saved — validation pending,,,,https://www.linkedin.com/company/hakkoda/jobs,Search results are unverified leads; no board added.,no_url_at_all
HallKeen Management,Search leads saved — validation pending,,,,https://www.hallkeen.com/contact,Search results are unverified leads; no board added.,no_url_at_all
Hallmark Global Solutions Ltd,Search leads saved — validation pending,,,,https://www.linkedin.com/posts/hallmark-global-solutions_hallmarkglobalsolutions-hiring-recruitment-activity-7234602825895313410-9t0G,Search results are unverified leads; no board added.,staffing_firm
Hamilton Lane,Search leads saved — validation pending,,,,https://www.hamiltonlane.com/en-us/careers,Search results are unverified leads; no board added.,no_url_at_all
Harbinger,Search leads saved — validation pending,,,,https://www.harbingergroup.com/current-openings/,Search results are unverified leads; no board added.,no_url_at_all
Hargrove Engineers & Constructors,Search leads saved — validation pending,,,,https://hargrove-epc.dejobs.org/jobs/,Search results are unverified leads; no board added.,no_url_at_all
Harlem Children's Zone,Search leads saved — validation pending,,,,https://hcz.org/careers-at-hcz-promise-academy/,Search results are unverified leads; no board added.,no_url_at_all
Harris County Toll Road Authority,Readable — identity review pending,https://www.governmentjobs.com/careers/hctra,schooljobs,3,https://www.governmentjobs.com/careers/hctra/jobs/5480746/business-systems-analyst,,government_portal
Harris Health,Further adapter investigation required,,,,https://careers.harris-health.com,,no_board_found
Harrisburg University of Science and Technology,University follow-up required,,,,https://www.harrisburgu.edu/careers/,Corrected officialsource returned HTTP403,no_url_at_all
Harrison Clarke,Further adapter investigation required,,,,https://www.harrisonclarke.com/,,no_board_found
"Harrison, Walker and Harper",Further adapter investigation required,,,,https://hwh.hrmdirect.com/employment/view.php?req=3803537&jbsrc=1014&location=2376783a-fd51-7d7a-b30e-ca574556aa84,,needs_adapter
Harvard Graduate School of Education,Already configured,https://jobs.smartrecruiters.com/HarvardUniversity,smartrecruiters,312,https://careers.harvard.edu/jobs,Board registration read back from live database.,no_url_at_all
Harvard Medical School,Already configured,https://jobs.smartrecruiters.com/HarvardUniversity,smartrecruiters,312,https://careers.harvard.edu/jobs,Board registration read back from live database.,no_url_at_all
Hay Runner,Search leads saved — validation pending,,,,https://www.hayrunner.com/were-hiring,Search results are unverified leads; no board added.,no_url_at_all
HB Wealth,Search leads saved — validation pending,,,,https://hbwealth.com/careers/,Search results are unverified leads; no board added.,no_url_at_all
HealthFitness,Search leads saved — validation pending,,,,https://www.healthfitness.com/join-our-team,Search results are unverified leads; no board added.,no_url_at_all
Heartbeat,Search leads saved — validation pending,,,,https://careers.publicisgroupe.com/heartbeat/jobs,Search results are unverified leads; no board added.,no_url_at_all
Heckmann Financial,Search leads saved — validation pending,,,,https://www.linkedin.com/company/heckmann-financial,Search results are unverified leads; no board added.,no_url_at_all
Heilind Electronics,Search leads saved — validation pending,,,,https://www.heilind.com/cms/careers/,Search results are unverified leads; no board added.,no_url_at_all
Helic & Co,Search leads saved — validation pending,,,,https://www.linkedin.com/jobs/helic-%26-co.-jobs-worldwide,Search results are unverified leads; no board added.,no_url_at_all
Henderson Scott US,Further adapter investigation required,,,,https://jobs.hendersonscott.com/,,no_board_found
"Henkels & McCoy, Inc.",Search leads saved — validation pending,,,,https://henkels.com/,Search results are unverified leads; no board added.,no_url_at_all
Hepburn and Sons LLC,Search leads saved — validation pending,,,,https://www.hepburnandsons.com/careers,Search results are unverified leads; no board added.,no_url_at_all
Hexagon Autonomous Solutions,Search leads saved — validation pending,,,,https://www.linkedin.com/posts/hexagonap_be-a-part-of-the-autonomous-future-activity-7132051659987304448-nDxo,Search results are unverified leads; no board added.,no_url_at_all
HEYDUDE,Search leads saved — validation pending,,,,https://www.linkedin.com/company/heydude/jobs,Search results are unverified leads; no board added.,no_url_at_all
Higginbotham,Search leads saved — validation pending,,,,https://www.higginbothams.com/careers,Search results are unverified leads; no board added.,no_url_at_all
Highland Rivers Behavioral Health,Further adapter investigation required,,,,https://secure.entertimeonline.com/ta/HighlandRivers.careers?ShowJob=537222042,,needs_adapter
Highmark Residential,Search leads saved — validation pending,,,,https://careers-highmarkres.icims.com/jobs/intro?mobile=true&needsRedirect=false,Search results are unverified leads; no board added.,no_url_at_all
Hightower Advisors,Search leads saved — validation pending,,,,https://hightoweradvisors.com/careers.html,Search results are unverified leads; no board added.,no_url_at_all
"Hilley & Solis, P.L.L.C.",Search leads saved — validation pending,,,,https://hilley-solis.com/,Search results are unverified leads; no board added.,no_url_at_all
Hills & Dales,Added and verified,https://hillsdales.isolvedhire.com/jobs/,applicantpro,30,https://hillsdales.isolvedhire.com/jobs/1867089-161057.html,Board registration read back from live database.,needs_adapter
Hillsboro Hops,Further adapter investigation required,,,,https://www.teamworkonline.com/baseball-jobs/northwestleague/hillsboro-hops/retail-operations-coordinator-2190579?source=Indeed,,needs_adapter
HMSA,Search leads saved — validation pending,,,,https://hmsa.com/careers/,Search results are unverified leads; no board added.,no_url_at_all
"HNI Workplace Furnishings, LLC",Search leads saved — validation pending,,,,https://www.linkedin.com/company/hniworkplacefurnishings,Search results are unverified leads; no board added.,no_url_at_all
"Ho-Chunk, Inc.",Search leads saved — validation pending,,,,https://www.hochunkinc.com/careers/,Search results are unverified leads; no board added.,no_url_at_all
Hoar Construction,Search leads saved — validation pending,,,,https://hoar.com/current-opportunities/,Search results are unverified leads; no board added.,no_url_at_all
Hoffmaster,Search leads saved — validation pending,,,,https://hoffmaster.com/careers/,Search results are unverified leads; no board added.,no_url_at_all
HOKA,Search leads saved — validation pending,,,,https://www.hoka.de/karriere/jobs.html,Search results are unverified leads; no board added.,no_url_at_all
Holland America Line,Readable — identity review pending,https://eicl.fa.em5.oraclecloud.com/hcmUI/CandidateExperience/en/sites/CORP,oracle,237,https://eicl.fa.em5.oraclecloud.com:443/hcmUI/CandidateExperience/en/job/13987,,needs_adapter
Home Expressions Inc.,Search leads saved — validation pending,,,,https://www.linkedin.com/company/home-expressions-inc,Search results are unverified leads; no board added.,no_url_at_all
Home Genius Exteriors,Search leads saved — validation pending,,,,https://homegeniusexteriors.com/careers/,Search results are unverified leads; no board added.,no_url_at_all
Hood Depot International,Search leads saved — validation pending,,,,https://hooddepot.com/,Search results are unverified leads; no board added.,no_url_at_all
Hope Human Services,Further adapter investigation required,,,,https://gethired.com/job/social-services-program-manager-social-services-case-manager-4?rcid=inply,,needs_adapter
Horizon Health,Adapter validation unresolved,https://www.icims.com/jobs/search?ss=1&in_iframe=1,icims,0,https://uhs.jibeapply.com/careers/jobs/367050/job?utm_source=indeed_integration&iis=Job%20Board&iisn=Indeed&indeed-apply-token=73a2d2b2a8d6d5c0a62696875eaebd669103652d3f0c2cd5445d3e66b1592b0f,PartialScrapeError: 404 Client Error: Not Found for url: https://www.icims.com/jobs/search?ss=1&in_iframe=1,needs_adapter
Horizontal Talent,Blocked — unchanged,,,,,Explicit live admin blocklist; skipped.,blocklisted
Hospice of the Valley (AZ),Further adapter investigation required,,,,https://pm.healthcaresource.com/CS/hov/#/job/7348?source=Indeed,,needs_adapter
HOTWORX - West Midtown,Search leads saved — validation pending,,,,https://www.hotworx.net/studio/atlanta-west-mid-town,Search results are unverified leads; no board added.,no_url_at_all
Howard Energy Partners,Search leads saved — validation pending,,,,https://www.howardenergypartners.com/careers/,Search results are unverified leads; no board added.,no_url_at_all
HRM Direct  Middleware Test Company,Search leads saved — validation pending,,,,https://www.linkedin.com/company/hrm-direct-clearcompany-middleware-test-company,Search results are unverified leads; no board added.,no_url_at_all
"hth companies, inc",Search leads saved — validation pending,,,,https://hthcompanies.com/careers/,Search results are unverified leads; no board added.,no_url_at_all
Hughes Marino,Search leads saved — validation pending,,,,https://hughesmarino.com/boston/about-us/careers/,Search results are unverified leads; no board added.,no_url_at_all
Hultafors Group,Search leads saved — validation pending,,,,https://career.hultaforsgroup.com/,Search results are unverified leads; no board added.,no_url_at_all
Hultafors Group North America,Search leads saved — validation pending,,,,https://dc1prodrecruiting.paylocity.com/Recruiting/Jobs/All/58321f41-35dd-4ceb-adb5-3f4be765f5bb?source=LinkedIn_Feed,Search results are unverified leads; no board added.,no_url_at_all
Hunter Bond,Search leads saved — validation pending,,,,https://www.hunterbond.com/join-our-team/,Search results are unverified leads; no board added.,no_url_at_all
HYPERION BIOTECHNOLOGY,Added and verified,https://hyperionbiotechnology.applicantpro.com/jobs/,applicantpro,12,https://www.applicantpro.com/openings/hyperionbiotechnology/jobs/4214166-32522,Board registration read back from live database.,needs_adapter
I8IS - Infiniti Software Solutions,Search leads saved — validation pending,,,,https://ca.linkedin.com/company/infiniti-software-solutions,Search results are unverified leads; no board added.,staffing_firm
IB3 Global Solutions,Search leads saved — validation pending,,,,https://www.ib3global.com/our-team-and-leadership,Search results are unverified leads; no board added.,staffing_firm
ICANN,Search leads saved — validation pending,,,,https://www.icann.org/en/careers,Search results are unverified leads; no board added.,no_url_at_all
ICMA - International City/County Management Association,Search leads saved — validation pending,,,,https://www.linkedin.com/company/icma,Search results are unverified leads; no board added.,no_url_at_all
Icon Protection,Search leads saved — validation pending,,,,https://iconprotection.com/,Search results are unverified leads; no board added.,no_url_at_all
iConvergenceSolutions,Search leads saved — validation pending,,,,https://iconvergencesolutions.com/about.html,Search results are unverified leads; no board added.,no_url_at_all
IDEX Corporation,Search leads saved — validation pending,,,,https://idexcorp.com/careers,Search results are unverified leads; no board added.,no_url_at_all
IHG Hotels & Resorts,Search leads saved — validation pending,,,,https://careers.ihg.com/en/,Search results are unverified leads; no board added.,no_url_at_all
Illumination Works llc,Fetch failed during check,,,,https://workforcenow.adp.com/mascsr/default/mdf/recruitment/recruitment.html?cid=8121f84b-e5e9-4dd2-8d6b-05ce4c46080b&ccId=9200055961405_2&jobId=921175&source=IN&lang=en_US,"ReadTimeout: HTTPSConnectionPool(host='workforcenow.adp.com', port=443): Read timed out. (read timeout=8.0)",board_resolved_but_unused
"IMA Financial Group, Inc.",Search leads saved — validation pending,,,,https://imacorp.com/careers/openings,Search results are unverified leads; no board added.,no_url_at_all
ImageFIRST,Search leads saved — validation pending,,,,https://www.imagefirst.com/careers/,Search results are unverified leads; no board added.,no_url_at_all
IMC Logistics,Search leads saved — validation pending,,,,https://www.imcc.com/careers/administrative-careers/,Search results are unverified leads; no board added.,no_url_at_all
Immedia,Search leads saved — validation pending,,,,https://www.immedia-tech.com/careers,Search results are unverified leads; no board added.,no_url_at_all
Immersion,Search leads saved — validation pending,,,,https://www.immersion.com/careers/,Search results are unverified leads; no board added.,no_url_at_all
IMP,Search leads saved — validation pending,,,,https://careers.impgroup.com/,Search results are unverified leads; no board added.,no_url_at_all
impact.com,Search leads saved — validation pending,,,,https://impact.com/careers/,Search results are unverified leads; no board added.,no_url_at_all
Improvix Technologies,Readable — identity review pending,https://workforcenow.adp.com/mascsr/default/mdf/recruitment/recruitment.html?cid=abdc3bb5-3d0b-4815-9d09-c1a93c3e4530&ccId=19000101_000001,adp,22,https://workforcenow.adp.com/mascsr/default/mdf/recruitment/recruitment.html?cid=abdc3bb5-3d0b-4815-9d09-c1a93c3e4530&ccId=19000101_000001&jobId=545788&source=IN&lang=en_US,,board_resolved_but_unused
Inceed,Further adapter investigation required,,,,https://inceed.com/wp-signup.php?new=careers,,no_board_found
indev,Further adapter investigation required,,,,https://www.indev.com/jobs/scrum-master-w-active-top-secret-or-dhs-clearance/,,needs_adapter
Indiana Biosciences Research Institute (IBRI),Search leads saved — validation pending,,,,https://www.indianabiosciences.org/,Search results are unverified leads; no board added.,no_url_at_all
Inductive Automation,Search leads saved — validation pending,,,,https://inductiveautomation.com/about/careers/,Search results are unverified leads; no board added.,no_url_at_all
Industrial Electric Mfg. (IEM),Search leads saved — validation pending,,,,https://be.linkedin.com/company/industrial-electric-mfg/jobs,Search results are unverified leads; no board added.,no_url_at_all
Infoorigin Inc,Readable — identity review pending,https://workforcenow.adp.com/mascsr/default/mdf/recruitment/recruitment.html?cid=e9667f95-65a1-47e2-a3ef-53654bfa7b59&ccId=19000101_000001,adp,58,https://workforcenow.adp.com/mascsr/default/mdf/recruitment/recruitment.html?cid=e9667f95-65a1-47e2-a3ef-53654bfa7b59&ccId=19000101_000001&jobId=574404&source=IN&lang=en_US,,board_resolved_but_unused
"InfusionPoints, LLC",Further adapter investigation required,,,,https://infusionpoints.com/careers/project-coordinator.html,,needs_adapter
Innovative Defense Technologies (IDT),Search leads saved — validation pending,,,,https://idtus.com/,Search results are unverified leads; no board added.,no_url_at_all
InRhythm,Search leads saved — validation pending,,,,https://inrhythm.com/careers/,Search results are unverified leads; no board added.,no_url_at_all
InSite Real Estate,Search leads saved — validation pending,,,,https://www.insiterealestate.com/open-positions,Search results are unverified leads; no board added.,no_url_at_all
Inspira Financial,Further adapter investigation required,,,,https://recruiting.adp.com/srccsh/public/RTI.home?r=5001182419506&c=2202139&d=ExternalCareerSite&rb=INDEED&idUnique=5001182419506,,needs_adapter
"Instrata Technologies, LLC.",Further adapter investigation required,,,,https://recruitingbypaycor.com/career/JobIntroduction.action?id=8a7887a8a03fc2be01a05d96fe086097&source=Indeed+Free,,needs_adapter
insured.io,Search leads saved — validation pending,,,,https://www.insured.io/careers/software-developer,Search results are unverified leads; no board added.,no_url_at_all
INTELLIFORCE-IT SOLUTIONS GROUP,Readable — identity review pending,https://intelliforceitsolutionsgroup.applytojob.com/apply,jazzhr,37,https://intelliforceitsolutionsgroup.applytojob.com/apply/7PKaVRIpoz/Junior-Software-Engineer-Prime?source=INDE&~,,staffing_firm
Intex Electrical,Search leads saved — validation pending,,,,https://www.intexelectric.com/careers/,Search results are unverified leads; no board added.,no_url_at_all
Intuitive Machines,Readable — identity review pending,https://workforcenow.adp.com/mascsr/default/mdf/recruitment/recruitment.html?cid=b0e24f83-6e4d-492d-9d6a-bc0fea197d6a&ccId=19000101_000001,adp,67,https://workforcenow.adp.com/mascsr/default/mdf/recruitment/recruitment.html?cid=b0e24f83-6e4d-492d-9d6a-bc0fea197d6a&ccId=19000101_000001&jobId=572734&source=IN&lang=en_US,,board_resolved_but_unused
Inversion,Search leads saved — validation pending,,,,https://job-boards.greenhouse.io/inversionspace?error=true,Search results are unverified leads; no board added.,no_url_at_all
iPartner Consulting,Search leads saved — validation pending,,,,https://www.ipartnerconsulting.com/,Search results are unverified leads; no board added.,no_url_at_all
Irex Contracting Group,Search leads saved — validation pending,,,,https://irex.com/,Search results are unverified leads; no board added.,no_url_at_all
IsaacMorris,Search leads saved — validation pending,,,,https://www.linkedin.com/company/isaacmorris,Search results are unverified leads; no board added.,no_url_at_all
"ISEC, Inc.",Search leads saved — validation pending,,,,https://www.isec.com/about-us/career,Search results are unverified leads; no board added.,no_url_at_all
ISN,Readable — identity review pending,https://job-boards.greenhouse.io/isn,greenhouse,15,https://job-boards.greenhouse.io/isn,,board_guessed_unverified
ITA International,Search leads saved — validation pending,,,,https://ita-intl.com/ita-careers/,Search results are unverified leads; no board added.,no_url_at_all
J&T,Search leads saved — validation pending,,,,https://jtkariera.jobs.cz/,Search results are unverified leads; no board added.,no_url_at_all
J. Plumbing Heating and Air Conditioning Inc.,Search leads saved — validation pending,,,,https://www.bjplumbing.com/about-us/careers/,Search results are unverified leads; no board added.,no_url_at_all
Jack & Jill,Search leads saved — validation pending,,,,https://www.jackandjill.ai/,Search results are unverified leads; no board added.,no_url_at_all
Jackson Health System,Added and verified,https://jobs.jacksonhealth.org,phenom,509,https://jobs.jacksonhealth.org/us/en/job/JHSYUS224904EXTERNALENUS/Senior-Business-Analyst-Healthcare-Analytics-Full-Time-Days?utm_source=indeed&utm_medium=phenom-feeds,Board registration read back from live database.,needs_adapter
Jacques Marie Mage,Search leads saved — validation pending,,,,https://www.linkedin.com/company/jacques-marie-mage/jobs,Search results are unverified leads; no board added.,no_url_at_all
James Search Group,Search leads saved — validation pending,,,,https://www.linkedin.com/company/james-search-group,Search results are unverified leads; no board added.,no_url_at_all
"JBS INTERNATIONAL, INC",Further adapter investigation required,,,,https://jbsinternational.hrmdirect.com/employment/view.php?req=3793239&jbsrc=1014&location=5b41b45f-b76f-9cff-c3df-31868ccaa087,,needs_adapter
Jefferson Lab,Search leads saved — validation pending,,,,https://www.jlab.org/section-control/careers,Search results are unverified leads; no board added.,no_url_at_all
Jefferson Solutions Group,Further adapter investigation required,,,,https://jefferson.jobs.agile-ats.com/jobs/details/1603,,needs_adapter
Jeppesen ForeFlight,Search leads saved — validation pending,,,,https://www.jeppesenforeflight.com/careers,Search results are unverified leads; no board added.,no_url_at_all
JLG Industries,Further adapter investigation required,,,,https://www.jlg.com/about-jlg/careers,,no_board_found
JMT,Search leads saved — validation pending,,,,https://jmt.com/careers/,Search results are unverified leads; no board added.,no_url_at_all
Jobverse.io,Search leads saved — validation pending,,,,https://www.linkedin.com/company/jobverse-io,Search results are unverified leads; no board added.,no_url_at_all
"Jockey International, Inc.",Search leads saved — validation pending,,,,https://www.linkedin.com/company/jockey-international-inc/jobs,Search results are unverified leads; no board added.,no_url_at_all
John Hancock,Search leads saved — validation pending,,,,https://www.johnhancock.com/about-us,Search results are unverified leads; no board added.,no_url_at_all
Johns Hopkins Applied Physics Laboratory,Search leads saved — validation pending,,,,https://www.jhuapl.edu/,Search results are unverified leads; no board added.,no_url_at_all
Johns Hopkins Medicine,Search leads saved — validation pending,,,,https://jobs.hopkinsmedicine.org/,Search results are unverified leads; no board added.,no_url_at_all
Johnson & Johnson MedTech,Search leads saved — validation pending,,,,https://www.jnjmedtech.com/en-US/,Search results are unverified leads; no board added.,no_url_at_all
Johnson Technology Systems Inc,Search leads saved — validation pending,,,,https://jtsusa.com/careers/,Search results are unverified leads; no board added.,no_url_at_all
JON MAGNE FJELLSTAD,Search leads saved — validation pending,,,,https://www.linkedin.com/jobs/view/manager-public-affairs-at-jon-magne-fjellstad-4429403348,Search results are unverified leads; no board added.,no_url_at_all
Jonard Tools,Search leads saved — validation pending,,,,https://jonard.com/careers,Search results are unverified leads; no board added.,no_url_at_all
Joveo,Fetch failed during check,,,,https://careers.joveo.com,ValueError: response exceeds 5242880 bytes,no_board_found
JRC Integrated Systems,Search leads saved — validation pending,,,,https://jrcsystems.com/,Search results are unverified leads; no board added.,no_url_at_all
JSET Automated Technologies LLC,Search leads saved — validation pending,,,,https://jset.tech/careers,Search results are unverified leads; no board added.,no_url_at_all
JSX,Search leads saved — validation pending,,,,https://www.linkedin.com/posts/kaylarobinson22_jsx-book-non-stop-flights-airfare-activity-7424829421611597824-YDJY,Search results are unverified leads; no board added.,no_url_at_all
JT4,Search leads saved — validation pending,,,,https://www.jt4llc.com/careers/,Search results are unverified leads; no board added.,no_url_at_all
JTB Americas Ltd,Search leads saved — validation pending,,,,https://www.jtbamericas.com/,Search results are unverified leads; no board added.,no_url_at_all
Jubilee Housing,Search leads saved — validation pending,,,,https://jubileehousing.org/career-opportunities/,Search results are unverified leads; no board added.,no_url_at_all
Juniper Systems,Search leads saved — validation pending,,,,https://www.junipersys.com/,Search results are unverified leads; no board added.,no_url_at_all
Just Construction Recruitment,Search leads saved — validation pending,,,,https://www.linkedin.com/company/justconstructionrecruitment/jobs,Search results are unverified leads; no board added.,staffing_firm
Kaiva Corporation,Further adapter investigation required,,,,https://www.applicantpro.com/openings/kaivaservices/jobs/4214840-836349,,needs_adapter
"Kanaan Communications, LLC",Further adapter investigation required,,,,https://career41.sapsf.com/career?company=dycomindus&career_ns=job_listing&career_job_req_id=13937&lang=en_US&source=Indeed,,needs_adapter
Kansas Department of Health and Environment,Search leads saved — validation pending,,,,https://www.kdhe.ks.gov/1341/Careers-at-KDHE,Search results are unverified leads; no board added.,no_url_at_all
Kavaliro,Further adapter investigation required,,,,https://jobs.kavaliro.com/,,no_board_found
KELLER,Search leads saved — validation pending,,,,https://www.keller.com/careers,Search results are unverified leads; no board added.,no_url_at_all
Kelly,Search leads saved — validation pending,,,,https://careers.kellyocg.com/search,Search results are unverified leads; no board added.,no_url_at_all
Kelly Professional & Industrial,Search leads saved — validation pending,,,,https://www.kellyservices.com/divisions/professional-industrial/,Search results are unverified leads; no board added.,no_url_at_all
"Kendo Brands, Inc",Further adapter investigation required,,,,https://recruiting.adp.com/srccsh/public/RTI.home?r=5001224204206&c=1178815&d=Kendo&rb=INDEED&idUnique=5001224204206,,needs_adapter
"Kennedy Richter Construction, LLC",Search leads saved — validation pending,,,,https://www.kennedyrichter.com/,Search results are unverified leads; no board added.,no_url_at_all
Kent Companies,Search leads saved — validation pending,,,,https://www.kentcompanies.com/careers,Search results are unverified leads; no board added.,no_url_at_all
Kentro,Search leads saved — validation pending,,,,https://careers.kentro.us/home,Search results are unverified leads; no board added.,no_url_at_all
Key & Card AG - Einfach. Genial. Digital.,Search leads saved — validation pending,,,,https://www.linkedin.com/company/keycardag/,Search results are unverified leads; no board added.,no_url_at_all
KiddeFenwal,Search leads saved — validation pending,,,,https://kiddefenwal.com/about-us/careers/,Search results are unverified leads; no board added.,no_url_at_all
Kids in Tech,Added and verified,https://kidsintech.applicantpro.com/jobs/,applicantpro,7,https://www.applicantpro.com/openings/kidsintech/jobs/4205727-956397,Board registration read back from live database.,needs_adapter
Kinertia,Search leads saved — validation pending,,,,https://kinertia.app/,Search results are unverified leads; no board added.,no_url_at_all
King Arthur Baking Company,Further adapter investigation required,,,,https://kingarthurbaking.hrmdirect.com/employment/view.php?req=3800392&jbsrc=1014&location=a72d9b2b-5137-acd0-6834-04f36dac2397,,needs_adapter
"King Tools & Equipment, Inc.",Search leads saved — validation pending,,,,https://www.kingtoolsandequipment.com/,Search results are unverified leads; no board added.,no_url_at_all
KION Group,Adapter validation unresolved,https://kiongroup.wd3.myworkdayjobs.com/de-DE,workday,0,https://kiongroup.wd3.myworkdayjobs.com/de-DE/KIONGroup/job/Grand-Rapids-MI-United-States/Business-Analyst_JR-0095913-1,RuntimeError: Workday kiongroup/de-DE unreadable (HTTP 404 S21),board_resolved_but_unused
KITH,Search leads saved — validation pending,,,,https://kith.wd1.myworkdayjobs.com/en-US/Kith_External_Careers/job/E-Commerce-Merchandising-Associate_R-02490,Search results are unverified leads; no board added.,no_url_at_all
KKR,Search leads saved — validation pending,,,,https://www.kkr.com/careers/career-opportunities,Search results are unverified leads; no board added.,no_url_at_all
KM Systems Group,Search leads saved — validation pending,,,,https://kmsystemsgroup.com/careers,Search results are unverified leads; no board added.,no_url_at_all
Knight Foundation,Search leads saved — validation pending,,,,https://knightfoundation.org/about/careers/,Search results are unverified leads; no board added.,no_url_at_all
Knight Insurance Group,Search leads saved — validation pending,,,,https://www.knightinsurance.com/careers,Search results are unverified leads; no board added.,no_url_at_all
Knobelsdorff,Search leads saved — validation pending,,,,https://careers.smartrecruiters.com/KnobelsdorffEnterprises?oga=true,Search results are unverified leads; no board added.,no_url_at_all
Kokolakis,Search leads saved — validation pending,,,,https://kokolakisbuilds.com/careers/,Search results are unverified leads; no board added.,no_url_at_all
KOMPAN Global,Search leads saved — validation pending,,,,https://www.kompan.com/en/us/about/working-at-kompan,Search results are unverified leads; no board added.,no_url_at_all
"L&G – Asset Management, America",Search leads saved — validation pending,,,,https://am.landg.us.com/careers/,Search results are unverified leads; no board added.,no_url_at_all
L&M Auto Center,Search leads saved — validation pending,,,,https://www.landmautocenter.com/,Search results are unverified leads; no board added.,no_url_at_all
"La Casa de Esperanza, Inc.",Search leads saved — validation pending,,,,https://www.lacasadeesperanza.org/es/,Search results are unverified leads; no board added.,no_url_at_all
LaBella Associates,Search leads saved — validation pending,,,,https://www.labellapc.com/careers,Search results are unverified leads; no board added.,no_url_at_all
"Laboratory Builders, Inc.",Search leads saved — validation pending,,,,https://www.linkedin.com/company/laboratory-builders-inc,Search results are unverified leads; no board added.,no_url_at_all
"Lan-Co Companies, Inc.",Search leads saved — validation pending,,,,https://www.lan-co.com/,Search results are unverified leads; no board added.,no_url_at_all
Landing Point,Search leads saved — validation pending,,,,https://landingpoint.com/job-seekers/job-listings/,Search results are unverified leads; no board added.,no_url_at_all
Landmark Sign Company,Search leads saved — validation pending,,,,https://www.landmarksign.net/About-Us/Careers,Search results are unverified leads; no board added.,no_url_at_all
Landstar,Further adapter investigation required,,,,https://jobs.dayforcehcm.com/en-US/landstar/CANDIDATEPORTAL/jobs/11591,,needs_adapter
LCRA,Search leads saved — validation pending,,,,https://careers.lcra.org/jobs/categories,Search results are unverified leads; no board added.,no_url_at_all
Lead Gear,Search leads saved — validation pending,,,,https://www.leadgear.com/careers/,Search results are unverified leads; no board added.,no_url_at_all
Lead Surge LLC,Search leads saved — validation pending,,,,https://leadsurgeadvertising.com/about/careers/,Search results are unverified leads; no board added.,no_url_at_all
LeadStack Inc.,Search leads saved — validation pending,,,,https://www.leadstack.co/careers,Search results are unverified leads; no board added.,no_url_at_all
Learning Resources,Search leads saved — validation pending,,,,https://www.learningresources.co.uk/join-our-team,Search results are unverified leads; no board added.,no_url_at_all
LearningMate,Search leads saved — validation pending,,,,https://learningmate.com/careers/,Search results are unverified leads; no board added.,no_url_at_all
Legislative Budget Board,Search leads saved — validation pending,,,,https://www.governmentjobs.com/careers/lbb,Search results are unverified leads; no board added.,no_url_at_all
Legrand,Further adapter investigation required,,,,https://careers.legrand.com,,no_board_found
Lesaffre North America,Search leads saved — validation pending,,,,https://www.linkedin.com/company/lesaffre-na/jobs,Search results are unverified leads; no board added.,no_url_at_all
Leslie's,Search leads saved — validation pending,,,,https://www.linkedin.com/company/leslies/jobs,Search results are unverified leads; no board added.,no_url_at_all
LHH,Provided URL unavailable,,,,https://lhh.com/careers,,no_url_at_all
Liberty Maritime,Search leads saved — validation pending,,,,https://www.libertymaritime.in/,Search results are unverified leads; no board added.,no_url_at_all
Life Cycle Engineering,Search leads saved — validation pending,,,,https://www.lce.com/careers/,Search results are unverified leads; no board added.,no_url_at_all
LifeWorks Restaurant Group,Search leads saved — validation pending,,,,https://www.lifeworksrestaurantgroup.com/careers/,Search results are unverified leads; no board added.,no_url_at_all
Lime Media,Search leads saved — validation pending,,,,https://lime-media.com/about/careers/,Search results are unverified leads; no board added.,no_url_at_all
"Lindahl Reed, Inc.",Further adapter investigation required,,,,https://lindahlreed.com/careers/?gnk=job&gni=8a7887a1a064211201a0920b5a50227c&gns=Indeed+Free,,needs_adapter
Litmos,Readable — identity review pending,https://job-boards.greenhouse.io/litmos,greenhouse,20,https://job-boards.greenhouse.io/litmos,,board_guessed_unverified
Little Einsteins Learning Center,Search leads saved — validation pending,,,,https://littleeinsteinslearning.com/employment/,Search results are unverified leads; no board added.,no_url_at_all
Little Sleepies,Search leads saved — validation pending,,,,https://littlesleepies.com/pages/little-sleepies-careers,Search results are unverified leads; no board added.,no_url_at_all
Live! Casino & Hotel Maryland,Search leads saved — validation pending,,,,https://www.livech.com/maryland/media-center/newsroom-sources/20200908-cordish-lch-takes-top-honor-in-gaming-awards,Search results are unverified leads; no board added.,no_url_at_all
Livingston Associates,Further adapter investigation required,,,,https://theapplicantmanager.com/jobs?pos=lx2347&src=Indeed,,needs_adapter
LLR Partners,Search leads saved — validation pending,,,,https://www.llrpartners.com/jobs/,Search results are unverified leads; no board added.,no_url_at_all
loanDepot,Adapter validation unresolved,https://jobs.jobvite.com/support,jobvite,0,https://app.jobvite.com/CompanyJobs/Job.aspx?j=omzLAfw0&loc=CQchVfwY&s=Indeed,,needs_adapter
Loeb Electric,Search leads saved — validation pending,,,,https://loebelectric.com/careers/,Search results are unverified leads; no board added.,no_url_at_all
Logicbroker,Search leads saved — validation pending,,,,https://logicbroker.com/work-at-logicbroker/,Search results are unverified leads; no board added.,no_url_at_all
Lone Star College,University follow-up required,,,,https://hcm.lonestar.edu/hcmjob.jsp,Official hcmjob.jsp submits public guest form to hcmprd PeopleSoft. Current anonymous Fluid adapter returned0; guestform session support not yet implemented.,no_board_found
Lotto.com,Search leads saved — validation pending,,,,https://pr.lotto.com/company,Search results are unverified leads; no board added.,no_url_at_all
Louisville Metro Government,Readable — identity review pending,https://www.governmentjobs.com/careers/louisvilleky,schooljobs,51,https://www.governmentjobs.com/careers/louisvilleky/jobs/5485007/social-service-program-coordinator,,government_portal
"Luna Data Solutions, Inc.",Search leads saved — validation pending,,,,https://www.linkedin.com/company/luna-data-solutions/jobs,Search results are unverified leads; no board added.,no_url_at_all
Lutheran Health Network,Search leads saved — validation pending,,,,https://www.lutheranhealth.net/career-opportunities,Search results are unverified leads; no board added.,no_url_at_all
LVT (LiveView Technologies),Search leads saved — validation pending,,,,https://www.linkedin.com/company/lvt/jobs,Search results are unverified leads; no board added.,no_url_at_all
M. J. ELECTRIC,Further adapter investigation required,,,,https://phg.tbe.taleo.net/phg04/ats/careers/v2/viewRequisition?org=UT62VN&cws=37&rid=1348,,needs_adapter
MacDermid Alpha Electronics Solutions,Search leads saved — validation pending,,,,https://www.linkedin.com/company/macdermid-alpha-electronics-solutions/jobs,Search results are unverified leads; no board added.,no_url_at_all
"Mackie Search, LLC",Search leads saved — validation pending,,,,https://mackiejobs.com/,Search results are unverified leads; no board added.,no_url_at_all
Macomb Community College,Added and verified,https://www.schooljobs.com/careers/macombcc,schooljobs,33,https://www.macomb.edu/about-macomb/human-resources/jobs-at-macomb.html,Board registration read back from live database.,government_portal
Magid,Search leads saved — validation pending,,,,https://www.magidglove.com/careers-in-safety,Search results are unverified leads; no board added.,no_url_at_all
Magid Glove & Safety,Further adapter investigation required,,,,https://secure4.saashr.com/ta/6083223.careers?ShowJob=1040465476,,needs_adapter
Magnum Companies,Further adapter investigation required,,,,https://intelliapp.driverapponline.com/c/magnumnd?r=jp_indeed&jp_refid=1010412-110875,,needs_adapter
Mammotome,Search leads saved — validation pending,,,,https://www.mammotome.com/us/en/,Search results are unverified leads; no board added.,no_url_at_all
"Manhattan Pipeline, LLC",Search leads saved — validation pending,,,,https://manhattanconstructiongroup.com/manhattan-pipeline/careers/,Search results are unverified leads; no board added.,no_url_at_all
MANHATTAN PROMOTIONS,Search leads saved — validation pending,,,,https://www.linkedin.com/company/manhattanpromotions,Search results are unverified leads; no board added.,no_url_at_all
MAP,Readable — identity review pending,https://job-boards.greenhouse.io/map,greenhouse,67,https://job-boards.greenhouse.io/map,,board_guessed_unverified
MarketOnce,Search leads saved — validation pending,,,,https://ats.rippling.com/marketonce/jobs,Search results are unverified leads; no board added.,no_url_at_all
MartinFed,Search leads saved — validation pending,,,,https://martinfed.applicantpro.com/,Search results are unverified leads; no board added.,no_url_at_all
Maryland Nonprofits,Search leads saved — validation pending,,,,https://jobs.marylandnonprofits.org/,Search results are unverified leads; no board added.,no_url_at_all
Mascoma Bank,Search leads saved — validation pending,,,,https://recruiting.paylocity.com/Recruiting/Jobs/All/5fca8ec0-350d-42b2-92ed-64c1ca82c0de?source=JobTarget+Jobs,Search results are unverified leads; no board added.,no_url_at_all
MasTec Clean Energy & Infrastructure,Search leads saved — validation pending,,,,https://careers.mastec.com/Clean-Energy-Infrastructure/talentcommunity/form,Search results are unverified leads; no board added.,no_url_at_all
MasTec Power Delivery,Search leads saved — validation pending,,,,https://www.linkedin.com/company/mastec-tsg/jobs,Search results are unverified leads; no board added.,no_url_at_all
Master Mechanical Corp.,Further adapter investigation required,,,,https://careers.mastermechanical.com,,no_board_found
Maxim Healthcare,Adapter validation unresolved,https://careers.maximhealthcare.com/search-jobs,radancy,0,https://careers.maximhealthcare.com,,no_board_found
MaximaTek,Search leads saved — validation pending,,,,https://www.linkedin.com/company/maximatek,Search results are unverified leads; no board added.,no_url_at_all
Maypro,Search leads saved — validation pending,,,,https://www.maypro.com/pages/careers,Search results are unverified leads; no board added.,no_url_at_all
MbSolutions Inc,Added and verified,https://mbsolutionsinc.applicantpro.com/jobs/,applicantpro,109,https://www.applicantpro.com/openings/mbsolutionsinc/jobs/4189502-134581,Board registration read back from live database.,needs_adapter
McCoy Rockford,Readable — identity review pending,https://workforcenow.adp.com/mascsr/default/mdf/recruitment/recruitment.html?cid=9d2359ab-45be-4cb2-9df5-7e799bd52c4f&ccId=19000101_000001,adp,5,https://careers.mccoyrockford.com,,no_board_found
McKibbon Hospitality,Further adapter investigation required,,,,https://olivia.paradox.ai/co/McKibbonHospitality/Job?job_id=PDX_MH_F45F3B7C-A6D1-4119-A14A-9C6A2D8B8572_22043727&posting_type=1&source=indeed,,needs_adapter
mcnish water,Search leads saved — validation pending,,,,https://mcnishwater.com/,Search results are unverified leads; no board added.,no_url_at_all
Mediacom Communications Corporation,Further adapter investigation required,,,,https://phe.tbe.taleo.net/phe01/ats/careers/v2/viewRequisition?org=MEDIACOMCC&cws=46&rid=20140,,needs_adapter
"MediDrive, LLC",Search leads saved — validation pending,,,,https://medidrive.com/contact,Search results are unverified leads; no board added.,no_url_at_all
MEDvidi Health,Further adapter investigation required,,,,https://medvidi.com/careers/co/remote-usa/6E.070/payer-operations-coordinator/all?coref=1.11.p44_7C1A,,needs_adapter
"MELE Associates, Inc.",Search leads saved — validation pending,,,,https://www.meleassociates.com/careers/,Search results are unverified leads; no board added.,no_url_at_all
Melissa,Search leads saved — validation pending,,,,https://careers.davidsbridal.com/,Search results are unverified leads; no board added.,no_url_at_all
Memorial Healthcare System,Search leads saved — validation pending,,,,https://www.mhs.net/careers,Search results are unverified leads; no board added.,no_url_at_all
Menards,Further adapter investigation required,,,,https://menards.com/careers,,no_url_at_all
Mentor Talent Acquisition,Search leads saved — validation pending,,,,https://mentortalent.ie/,Search results are unverified leads; no board added.,staffing_firm
Merritt,Search leads saved — validation pending,,,,https://www.merrittrecruitment.com/,Search results are unverified leads; no board added.,no_url_at_all
MetaPhase Consulting,Added and verified,https://jobs.jobvite.com/metaphaseconsulting,jobvite,13,https://jobs.jobvite.com/careers/metaphaseconsulting/job/oXhOAfwm?__jvst=job+board&__jvsd=Indeed,Board registration read back from live database.,needs_adapter
Metric5,Further adapter investigation required,,,,https://metric5.hrmdirect.com/employment/view.php?req=3806622&jbsrc=1014&location=c760173a-487e-f664-d41d-8245736c6636,,needs_adapter
Metro Building Services,Further adapter investigation required,,,,https://careers.metrobuildingservices.com,,no_board_found
Mettle Ops,Further adapter investigation required,,,,https://www.appone.com/applinkportal.asp?r_id=7207105&AdCode=Indeed17604,,needs_adapter
MFA Oil Company,Further adapter investigation required,,,,https://jobs.dayforcehcm.com/en-US/mfaoil/Corporate/jobs/44949,,needs_adapter
Mfused,Further adapter investigation required,,,,https://secure.entertimeonline.com/ta/MFUSED.careers?ShowJob=889330049,,needs_adapter
MGAC,Blocked — unchanged,,,,,Explicit live admin blocklist; skipped.,blocklisted
Miami Jewish Health,Search leads saved — validation pending,,,,https://www.miamijewishhealth.org/contact-us/,Search results are unverified leads; no board added.,no_url_at_all
Michael & Susan Dell Foundation,Search leads saved — validation pending,,,,https://www.dell.org/careers/,Search results are unverified leads; no board added.,no_url_at_all
Michelin,Search leads saved — validation pending,,,,https://recrutement.michelin.fr/en/find-your-jobs-with-michelin,Search results are unverified leads; no board added.,no_url_at_all
Mid-American Wealth,Search leads saved — validation pending,,,,https://www.linkedin.com/company/midamericanwealthadvisory/jobs,Search results are unverified leads; no board added.,no_url_at_all
MidAtlantic Employers' Association,Further adapter investigation required,,,,https://meainfo.atsondemand.com/index.cfm?fuseaction=512922.viewjobdetail&CID=512922&JID=915271&source=Indeed&utm_source=Indeed&utm_medium=IndeedFreePost,,needs_adapter
Midcontinent,Search leads saved — validation pending,,,,https://www.linkedin.com/company/midcontinent-communications/jobs,Search results are unverified leads; no board added.,no_url_at_all
Midwest Concrete Constructors,Search leads saved — validation pending,,,,https://www.linkedin.com/company/midwest-concrete-constructors,Search results are unverified leads; no board added.,no_url_at_all
"Millennium Print Group, A Subsidiary of the Pokémon Company International",Search leads saved — validation pending,,,,https://www.linkedin.com/company/millennium-print-group/jobs,Search results are unverified leads; no board added.,no_url_at_all
Milliman MedInsight,Search leads saved — validation pending,,,,https://medinsight.com/healthcare-data-analytics-about/careers/,Search results are unverified leads; no board added.,no_url_at_all
Milton Hershey School,Further adapter investigation required,,,,https://mhs.taleo.net/careersection/m_ex/jobdetail.ftl?job=56646,,needs_adapter
MindDivers,Further adapter investigation required,,,,https://secure.onehcm.com/ta/AUCPS.careers?ShowJob=872597522,,needs_adapter
MiniMed,Search leads saved — validation pending,,,,https://www.minimed.com/en-us/careers,Search results are unverified leads; no board added.,no_url_at_all
Minnesota Department of Transportation,Search leads saved — validation pending,,,,https://www.mndot.net/careers/index.html,Search results are unverified leads; no board added.,no_url_at_all
MIT Lincoln Laboratory,Added and verified,https://careers.ll.mit.edu,successfactors,192,https://careers.ll.mit.edu/job/Lexington-Project-Coordinator-MA-02420/1428026600/,Board registration read back from live database.,needs_adapter
MIXUE Group,Search leads saved — validation pending,,,,https://my.mixue.com/,Search results are unverified leads; no board added.,no_url_at_all
Mizuho,Search leads saved — validation pending,,,,https://www.mizuhogroup.com/careers,Search results are unverified leads; no board added.,no_url_at_all
Moder,Search leads saved — validation pending,,,,https://moder.app/en/about-us/,Search results are unverified leads; no board added.,no_url_at_all
Modern Woodmen of America,Search leads saved — validation pending,,,,https://www.modernwoodmen.org/careers/,Search results are unverified leads; no board added.,no_url_at_all
Momentous Automation,Search leads saved — validation pending,,,,https://momentousautomation.com/,Search results are unverified leads; no board added.,no_url_at_all
Monarch Build,Search leads saved — validation pending,,,,https://monarch.build/,Search results are unverified leads; no board added.,no_url_at_all
Montblanc,Search leads saved — validation pending,,,,https://www.linkedin.com/company/montblanc/jobs,Search results are unverified leads; no board added.,no_url_at_all
"Montgomery County, OH",Readable — identity review pending,https://www.governmentjobs.com/careers/montgomery,schooljobs,43,https://www.governmentjobs.com/careers/montgomery/jobs/5461605/program-coordinator,,government_portal
"Moore Counseling & Mediation Services, Inc.",Search leads saved — validation pending,,,,https://moorecounseling.com/join-our-team/,Search results are unverified leads; no board added.,no_url_at_all
Moran Towing Corporation,Search leads saved — validation pending,,,,https://www.morantug.com/careers-at-moran/how-to-apply/,Search results are unverified leads; no board added.,no_url_at_all
Morphe,Search leads saved — validation pending,,,,https://www.morphe.com/pages/sign-up-page,Search results are unverified leads; no board added.,no_url_at_all
MORSE Corp,Search leads saved — validation pending,,,,https://www.morsecorp.com/jobs.html,Search results are unverified leads; no board added.,no_url_at_all
Moss Holding Company,Added and verified,https://apply.workable.com/moss-holding-company,workable,20,https://apply.workable.com/moss-holding-company/j/4D9D16E14E,Board registration read back from live database.,needs_adapter
Mount Sinai Medical Center,Further adapter investigation required,,,,https://careers.mountsinaimedicalcenter.com/,,no_board_found
Mount Sinai Morningside,Search leads saved — validation pending,,,,https://careers.mountsinai.org/who-we-are,Search results are unverified leads; no board added.,no_url_at_all
MPB,Further adapter investigation required,,,,https://careers.mpb.com,,no_board_found
mPulse,Search leads saved — validation pending,,,,https://mpulse.com/,Search results are unverified leads; no board added.,no_url_at_all
MPW Industrial Services,Further adapter investigation required,,,,https://olivia.paradox.ai/co/MPW1/Job?job_id=P1-6643768-1&posting_type=1&source=indeed,,needs_adapter
MSA - The Safety Company,Search leads saved — validation pending,,,,https://careers.msasafety.com/jobs/9877?lang=en-us,Search results are unverified leads; no board added.,no_url_at_all
MSPCA-Angell,Search leads saved — validation pending,,,,https://www.mspca.org/careers/,Search results are unverified leads; no board added.,no_url_at_all
MSX International,Readable — identity review pending,https://jobs.smartrecruiters.com/MSXInternational,smartrecruiters,400,https://jobs.smartrecruiters.com/MSXInternational,,board_guessed_unverified
Munich Re,Adapter validation unresolved,https://careers.munichre.com/en/search-jobs,radancy,0,https://careers.munichre.com,,no_board_found
Municipal Credit Union,Search leads saved — validation pending,,,,https://www.nymcu.org/careers,Search results are unverified leads; no board added.,no_url_at_all
Myers & Stauffer,Search leads saved — validation pending,,,,https://myersandstauffer.com/careers/,Search results are unverified leads; no board added.,no_url_at_all
NAES,Search leads saved — validation pending,,,,https://www.naes.com/careers/,Search results are unverified leads; no board added.,no_url_at_all
Najera Environmental Inc dba 1 Stop Restoration,Search leads saved — validation pending,,,,https://www.najeraenvironmental.com/careers,Search results are unverified leads; no board added.,no_url_at_all
National Association of REALTORS®,Search leads saved — validation pending,,,,https://www.nar.realtor/careers,Search results are unverified leads; no board added.,no_url_at_all
National Cemetery Administration,Search leads saved — validation pending,,,,https://www.cem.va.gov/careers/,Search results are unverified leads; no board added.,no_url_at_all
"National Technologies (NTI), a Network Connex Company",Search leads saved — validation pending,,,,https://www.networkconnex.com/job/31cc56e6-593f-4043-9d41-2c26663a93c4/,Search results are unverified leads; no board added.,no_url_at_all
NationaLease,Further adapter investigation required,,,,https://www.nationalease.com/careers/Operations-Coordinator-Gaffney-SC/30140,,needs_adapter
Natividad Medical Center,Readable — identity review pending,https://www.governmentjobs.com/careers/montereycounty,schooljobs,39,https://www.governmentjobs.com/careers/montereycounty/jobs/5471756/trauma-program-manager,,government_portal
NAVA TECH LLC,Search leads saved — validation pending,,,,https://navatech.us/,Search results are unverified leads; no board added.,no_url_at_all
Naval Facilities Engineering Systems Command (NAVFAC),Search leads saved — validation pending,,,,https://www.navfac.navy.mil/Careers/,Search results are unverified leads; no board added.,no_url_at_all
Navigate Search,Search leads saved — validation pending,,,,https://www.linkedin.com/company/nav-search/jobs,Search results are unverified leads; no board added.,no_url_at_all
Nebraska Association of County Officials,Search leads saved — validation pending,,,,https://nebraskacounties.org/,Search results are unverified leads; no board added.,no_url_at_all
Nefab Americas,Search leads saved — validation pending,,,,https://www.nefab.com/websites/,Search results are unverified leads; no board added.,no_url_at_all
"Nemean Solutions, LLC",Search leads saved — validation pending,,,,https://www.nemeansolutions.com/,Search results are unverified leads; no board added.,no_url_at_all
Nemours Children's Health,Search leads saved — validation pending,,,,https://www.nemours.org/careers.html,Search results are unverified leads; no board added.,no_url_at_all
NEOGOV,Readable — identity review pending,https://www.governmentjobs.com/careers/neogovpe,schooljobs,21,https://www.governmentjobs.com/careers/neogovpe/jobs/5485250/aws-cloud-engineer,,government_portal
Nestlé,Search leads saved — validation pending,,,,https://www.nestle.com/jobs,Search results are unverified leads; no board added.,no_url_at_all
Nestlé IT & Digital Americas,Search leads saved — validation pending,,,,https://www.nestlejobs.com/nestle-it-digital-americas,Search results are unverified leads; no board added.,no_url_at_all
Nestlé Purina,Adapter validation unresolved,https://jobdetails.nestle.com,successfactors,0,https://jobdetails.nestle.com/job/Eden-Manufacturing-Excellence-Specialist-%28Data-Analyst%29-NC-27288/1438198633/?feedId=392933&utm_source=Indeed,TimeoutError: Recovery employer budget exhausted,needs_adapter
Net2Source (N2S),Search leads saved — validation pending,,,,https://www.net2source.com/in-house-jobs,Search results are unverified leads; no board added.,no_url_at_all
Netrolynx AI,Search leads saved — validation pending,,,,https://torre.ai/careers/NetrolynxAI,Search results are unverified leads; no board added.,no_url_at_all
Network Health,Search leads saved — validation pending,,,,https://networkhealth.com/careers,Search results are unverified leads; no board added.,no_url_at_all
"Networkers Funding, LLC",Search leads saved — validation pending,,,,https://www.networkersfunding.com/,Search results are unverified leads; no board added.,no_url_at_all
New Era Innovations,Search leads saved — validation pending,,,,https://www.new-era-technologies.com/about.php,Search results are unverified leads; no board added.,no_url_at_all
New Era Technology NZ,Search leads saved — validation pending,,,,https://job-boards.greenhouse.io/neweratechnz?error=true,Search results are unverified leads; no board added.,no_url_at_all
New Mexico Courts,Further adapter investigation required,,,,https://jobselection.nmcourts.gov/JobsEditor/jobInfo?update&new_id=15948,,government_portal
New York State Office of Mental Health,Search leads saved — validation pending,,,,https://omh.ny.gov/omhweb/employment/,Search results are unverified leads; no board added.,no_url_at_all
"Next Gen IT, Inc",Search leads saved — validation pending,,,,https://nextgenit.com/careers-2/,Search results are unverified leads; no board added.,no_url_at_all
NextGen | GTA: A Kelly Telecom Company,Search leads saved — validation pending,,,,https://jobs.kellytelecom.com/work-for-us,Search results are unverified leads; no board added.,no_url_at_all
"Nicholas & Associates, Inc.",Search leads saved — validation pending,,,,https://nicholasquality.com/careers/,Search results are unverified leads; no board added.,no_url_at_all
Nickey Kehoe,Search leads saved — validation pending,,,,https://nickeykehoe.com/pages/careers,Search results are unverified leads; no board added.,no_url_at_all
Nicolet Law,Search leads saved — validation pending,,,,https://nicoletlaw.com/careers/,Search results are unverified leads; no board added.,no_url_at_all
Nikkiso Clean Energy & Industrial Gases,Search leads saved — validation pending,,,,https://nikkisoceig.com/our-company/careers,Search results are unverified leads; no board added.,no_url_at_all
NikoHealth,Search leads saved — validation pending,,,,https://nikohealth.com/careers/,Search results are unverified leads; no board added.,no_url_at_all
NinjaHoldings,Search leads saved — validation pending,,,,https://www.ninjaholdings.com/careers/,Search results are unverified leads; no board added.,no_url_at_all
Nissan Motor Corporation,Search leads saved — validation pending,,,,https://www.nissan-global.com/EN/,Search results are unverified leads; no board added.,no_url_at_all
Niural AI,Search leads saved — validation pending,,,,https://www.niural.com/careers,Search results are unverified leads; no board added.,no_url_at_all
NMG Technology Services,Search leads saved — validation pending,,,,https://www.nmg-technology.com/,Search results are unverified leads; no board added.,no_url_at_all
NORC at the University of Chicago,University follow-up required,,,,https://careers.norc.org/,Corrected officialsource returned HTTP202,no_url_at_all
Nordic Global,Search leads saved — validation pending,,,,https://www.linkedin.com/company/nordicglobal/jobs/,Search results are unverified leads; no board added.,no_url_at_all
North Dakota State College of Science,University follow-up required,,,,https://www.ndscs.edu/about-ndscs/human-resources/employment-opportunities,Official NDUS PeopleSoft board SiteId1 spans institutions. NDSCS business-unit filter required before institution adoption.,board_resolved_but_unused
North Jersey Friendship House,Added and verified,https://njfriendshiphouse.isolvedhire.com/jobs/,applicantpro,10,https://njfriendshiphouse.isolvedhire.com/jobs/1863187-292980.html,Board registration read back from live database.,needs_adapter
North West Handling Systems Inc,Further adapter investigation required,,,,https://www.appone.com/applinkportal.asp?r_id=7211618&AdCode=Indeed3374,,needs_adapter
Northeast Kingdom Human Services (NKHS),Search leads saved — validation pending,,,,https://nkhs.net/,Search results are unverified leads; no board added.,no_url_at_all
Northwestern Oklahoma State University,University follow-up required,,,,https://www.nwosu.edu/employment/,"Official nwosu.edu/employment publicly reachable, custom vacancy documents/listings; no complete structured adapter.",needs_adapter
Novacore,Search leads saved — validation pending,,,,https://novacore.com/careers/,Search results are unverified leads; no board added.,no_url_at_all
NSPR Law Services LLC,Search leads saved — validation pending,,,,https://nsprlaw.com/en/careers/,Search results are unverified leads; no board added.,no_url_at_all
nTech Workforce,Search leads saved — validation pending,,,,https://jobs.ntechworkforce.com/,Search results are unverified leads; no board added.,staffing_firm
NYC Department of Environmental Protection (NYC DEP),Search leads saved — validation pending,,,,https://ar.linkedin.com/company/nycdep,Search results are unverified leads; no board added.,no_url_at_all
NYC Department of Finance,Search leads saved — validation pending,,,,https://www.nyc.gov/site/finance/,Search results are unverified leads; no board added.,no_url_at_all
Nyla Technology Solutions,Search leads saved — validation pending,,,,https://nylatechnologysolutions.com/careers/,Search results are unverified leads; no board added.,no_url_at_all
O'Reilly Auto Parts,Search leads saved — validation pending,,,,https://careers.oreillyauto.com/,Search results are unverified leads; no board added.,no_url_at_all
Oakton College,University follow-up required,,,,https://www.oakton.edu/about/offices-and-departments/human-resources/,Official oakton.edu employment links oakton.interviewexchange.com/static/clients/357OCM1/index.jsp. Requires InterviewExchange adapter.,no_board_found
Office Pride,Further adapter investigation required,,,,https://suncoastspotlessllc.careerplug.com/j/034izyg,,needs_adapter
"Office Resources, Inc. (ORI)",Search leads saved — validation pending,,,,https://www.oriusa.com/careers/,Search results are unverified leads; no board added.,no_url_at_all
ofi North America (Olam Food Ingredients),Search leads saved — validation pending,,,,https://www.linkedin.com/company/ofi-north-america-olam-food-ingredients/jobs,Search results are unverified leads; no board added.,no_url_at_all
Ohio National Guard - The Adjutant General's Department of Ohio,Search leads saved — validation pending,,,,https://www.linkedin.com/company/ohio-national-guard,Search results are unverified leads; no board added.,no_url_at_all
Oklahoma Hospital Association,Search leads saved — validation pending,,,,https://www.okoha.com/,Search results are unverified leads; no board added.,no_url_at_all
Olympus Corporation,Added and verified,https://careers.olympusamerica.com,successfactors,103,https://careers.olympusamerica.com/job/Westborough-Data-Scientist%2C-Advanced-Market-Analytics-&-Modeling-MA-01581/1431214200/,Board registration read back from live database.,no_board_found
Omega Holdings,Search leads saved — validation pending,,,,https://www.jobs.ca/omega-holdings/jobs/customer-service-representative-montreal-qc-c5a749ee3a3b,Search results are unverified leads; no board added.,no_url_at_all
"Omega Home Health Care Services, Inc.",Search leads saved — validation pending,,,,https://www.omegahomecares.com/,Search results are unverified leads; no board added.,no_url_at_all
Omron Automation,Fetch failed during check,,,,https://careers.omronautomation.com,"ConnectTimeout: HTTPSConnectionPool(host='careers.omronautomation.com', port=443): Max retries exceeded with url: / (Caused by ConnectTimeoutError(<HTTPSConnection(host='careers.omronautomation.com', port=443) at 0x1",no_board_found
OncoHealth,Search leads saved — validation pending,,,,https://oncohealth.us/careers/,Search results are unverified leads; no board added.,no_url_at_all
OneMagnify,Search leads saved — validation pending,,,,https://www.onemagnify.com/careers,Search results are unverified leads; no board added.,no_url_at_all
OneStream Software,Search leads saved — validation pending,,,,https://www.onestream.com/careers/,Search results are unverified leads; no board added.,no_url_at_all
Onvida Health,Search leads saved — validation pending,,,,https://www.onvidahealth.org/careers/,Search results are unverified leads; no board added.,no_url_at_all
OPEN Health,Search leads saved — validation pending,,,,https://www.openhealthgroup.com/join-us/careers/,Search results are unverified leads; no board added.,no_url_at_all
OPENDataJobs,Search leads saved — validation pending,,,,https://www.opendatajobs.com/registration,Search results are unverified leads; no board added.,no_url_at_all
Opensignal,Search leads saved — validation pending,,,,https://www.opensignal.com/about/opensignal-careers,Search results are unverified leads; no board added.,no_url_at_all
"OPS Consulting, LLC",Search leads saved — validation pending,,,,https://jobs.opsconsulting.com/careers/,Search results are unverified leads; no board added.,no_url_at_all
Options Consulting Solutions,Search leads saved — validation pending,,,,https://www.optionscs.com/contact-candidates,Search results are unverified leads; no board added.,no_url_at_all
Orange Circle International (OCI),Search leads saved — validation pending,,,,https://www.indeed.com/cmp/Orange-Circle-International-%28oci%29,Search results are unverified leads; no board added.,no_url_at_all
Orange Logic,Search leads saved — validation pending,,,,https://www.orangelogic.com/careers,Search results are unverified leads; no board added.,no_url_at_all
Orca Bio,Search leads saved — validation pending,,,,https://orcabio.com/culture-careers/,Search results are unverified leads; no board added.,no_url_at_all
Order.co,Search leads saved — validation pending,,,,https://www.order.co/careers/,Search results are unverified leads; no board added.,no_url_at_all
Oregon Lions Sight & Hearing Foundation,Search leads saved — validation pending,,,,https://olshf.org/,Search results are unverified leads; no board added.,no_url_at_all
Orion Placement,Provided URL unavailable,,,,https://orionplacement.com/careers,,staffing_firm
Osi Vision,Further adapter investigation required,,,,https://ht-jobs.net/iu5n23t?s=in,,needs_adapter
OWT Global LLC,Search leads saved — validation pending,,,,https://www.owtglobal.com/who-we-are,Search results are unverified leads; no board added.,no_url_at_all
Oxbridge Health,Search leads saved — validation pending,,,,https://www.linkedin.com/company/oxbridge-health,Search results are unverified leads; no board added.,no_url_at_all
"P&E Mechanical Contractors, LLC",Search leads saved — validation pending,,,,https://www.pandemechanical.com/careers/,Search results are unverified leads; no board added.,no_url_at_all
Pacific Life,Search leads saved — validation pending,,,,https://www.pacificlife.com/home/Careers.html,Search results are unverified leads; no board added.,no_url_at_all
Pacific Staffing,Search leads saved — validation pending,,,,https://www.pacificstaffing.com/find-a-job/,Search results are unverified leads; no board added.,staffing_firm
PALM BEACH COUNTY,Further adapter investigation required,,,,https://secure.pbc.gov/OnlineJobs/Job/JobOpening?Job=10615,,government_portal
Panera Bread,Added and verified,https://careers.panerabread.com,phenom,5214,https://careers.panerabread.com/global/en/,Board registration read back from live database.,board_guessed_unverified
Pariveda,Added and verified,https://jobs.ashbyhq.com/pariveda,ashby,27,https://parivedasolutions.com/careers/,Board registration read back from live database.,board_guessed_unverified
Park East Academy,Further adapter investigation required,,,,https://park-east-academy-inc.careerplug.com/j/034rwdp,,needs_adapter
Parkhill,Search leads saved — validation pending,,,,https://parkhill.com/careers/,Search results are unverified leads; no board added.,no_url_at_all
"Partners Environmental Consulting, Inc.",Search leads saved — validation pending,,,,https://partnersenv.com/employment/,Search results are unverified leads; no board added.,no_url_at_all
Pathward,Added and verified,https://job-boards.greenhouse.io/pathward,greenhouse,57,https://www.pathward.com/about-us/people-culture/careers/,Board registration read back from live database.,board_guessed_unverified
Pathways Vermont,Held for identity or scope review,,,,,Official Pathways Vermont careers page returned HTTP403; ADP cid linkage unconfirmed.,board_resolved_but_unused
Paul Davis Restoration of NW Chicago,Search leads saved — validation pending,,,,https://nwchicago.pauldavis.com/,Search results are unverified leads; no board added.,no_url_at_all
Paul Mueller Company,Search leads saved — validation pending,,,,https://my.paulmueller.com/Careers,Search results are unverified leads; no board added.,no_url_at_all
Payanywhere,Search leads saved — validation pending,,,,https://www.payanywhere.com/,Search results are unverified leads; no board added.,no_url_at_all
PCI Pharma Services,Search leads saved — validation pending,,,,https://pci.com/careers-old,Search results are unverified leads; no board added.,no_url_at_all
PEMCO,Search leads saved — validation pending,,,,https://www.pemco.com/careers,Search results are unverified leads; no board added.,no_url_at_all
People Incorporated,Search leads saved — validation pending,,,,https://peopleincorporated.org/careers/,Search results are unverified leads; no board added.,no_url_at_all
"PeopleTec, Inc.",Search leads saved — validation pending,,,,https://www.peopletec.com/careers/,Search results are unverified leads; no board added.,no_url_at_all
Perennial Properties,Held for identity or scope review,,,,,Official Perennial Properties careers page returned HTTP403; ADP cid linkage unconfirmed.,board_resolved_but_unused
Perfected,Search leads saved — validation pending,,,,https://perfectedclaims.applytojob.com/,Search results are unverified leads; no board added.,no_url_at_all
Performance Foodservice,Further adapter investigation required,,,,https://jobs.performancefoodservice.com,,no_board_found
Pharmatech Associates,Further adapter investigation required,,,,https://www.pharmatechassociates.com/about/careers/#!/c457ce2f-2126-41c1-a03e-2b14d080bb66/detail,,needs_adapter
Phaxis,Further adapter investigation required,,,,https://jobs.phaxis.com,,no_board_found
Phillips Infrastructure,Search leads saved — validation pending,,,,https://www.linkedin.com/company/phillips-inc/jobs,Search results are unverified leads; no board added.,no_url_at_all
Phipps,Search leads saved — validation pending,,,,https://www.linkedin.com/company/phippsny,Search results are unverified leads; no board added.,no_url_at_all
Phoenix Children's,Further adapter investigation required,,,,https://careers.phoenixchildrens.com,,no_board_found
"Phoenix Defense, LLC.",Search leads saved — validation pending,,,,https://www.linkedin.com/company/phoenix-logistics-inc-,Search results are unverified leads; no board added.,no_url_at_all
Physitrack,Search leads saved — validation pending,,,,https://www.physitrack.com/company/careers,Search results are unverified leads; no board added.,no_url_at_all
Phyton Talent Advisors,Search leads saved — validation pending,,,,https://phytontalent.com/phyton-careers/,Search results are unverified leads; no board added.,staffing_firm
Pierce County Washington,Readable — identity review pending,https://www.governmentjobs.com/careers/piercecountywa,schooljobs,36,https://www.governmentjobs.com/careers/piercecountywa/jobs/5457642/project-analyst,,government_portal
Pike County Government,Search leads saved — validation pending,,,,https://www.indeed.com/cmp/Pike-County-Government-1,Search results are unverified leads; no board added.,no_url_at_all
Pinchin US,Search leads saved — validation pending,,,,https://www.pinchin.com/careers,Search results are unverified leads; no board added.,no_url_at_all
Pindrop,Search leads saved — validation pending,,,,https://www.pindrop.com/careers,Search results are unverified leads; no board added.,no_url_at_all
Pinewood.AI,Search leads saved — validation pending,,,,https://pinewood.ai/careers/,Search results are unverified leads; no board added.,no_url_at_all
PINNACLE BUSINESS SYSTEMS,Further adapter investigation required,,,,https://www.pbsnow.com/careers/?gnk=job&gni=8a78859fa064222601a0aa8cdc9d347c&gns=Indeed+Free,,needs_adapter
"Pioneering Evolution, LLC",Search leads saved — validation pending,,,,https://pioneeringevolution.com/join-the-team/,Search results are unverified leads; no board added.,no_url_at_all
Pivotal Consulting,Search leads saved — validation pending,,,,https://pivotalconsults.com/careers/,Search results are unverified leads; no board added.,no_url_at_all
Pivotal Health,Search leads saved — validation pending,,,,https://pivotalhc.com/careers/,Search results are unverified leads; no board added.,no_url_at_all
Plains,Added and verified,https://plains.wd1.myworkdayjobs.com/Plains,workday,49,https://www.plains.com/careers/job-postings,Board registration read back from live database.,needs_adapter
Playworks Minnesota,Search leads saved — validation pending,,,,https://www.playworks.org/minnesota/about/contact-us/,Search results are unverified leads; no board added.,no_url_at_all
Plaza Premium Group,Search leads saved — validation pending,,,,https://www.plazapremiumgroup.com/careers/,Search results are unverified leads; no board added.,no_url_at_all
Poltrona Frau Group,Further adapter investigation required,,,,https://careers.poltronafrau.com,,no_board_found
POLYVANTIS,Added and verified,https://jobs.polyvantis.com,successfactors,10,https://jobs.polyvantis.com/job/Mount-Vernon-Product-Coordinator-IN-47620/1368373755/,Board registration read back from live database.,needs_adapter
PopStroke Entertainment Group,Search leads saved — validation pending,,,,https://www.linkedin.com/company/popstroke-entertainment-group/jobs,Search results are unverified leads; no board added.,no_url_at_all
Portfolio Resident Services,Further adapter investigation required,,,,https://ht-jobs.net/759owhk?s=in,,needs_adapter
Potomac Testing,Search leads saved — validation pending,,,,https://potomactesting.com/careers/,Search results are unverified leads; no board added.,no_url_at_all
Pottery Barn Kids,Search leads saved — validation pending,,,,https://www.potterybarnkids.com/pages/employment/,Search results are unverified leads; no board added.,no_url_at_all
Powell Gardens,Public portal restricted during check,,,,https://powellgardens.betterteam.com/nursery-operations-coordinator-1?utm_source=indeed&utm_medium=web_xmlfeed&utm_campaign=indeed_organic,,needs_adapter
Power Kiosk,Search leads saved — validation pending,,,,https://www.power-kiosk.com/,Search results are unverified leads; no board added.,no_url_at_all
"PowerSecure, Inc.",Search leads saved — validation pending,,,,https://powersecure.com/careers,Search results are unverified leads; no board added.,no_url_at_all
PPC Partners Inc.,Search leads saved — validation pending,,,,https://www.ppcpartnersinc.com/careers,Search results are unverified leads; no board added.,no_url_at_all
PPLIED,Search leads saved — validation pending,,,,https://dev.pplied.com/cookie-policy,Search results are unverified leads; no board added.,no_url_at_all
PPLSI,Search leads saved — validation pending,,,,https://www.pplsi.com/,Search results are unverified leads; no board added.,no_url_at_all
Precisely,Held for identity or scope review,,,,,"Official Precisely careers page returned HTTP403 in recheck; US Greenhouse identity plausible from prior official posting evidence, but independent current link not saved.",needs_adapter
Precision Castparts,Search leads saved — validation pending,,,,https://careers.precast.com/,Search results are unverified leads; no board added.,no_url_at_all
Premier Brands Group Holdings,Search leads saved — validation pending,,,,https://www.linkedin.com/company/premier-brands-group-holdings/jobs,Search results are unverified leads; no board added.,no_url_at_all
Premier Global Links LLC,Search leads saved — validation pending,,,,https://premierglinks.com/,Search results are unverified leads; no board added.,no_url_at_all
Premier Golf,Search leads saved — validation pending,,,,https://www.premiergolf.com/careers/,Search results are unverified leads; no board added.,no_url_at_all
Premise Health,Added and verified,https://jobs.premisehealth.com/search-jobs,radancy,379,https://jobs.premisehealth.com/saved-jobs,Board registration read back from live database.,no_board_found
Premont ISD,Further adapter investigation required,,,,https://www.atenterprise.powerschool.com/ats/job_board_form?op=view&JOB_ID=0000765506&COMPANY_ID=00014030&redirect_qs=&redirect_qs=APPLICANT_TYPE_ID%3D00000001%26COMPANY_ID%3D00014030,,needs_adapter
PRIDE Industries,Search leads saved — validation pending,,,,https://www.prideindustries.com/work-with-pride,Search results are unverified leads; no board added.,no_url_at_all
Primary Talent Partners,Search leads saved — validation pending,,,,https://primarytalentpartners.com/,Search results are unverified leads; no board added.,staffing_firm
Professional Computer Solutions,Search leads saved — validation pending,,,,https://pcs-csa.com/,Search results are unverified leads; no board added.,no_url_at_all
Professional Contractor Supply,Further adapter investigation required,,,,https://pcstools.hrmdirect.com/employment/view.php?req=3795065&jbsrc=1014&location=c45dd3fa-6c05-5f8e-34f8-2fc65c18acf6,,needs_adapter
"Professor Gatsby's Heating, Cooling and Plumbing",Further adapter investigation required,,,,https://profgatsby.applicantlist.com/jobs/1012799v188777-152627.html,,needs_adapter
Proficient Auto Logistics,Further adapter investigation required,,,,https://recruitingbypaycor.com/career/JobIntroduction.action?id=8a7883a8a03fc28901a04406bcd706fc&source=Indeed+Free,,needs_adapter
Profiles,Search leads saved — validation pending,,,,https://www.careerprofiles.com/,Search results are unverified leads; no board added.,no_url_at_all
"Progress Rail, A Caterpillar Company",Search leads saved — validation pending,,,,https://www.progressrail.com/en/,Search results are unverified leads; no board added.,no_url_at_all
Proliance Surgeons,Further adapter investigation required,,,,https://jobs.dayforcehcm.com/en-US/proliance/ProlianceCareerSite/jobs/15289,,needs_adapter
Prometheus Federal Services (PFS),Search leads saved — validation pending,,,,https://pfs.us/,Search results are unverified leads; no board added.,no_url_at_all
Prospect Capital Management,Search leads saved — validation pending,,,,https://www.prospectcap.com/careers/,Search results are unverified leads; no board added.,no_url_at_all
Prosper Health,Added and verified,https://job-boards.greenhouse.io/prosperhealth,greenhouse,64,https://www.prosperhealth.io/careers,Board registration read back from live database.,board_guessed_unverified
PSECU,Search leads saved — validation pending,,,,https://www.psecu.com/careers,Search results are unverified leads; no board added.,no_url_at_all
"PSI Pax, Inc.",Search leads saved — validation pending,,,,https://www.psipax.com/careers,Search results are unverified leads; no board added.,no_url_at_all
Public Health Management Corporation,Search leads saved — validation pending,,,,https://phmc.org/careers/,Search results are unverified leads; no board added.,no_url_at_all
Public Utility Commission of Texas,Search leads saved — validation pending,,,,https://erphcmprd.cpa.texas.gov/psc/candidateportal/EMPLOYEE/HRMS/c/HRS_HRAM_FL.HRS_CG_SEARCH_FL.GBL?Action=U&FOCUS=Applicant&PAGE=HRS_APP_SCHJOB_FL&Page=HRS_APP_SCHJOB_FL&SiteId=473,Search results are unverified leads; no board added.,no_url_at_all
Publicis Digital Experience,Search leads saved — validation pending,,,,https://careers.publicisgroupe.com/jobs/150134?lang=en-us,Search results are unverified leads; no board added.,no_url_at_all
Puget Sound Educational Service District,Search leads saved — validation pending,,,,https://www.psesd.org/careers/,Search results are unverified leads; no board added.,no_url_at_all
Pulumi,Search leads saved — validation pending,,,,https://www.pulumi.com/careers/,Search results are unverified leads; no board added.,no_url_at_all
Purcell Tire & Rubber Co,Search leads saved — validation pending,,,,https://www.linkedin.com/company/purcell-tire-%26-rubber-co,Search results are unverified leads; no board added.,no_url_at_all
"Qcells Georgia, Inc.",Search leads saved — validation pending,,,,https://careers.qcells.com/search/jobs/in/ga-georgia,Search results are unverified leads; no board added.,no_url_at_all
Qualified Health,Search leads saved — validation pending,,,,https://www.qualifiedhealthai.com/careers,Search results are unverified leads; no board added.,no_url_at_all
Qualis1 Inc.,Search leads saved — validation pending,,,,https://www.linkedin.com/company/qualis1-inc,Search results are unverified leads; no board added.,no_url_at_all
Quest Talent Solutions,Search leads saved — validation pending,,,,https://questtalentsolutions.com/candidates/,Search results are unverified leads; no board added.,staffing_firm
Quorim,Search leads saved — validation pending,,,,https://www.quorim.dev/,Search results are unverified leads; no board added.,no_url_at_all
RA Heath Construction and Millwork,Search leads saved — validation pending,,,,https://www.raheath.com/about-us/,Search results are unverified leads; no board added.,no_url_at_all
Racine County,Readable — identity review pending,https://www.governmentjobs.com/careers/racinecountywi,schooljobs,12,https://www.governmentjobs.com/careers/racinecountywi/jobs/5469074/youth-program-coordinator,,government_portal
Rainbow Restoration of Milwaukee,Search leads saved — validation pending,,,,https://rainbow-international-restoration-of-milwaukee.careerplug.com/,Search results are unverified leads; no board added.,no_url_at_all
"RAM Enterprise, Inc.",Search leads saved — validation pending,,,,https://www.ram-enterprise.com/,Search results are unverified leads; no board added.,no_url_at_all
Randstad Digital Americas,Search leads saved — validation pending,,,,https://www.linkedin.com/company/randstad-digital-americas,Search results are unverified leads; no board added.,staffing_firm
Rapport Guest Services,Search leads saved — validation pending,,,,https://www.linkedin.com/company/rapport-guest-services,Search results are unverified leads; no board added.,no_url_at_all
Rasmussen Mechanical Services,Search leads saved — validation pending,,,,https://www.rasmech.com/careers/?jobId=7d8fef70-35a4-440b-486d-b1328b869340,Search results are unverified leads; no board added.,no_url_at_all
"RavenVolt Inc, An ABM Company",Search leads saved — validation pending,,,,https://www.linkedin.com/company/ravenvolt,Search results are unverified leads; no board added.,no_url_at_all
Raydar,Search leads saved — validation pending,,,,https://www.linkedin.com/company/raydar-xyz,Search results are unverified leads; no board added.,no_url_at_all
"Real Radiology, LLC",Search leads saved — validation pending,,,,https://www.linkedin.com/company/real-radiology/jobs,Search results are unverified leads; no board added.,no_url_at_all
Realign,Fetch failed during check,,,,https://realign-llc.com/careers/job-details/IT427306PR-3,"ReadTimeout: HTTPSConnectionPool(host='realign-llc.com', port=443): Read timed out. (read timeout=8.0)",needs_adapter
Realtor.com,Search leads saved — validation pending,,,,https://careers.realtor.com/,Search results are unverified leads; no board added.,no_url_at_all
RECARO Aircraft Seating,Search leads saved — validation pending,,,,https://www.recaro.com/recaro-group/jobs-careers/open-positions.html,Search results are unverified leads; no board added.,no_url_at_all
Recludix Pharma,Search leads saved — validation pending,,,,https://recludixpharma.com/careers/,Search results are unverified leads; no board added.,no_url_at_all
recruit22,Search leads saved — validation pending,,,,https://www.recruit22.com/,Search results are unverified leads; no board added.,no_url_at_all
Red Cat Holdings,Search leads saved — validation pending,,,,https://www.linkedin.com/company/red-cat/jobs,Search results are unverified leads; no board added.,no_url_at_all
REDICO,Search leads saved — validation pending,,,,https://redico.com/,Search results are unverified leads; no board added.,no_url_at_all
"RediRecruit, LLC",Search leads saved — validation pending,,,,https://redirecruit.com/about/careers/,Search results are unverified leads; no board added.,no_url_at_all
Redstone Federal Credit Union,Search leads saved — validation pending,,,,https://prod.redfcu.org/careers/,Search results are unverified leads; no board added.,no_url_at_all
ReefPoint Group,Search leads saved — validation pending,,,,https://reefpointgroup.com/careers/,Search results are unverified leads; no board added.,no_url_at_all
Regions Financial,Added and verified,https://regions.wd5.myworkdayjobs.com/Regions_Careers,workday,517,https://careers.regions.com/us/en/job/RFCOUSR105558ENUSEXTERNAL/Digital-Product-Owner?utm_source=indeed&utm_medium=phenom-feeds,Board registration read back from live database.,needs_adapter
Reliability & Performance Technologies ( R&P ),Search leads saved — validation pending,,,,https://www.linkedin.com/company/reliability-and-performance-technologies,Search results are unverified leads; no board added.,no_url_at_all
Reliance Management Services,Further adapter investigation required,,,,https://secure7.saashr.com/ta/6217851.careers?ShowJob=638002323,,needs_adapter
Reliant Critical Infrastructure,Search leads saved — validation pending,,,,https://reliantcriticalinfrastructure.com/jobs,Search results are unverified leads; no board added.,no_url_at_all
Renal Payer Solutions / Champion Health Plans,Search leads saved — validation pending,,,,https://championpayer.com/,Search results are unverified leads; no board added.,no_url_at_all
Renew Medic by UCC,Search leads saved — validation pending,,,,https://www.linkedin.com/company/renew-medic-by-ucc,Search results are unverified leads; no board added.,no_url_at_all
Resolution Economics,Search leads saved — validation pending,,,,https://resecon.com/careers/,Search results are unverified leads; no board added.,no_url_at_all
"Restore Hope, Inc.",Search leads saved — validation pending,,,,https://www.restorehope.io/,Search results are unverified leads; no board added.,no_url_at_all
Resurrection Medical Center,Search leads saved — validation pending,,,,https://illinoisjoblink.illinois.gov/jobs/13331631,Search results are unverified leads; no board added.,no_url_at_all
Retell,Search leads saved — validation pending,,,,https://www.retellai.com/careers,Search results are unverified leads; no board added.,no_url_at_all
"Revionics, an Aptos Company",Search leads saved — validation pending,,,,https://revionics.com/careers,Search results are unverified leads; no board added.,no_url_at_all
Revision Energy,Further adapter investigation required,,,,https://secure6.saashr.com/ta/6186826.careers?ShowJob=705360194,,needs_adapter
Reyes Beverage Group,Adapter validation unresolved,https://careers-reyesholdings.icims.com/jobs/search?ss=1&in_iframe=1,icims,0,https://jobs.reyesbeveragegroup.com,PartialScrapeError: iCIMS results or explicit empty state is absent,no_board_found
Rheação Soluções em RH,Search leads saved — validation pending,,,,https://br.linkedin.com/jobs/rhea%C3%A7%C3%A3o-solu%C3%A7%C3%B5es-em-rh-vagas,Search results are unverified leads; no board added.,no_url_at_all
RHP Properties,Search leads saved — validation pending,,,,https://www.rhp.com/careers,Search results are unverified leads; no board added.,no_url_at_all
Richmond National,Search leads saved — validation pending,,,,https://www.richmondnational.com/careers/,Search results are unverified leads; no board added.,no_url_at_all
Right at School,Further adapter investigation required,,,,https://rightatschool.sensehq.cloud/careers/jobs?jobId=8271&utm_source=Indeed&utm_medium=JOB_PORTAL,,needs_adapter
RightClick,Search leads saved — validation pending,,,,https://www.rightclicksol.com/careers,Search results are unverified leads; no board added.,no_url_at_all
Rincon Research Corporation,Search leads saved — validation pending,,,,https://www.rincon.com/careers.html,Search results are unverified leads; no board added.,no_url_at_all
Rio Vista Security LP,Further adapter investigation required,,,,https://secure.entertimeonline.com/ta/kolaborationventures.careers?ShowJob=889331459,,needs_adapter
Rise Baking Company,Search leads saved — validation pending,,,,https://www.risebakingcompany.com/,Search results are unverified leads; no board added.,no_url_at_all
Rite-Hite,Search leads saved — validation pending,,,,https://www.ritehite.com/en/eu/about-us/careers,Search results are unverified leads; no board added.,no_url_at_all
Rivago Infotech Inc,Search leads saved — validation pending,,,,https://www.rivagoinfotech.com/,Search results are unverified leads; no board added.,staffing_firm
Rize Beyond Banking,Further adapter investigation required,,,,https://rizecu.com/our-impact/careers/?gnk=job&gni=8a78859ea064211b01a0931f9a5b46e5&gns=Indeed+Free,,needs_adapter
Rize Credit Union,Search leads saved — validation pending,,,,https://rizecu.com/our-impact/careers/,Search results are unverified leads; no board added.,no_url_at_all
RoadSafe Traffic Systems,Search leads saved — validation pending,,,,https://www.roadsafetraffic.com/about-us/careers/,Search results are unverified leads; no board added.,no_url_at_all
Rogue Fitness,Search leads saved — validation pending,,,,https://www.roguefitness.com/about-us,Search results are unverified leads; no board added.,no_url_at_all
ROI Rocket,Search leads saved — validation pending,,,,https://www.roirocket.com/contact-us/,Search results are unverified leads; no board added.,no_url_at_all
ROOTLOGIK,Search leads saved — validation pending,,,,https://rootlogik.com/opportunities/,Search results are unverified leads; no board added.,no_url_at_all
Rose Roofing and Restoration,Search leads saved — validation pending,,,,https://www.linkedin.com/company/rose-roofing,Search results are unverified leads; no board added.,no_url_at_all
Rothera,Search leads saved — validation pending,,,,https://job-boards.greenhouse.io/rotheramarketsllc?error=true,Search results are unverified leads; no board added.,no_url_at_all
RPM Living,Search leads saved — validation pending,,,,https://rpmliving.com/careers/,Search results are unverified leads; no board added.,no_url_at_all
RRD,Further adapter investigation required,,,,https://jobs.rrd.com,,no_board_found
RSM construction,Search leads saved — validation pending,,,,https://rsmconstruction.ie/,Search results are unverified leads; no board added.,no_url_at_all
RT Specialty,Search leads saved — validation pending,,,,https://rtspecialty.com/careers/,Search results are unverified leads; no board added.,no_url_at_all
RTC,Search leads saved — validation pending,,,,https://www.rtc.com/about/careers,Search results are unverified leads; no board added.,no_url_at_all
RTI International,Search leads saved — validation pending,,,,https://www.rti.org/careers,Search results are unverified leads; no board added.,no_url_at_all
Ruppert Landscape,Public portal restricted during check,,,,https://careers.ruppertlandscape.com,,no_board_found
Rush Copley Medical Center,Search leads saved — validation pending,,,,https://www.rush.edu/rush-careers/apply-position-rush,Search results are unverified leads; no board added.,no_url_at_all
Russell Co.,Search leads saved — validation pending,,,,https://www.russellco.co.uk/,Search results are unverified leads; no board added.,no_url_at_all
RWDY Inc.,Search leads saved — validation pending,,,,https://rwdyinc.applytojob.com/apply,Search results are unverified leads; no board added.,no_url_at_all
"Ryan Mechanical, Inc.",Search leads saved — validation pending,,,,https://ryanmechanical.com/site/careers/,Search results are unverified leads; no board added.,no_url_at_all
"S.A. Comunale Co., Inc.",Search leads saved — validation pending,,,,https://comunale.com/sitemap,Search results are unverified leads; no board added.,no_url_at_all
Saatchi & Saatchi Health,Search leads saved — validation pending,,,,https://www.saatchihealth.com/,Search results are unverified leads; no board added.,no_url_at_all
Sabre Industries,Further adapter investigation required,,,,https://secure6.saashr.com/ta/6173477.careers?ShowJob=738634625,,needs_adapter
Safeguard Medical,Search leads saved — validation pending,,,,https://safeguardmedical.com/pages/careers,Search results are unverified leads; no board added.,no_url_at_all
SAJA,Search leads saved — validation pending,,,,https://sajaenergy.com/careers/,Search results are unverified leads; no board added.,no_url_at_all
Sallie Mae,Search leads saved — validation pending,,,,https://www.salliemae.com/careers/,Search results are unverified leads; no board added.,no_url_at_all
Salt River Project,Search leads saved — validation pending,,,,https://www.linkedin.com/company/salt-river-project/jobs,Search results are unverified leads; no board added.,no_url_at_all
Sam's Club,Readable — identity review pending,https://walmart.wd504.myworkdayjobs.com/WalmartExternal,workday,688,https://click.appcast.io/t/NLvI2MLDdN3hGNCCIvc_FLfTU282FcPXhj9XaDRJ4x4=,,needs_adapter
San Bernardino County,Readable — identity review pending,https://www.governmentjobs.com/careers/sanbernardino,schooljobs,233,https://www.governmentjobs.com/careers/sanbernardino/jobs/5457189/california-childrens-services-program-coordinator,,government_portal
San Francisco Campus for Jewish Living,Held for identity or scope review,,,,,Official San Francisco Campus for Jewish Living careers page returned HTTP406; Greenhouse slug linkage not independently saved.,board_guessed_unverified
San José Clinic,Search leads saved — validation pending,,,,https://www.sanjoseclinic.org/careers,Search results are unverified leads; no board added.,no_url_at_all
Sandalwood Engineering & Ergonomics,Search leads saved — validation pending,,,,https://sandalwood.com/careers/,Search results are unverified leads; no board added.,no_url_at_all
Sandia National Laboratories,Search leads saved — validation pending,,,,https://www.sandia.gov/,Search results are unverified leads; no board added.,no_url_at_all
Sandoval Technology Solutions,Further adapter investigation required,,,,https://sandtechsolutions.hrmdirect.com/employment/view.php?req=3820862&jbsrc=1014&location=bce579c6-4ea6-21b6-45ef-5efc7bcea0ab,,needs_adapter
Sandvik,Search leads saved — validation pending,,,,https://www.home.sandvik/en/careers,Search results are unverified leads; no board added.,no_url_at_all
Santa Fe Apparel,Search leads saved — validation pending,,,,https://www.linkedin.com/company/santafeapparel,Search results are unverified leads; no board added.,no_url_at_all
Savantage Solutions,Further adapter investigation required,,,,https://ht-jobs.net/zv7jyg8?s=in,,needs_adapter
Savers | Value Village,Public portal restricted during check,,,,https://careers.savers.com/en/jobs/18250832-qa-engineer?tm_job=2019-21803&tm_event=view&tm_company=13633,,needs_adapter
Savvee Inc.,Provided URL unavailable,,,,https://apply.appone.com:443/job/6a999161e857e5398c2c111e?utm_source=INDEED,,needs_adapter
SBH Fashion,Search leads saved — validation pending,,,,https://sbhfashion.com/,Search results are unverified leads; no board added.,no_url_at_all
SC&H,Search leads saved — validation pending,,,,https://www.schgroup.com/careers/,Search results are unverified leads; no board added.,no_url_at_all
SCCI,Search leads saved — validation pending,,,,https://www.sccigroup.com/about-us/careers,Search results are unverified leads; no board added.,no_url_at_all
Scentbird,Search leads saved — validation pending,,,,https://ats.rippling.com/scentbird/jobs,Search results are unverified leads; no board added.,no_url_at_all
Schindler Elevator Corporation (U.S.),Search leads saved — validation pending,,,,https://www.linkedin.com/company/schindler-elevator-corporation/jobs,Search results are unverified leads; no board added.,no_url_at_all
SCOR,Search leads saved — validation pending,,,,https://www.scor.com/en/careers,Search results are unverified leads; no board added.,no_url_at_all
Scott Humphrey Corporation,Search leads saved — validation pending,,,,https://scotthumphrey.com/,Search results are unverified leads; no board added.,no_url_at_all
SDH Studio Architecture and Interior Design,Search leads saved — validation pending,,,,https://sdhstudio.com/,Search results are unverified leads; no board added.,no_url_at_all
SEACORP,Search leads saved — validation pending,,,,https://www.seacorp.com/,Search results are unverified leads; no board added.,no_url_at_all
Seal Dynamics - A HEICO Company,Search leads saved — validation pending,,,,https://www.linkedin.com/company/seal-dynamics,Search results are unverified leads; no board added.,no_url_at_all
Seal Dynamics LLC,Further adapter investigation required,,,,https://recruiting.adp.com/srccsh/public/RTI.home?r=5001225911706&c=1215401&d=ExternalCareerSite&rb=INDEED&idUnique=5001225911706,,needs_adapter
Seattle Children's Theatre,Further adapter investigation required,,,,https://seattlechildrenstheatre.recruiterbox.com/jobs/fk0ztxo?fjb_hash=ezLpq610,,needs_adapter
Second Harvest of Silicon Valley,Search leads saved — validation pending,,,,https://www.shfb.org/about-us/employment-and-culture/,Search results are unverified leads; no board added.,no_url_at_all
SecondWind by Joveo,Search leads saved — validation pending,,,,https://in.linkedin.com/jobs/view/software-engineer-at-secondwind-by-joveo-4467064986,Search results are unverified leads; no board added.,no_url_at_all
Security Mutual Life Insurance Company of New York,Search leads saved — validation pending,,,,https://smlny.com/our-company/career-opportunities/,Search results are unverified leads; no board added.,no_url_at_all
SeeKing HR,Search leads saved — validation pending,,,,https://www.seekinghr.com/careers/,Search results are unverified leads; no board added.,no_url_at_all
"Sensorex, Inc.",Search leads saved — validation pending,,,,https://sensorex.fi/,Search results are unverified leads; no board added.,no_url_at_all
Sentar Inc.,Search leads saved — validation pending,,,,https://www.sentar.com/careers,Search results are unverified leads; no board added.,no_url_at_all
SER Metro-Detroit,Search leads saved — validation pending,,,,https://sermetro.org/careers/,Search results are unverified leads; no board added.,no_url_at_all
ServiceMaster DSI,Search leads saved — validation pending,,,,https://www.linkedin.com/posts/servicemaster-restoration-by-dsi_employmentopportunities-jobopenings-servicemasterdsi-activity-7122930303584632832-yEV9,Search results are unverified leads; no board added.,no_url_at_all
Serving Children and Reaching Families,Further adapter investigation required,,,,https://scarf.hrpartner.io/jobs/anchored-program-coordinator-lkwwe?source=Indeed,,needs_adapter
Servpro Industries,Further adapter investigation required,,,,https://servpro.hrmdirect.com/employment/view.php?req=3820384&jbsrc=1014&location=a6f4cc53-9504-98ec-7ea5-36f618f6e544,,needs_adapter
SERVPRO of Quincy and Hannibal,Search leads saved — validation pending,,,,https://www.linkedin.com/jobs/view/job-file-coordinator-at-servpro-of-quincy-and-hannibal-4458961948,Search results are unverified leads; no board added.,no_url_at_all
SERVPRO of Southwest Portland,Search leads saved — validation pending,,,,https://www.servpro.com/locations/or/servpro-of-southwest-portland/careers,Search results are unverified leads; no board added.,no_url_at_all
SERVPRO of Vacaville / Dixon,Search leads saved — validation pending,,,,https://www.servpro.com/locations/ca/servpro-of-vacaville-dixon/careers,Search results are unverified leads; no board added.,no_url_at_all
SES Corporation,Held for identity or scope review,,,,,"Identity ambiguity: Greenhouse ses reports SES Construction, while candidate is SES Corporation. No official linkage establishes they are the same employer.",no_board_found
Seton Medical Center Harker Heights,Held for identity or scope review,,,,,"Unscoped parent board: returned Workday board belongs to Healogics, not an independently scoped Seton Medical Center board.",needs_adapter
Sevita,Search leads saved — validation pending,,,,https://jobs.sevitahealth.com/us/en/life-at-Sevita,Search results are unverified leads; no board added.,no_url_at_all
Shaker - Illinois - UHS - Suncoast Behavioral Health Center,Search leads saved — validation pending,,,,https://www.indeed.com/cmp/Shaker---Illinois---Uhs---Suncoast-Behavioral-Health-Center?campaignid=mobvjcmp&fromjk=e6dbf383daf1f85d,Search results are unverified leads; no board added.,no_url_at_all
Shakti Solutions,Search leads saved — validation pending,,,,https://shaktisolutions.com/careers.php,Search results are unverified leads; no board added.,no_url_at_all
SharpAtoms,Search leads saved — validation pending,,,,https://www.sharpatoms.com/,Search results are unverified leads; no board added.,no_url_at_all
Shearer Companies,Search leads saved — validation pending,,,,https://www.linkedin.com/company/shearer-companies,Search results are unverified leads; no board added.,no_url_at_all
Sheer Science,Search leads saved — validation pending,,,,https://www.linkedin.com/company/sheerscience,Search results are unverified leads; no board added.,no_url_at_all
Shelter House,Held for identity or scope review,,,,,Official Shelter House careers path returned branded404; Workable tenant linkage not independently saved.,needs_adapter
Sheppard Pratt,Search leads saved — validation pending,,,,https://careers.sheppardpratt.org/,Search results are unverified leads; no board added.,no_url_at_all
SHIFT - Communication Supply Chain Solutions,Search leads saved — validation pending,,,,https://www.linkedin.com/company/shift---communication-supply-chain-solutions,Search results are unverified leads; no board added.,no_url_at_all
Shift Digital,Search leads saved — validation pending,,,,https://www.shiftdigital.com/company/careers,Search results are unverified leads; no board added.,no_url_at_all
ShopBack,Further adapter investigation required,,,,https://careers.shopback.com,,no_board_found
Shot Tower Capital,Search leads saved — validation pending,,,,https://www.shotcap.com/,Search results are unverified leads; no board added.,no_url_at_all
Siemens Digital Industries Software,Search leads saved — validation pending,,,,https://jobs.sw.siemens.com/about-us/,Search results are unverified leads; no board added.,no_url_at_all
Sierra Management and Technologies Inc,Held for identity or scope review,,,,,Official Sierra careers page is Wix and exposed no ADP cid in saved page; tenant linkage unconfirmed.,board_resolved_but_unused
Sierra Nevada Corporation,Search leads saved — validation pending,,,,https://sierranevada.com/careers,Search results are unverified leads; no board added.,no_url_at_all
Sift,Already configured,,,,,,board_guessed_unverified
Signant Health,Further adapter investigation required,,,,https://jobs.dayforcehcm.com/en-US/signanthealth/CANDIDATEPORTAL/jobs/12278,,needs_adapter
"SiloSmashers, Inc.",Search leads saved — validation pending,,,,https://smtp.silosmashers.com/careers/,Search results are unverified leads; no board added.,no_url_at_all
Simcote,Search leads saved — validation pending,,,,https://simcote.com/hiring/,Search results are unverified leads; no board added.,no_url_at_all
Simmons Foods,Search leads saved — validation pending,,,,https://simmonsfoods.com/,Search results are unverified leads; no board added.,no_url_at_all
Simplex.,Search leads saved — validation pending,,,,https://www.simplex.com/join-us,Search results are unverified leads; no board added.,no_url_at_all
Sincere Builders,Search leads saved — validation pending,,,,https://www.linkedin.com/company/sincerebuilders/jobs,Search results are unverified leads; no board added.,no_url_at_all
Singer Equipment Company,Search leads saved — validation pending,,,,https://www.singerequipment.com/careers,Search results are unverified leads; no board added.,no_url_at_all
"Sisters Empowering S.I.S.T.A.S., Inc.",Search leads saved — validation pending,,,,https://sistersempoweringsistas.org/get-involved,Search results are unverified leads; no board added.,no_url_at_all
SIXT,Held for identity or scope review,,,,,Official SIXT jobs page has no link to proposed Greenhouse sixt tenant. Hold legacy guessed board until current platform established.,board_guessed_unverified
SK Packers and Movers,Search leads saved — validation pending,,,,https://in.linkedin.com/company/sk-packers-and-movers,Search results are unverified leads; no board added.,no_url_at_all
"Skorpios Technologies, Inc.",Search leads saved — validation pending,,,,https://www.skorpiosinc.com/about-us/careers/,Search results are unverified leads; no board added.,no_url_at_all
Skyrocket Ventures,Held for identity or scope review,,,,,"Skyrocket Ventures SmartRecruiters slug found, but no independent official employer link reviewed before wrap-up.",board_guessed_unverified
SkyWest Airlines,Search leads saved — validation pending,,,,https://jobs.skywest.com/,Search results are unverified leads; no board added.,no_url_at_all
Skywest Airlines of USA,Search leads saved — validation pending,,,,https://www.linkedin.com/company/skywest-airlines-usa,Search results are unverified leads; no board added.,no_url_at_all
Skywest United Express,Search leads saved — validation pending,,,,https://skywest.com/,Search results are unverified leads; no board added.,no_url_at_all
Slate Auto,Search leads saved — validation pending,,,,https://www.linkedin.com/company/slateauto/jobs,Search results are unverified leads; no board added.,no_url_at_all
"Smart Start, Inc.",Search leads saved — validation pending,,,,https://www.smartstartinc.com/careers/,Search results are unverified leads; no board added.,no_url_at_all
Smithsonian Enterprises,Adapter validation unresolved,https://app.pinpointhq.com,pinpoint,0,https://trustcareers.si.edu/postings/e10d0ac3-817f-4690-8bee-50ac874f33cf?utm_medium=job_board&utm_source=indeed,HTTPError: 404 Client Error: Not Found for url: https://app.pinpointhq.com/postings.json,needs_adapter
SMPLY Brands,Search leads saved — validation pending,,,,https://smplybrands.com/,Search results are unverified leads; no board added.,no_url_at_all
Smufp Consulting,Search leads saved — validation pending,,,,https://www.linkedin.com/jobs/view/business-analyst-at-smufp-consulting-4442408592,Search results are unverified leads; no board added.,no_url_at_all
Smurfit Westrock,Search leads saved — validation pending,,,,https://www.smurfitwestrock.com/careers/jobs,Search results are unverified leads; no board added.,no_url_at_all
Snoqualmie Indian Tribe,Search leads saved — validation pending,,,,https://snoqualmietribe.us/department-directory/,Search results are unverified leads; no board added.,no_url_at_all
Sobieski Mechanical & Fire Protection,Search leads saved — validation pending,,,,https://www.linkedin.com/jobs/view/assistant-project-manager-custom-homes-at-sobieski-mechanical-fire-protection-4452678470,Search results are unverified leads; no board added.,no_url_at_all
Soccer Shots,Further adapter investigation required,,,,https://soccershots-kalamazoo.careerplug.com/j/034j4n3,,needs_adapter
Social Capital Resources,Search leads saved — validation pending,,,,https://www.linkedin.com/company/social-capital-resources/jobs,Search results are unverified leads; no board added.,no_url_at_all
Sofidel S.p.A.,Search leads saved — validation pending,,,,https://www.linkedin.com/company/sofidel/jobs,Search results are unverified leads; no board added.,no_url_at_all
Sogeti,Search leads saved — validation pending,,,,https://www.sogeti.com/careers/,Search results are unverified leads; no board added.,no_url_at_all
Soho Square Solutions,Search leads saved — validation pending,,,,https://sohosquaresolutions.com/privacy-policy/,Search results are unverified leads; no board added.,no_url_at_all
Sonepar USA,Search leads saved — validation pending,,,,https://www.linkedin.com/company/sonepar-usa/jobs,Search results are unverified leads; no board added.,no_url_at_all
Sonny's Enterprises Inc. - Conveyorized Car Wash Equipment Leader,Search leads saved — validation pending,,,,https://www.linkedin.com/company/sonny%27s-enterprises/jobs,Search results are unverified leads; no board added.,no_url_at_all
Sonsie Skin Inc.,Search leads saved — validation pending,,,,https://sonsieskin.com/pages/contact-us,Search results are unverified leads; no board added.,no_url_at_all
Sony Music Publishing,Search leads saved — validation pending,,,,https://www.sony.com/en_us/SCA/careers/satv.html,Search results are unverified leads; no board added.,no_url_at_all
SOSV HAX,Search leads saved — validation pending,,,,https://sosv.com/,Search results are unverified leads; no board added.,no_url_at_all
SoTalent,Search leads saved — validation pending,,,,https://sotalent.us/jobs,Search results are unverified leads; no board added.,no_url_at_all
Sound Royalties,Search leads saved — validation pending,,,,https://soundroyalties.com/careers/,Search results are unverified leads; no board added.,no_url_at_all
Sourceo,Further adapter investigation required,,,,https://sourceo.io/jobs/6a8c0f02e7bbccb22e694085,,needs_adapter
South Coast Improvement Company,Search leads saved — validation pending,,,,https://southcoastimprovement.com/career-opportunities/,Search results are unverified leads; no board added.,no_url_at_all
South Shore Roofing LLC,Search leads saved — validation pending,,,,https://www.linkedin.com/company/south-shore-roofing,Search results are unverified leads; no board added.,no_url_at_all
SouthEast Alaska Regional Health Consortium (SEARHC),Search leads saved — validation pending,,,,https://searhc.org/careers/,Search results are unverified leads; no board added.,no_url_at_all
Southern Company Gas,Search leads saved — validation pending,,,,https://www.southerncompanygas.com/,Search results are unverified leads; no board added.,no_url_at_all
SpaceNews,Further adapter investigation required,,,,https://jobs.spacenews.com,,no_board_found
Specialized Dental Partners,Adapter validation unresolved,https://careers-specializeddental.icims.com/jobs/search?ss=1&in_iframe=1,icims,0,https://careers.specializeddental.com/jobs/3059?lang=en-us,PartialScrapeError: iCIMS results or explicit empty state is absent,needs_adapter
Specialty Print Communications,Search leads saved — validation pending,,,,https://specialtyprintcomm.com/contact/,Search results are unverified leads; no board added.,no_url_at_all
SpiderRock,Search leads saved — validation pending,,,,https://careers.blackrock.com/job/chicago/sales-client-service-onboarding-operations-associate/45831/99506241840,Search results are unverified leads; no board added.,no_url_at_all
Spinnaker Analytics,Search leads saved — validation pending,,,,https://www.spinnakeranalytics.com/,Search results are unverified leads; no board added.,no_url_at_all
Sports Careers,Search leads saved — validation pending,,,,https://gire.mashreqdevelopments.com/uses?_=%2Fcompany%2Fsports-careers%23aU4iOhb7bFvice0yymyvWGRePyRLoiwZ&trk=public_jobs_sub-nav-cta-optional-url,Search results are unverified leads; no board added.,no_url_at_all
Sprayground,Search leads saved — validation pending,,,,https://www.sprayground.co.il/,Search results are unverified leads; no board added.,no_url_at_all
Spurk HVAC,Further adapter investigation required,,,,https://spurkhvac.prevueaps.com/jobs/336774-113916.html,,needs_adapter
Spurs Sports & Entertainment,Search leads saved — validation pending,,,,https://www.frostbankcenter.com/connect/career-opportunities,Search results are unverified leads; no board added.,no_url_at_all
Squadra Technologies Services,Search leads saved — validation pending,,,,https://www.indeed.com/cmp/Squadra-Technologies-Services?fromjk=b2c1e1569bf29f34,Search results are unverified leads; no board added.,no_url_at_all
SRM Digital,Search leads saved — validation pending,,,,https://www.linkedin.com/company/srm-digital-llc,Search results are unverified leads; no board added.,no_url_at_all
SRO Housing Corporation,Search leads saved — validation pending,,,,https://srohousing.org/employment/,Search results are unverified leads; no board added.,no_url_at_all
SSC Services for Education,Held for identity or scope review,,,,,Unscoped Compass Group-wide board for SSC Services for Education; avoid duplicate parent-board alias.,needs_adapter
Stage 4 Solutions,Further adapter investigation required,,,,https://jobs.stage4solutions.com,,no_board_found
Stand8 Technology Consulting,Search leads saved — validation pending,,,,https://www.linkedin.com/company/stand8/jobs,Search results are unverified leads; no board added.,no_url_at_all
Star Mountain Capital,Held for identity or scope review,,,,,Official Star Mountain Capital careers page links current LinkedIn jobs; proposed Greenhouse tenant not linked in saved official page.,board_guessed_unverified
Starlite Building Services,Search leads saved — validation pending,,,,https://careers-starlitebuildingservices.icims.com/jobs/6778/divisional-controller/job?in_iframe=1,Search results are unverified leads; no board added.,no_url_at_all
StarPlus Energy,Further adapter investigation required,,,,https://recruiting.adp.com/srccsh/public/RTI.home?r=5001225947606&c=2199919&d=ExternalCareerSite&rb=INDEED&idUnique=5001225947606,,needs_adapter
Starr,Search leads saved — validation pending,,,,https://starr.com/About/Careers,Search results are unverified leads; no board added.,no_url_at_all
State of Alaska,Readable — identity review pending,https://www.governmentjobs.com/careers/alaska,schooljobs,289,https://www.governmentjobs.com/careers/Alaska/jobs/5473908/program-coordinator-2-dementia-coalition-coordinator-pcn-16n27002,,government_portal
State of Indiana,Search leads saved — validation pending,,,,https://www.in.gov/,Search results are unverified leads; no board added.,no_url_at_all
State of Louisiana,Search leads saved — validation pending,,,,https://www.doa.la.gov/doa/hr/employment-opportunities/,Search results are unverified leads; no board added.,no_url_at_all
State of New Hampshire,Further adapter investigation required,,,,https://jobsp.nhfirst.nh.gov/lawtaprd/CandidateSelfService/controller.servlet?context.dataarea=lmghr&webappname=CandidateSelfService&context.session.key.HROrganization=10&context.session.key.JobBoard=EXTERNAL&_saveKeys=true&JobPost=2&JobReq=52973&context.session.key.noheader=true,,government_portal
State of Oregon,Public portal restricted during check,,,,https://careers.stateoforegon.com,,no_board_found
State of Utah,Search leads saved — validation pending,,,,https://dhrm.utah.gov/search-jobs/,Search results are unverified leads; no board added.,no_url_at_all
STAUD,Search leads saved — validation pending,,,,https://www.stauds.com/en/,Search results are unverified leads; no board added.,no_url_at_all
Stealth Startup,Further adapter investigation required,,,,https://careers.stealthstartup.com,,no_board_found
"SteelSummit Holdings, Inc",Search leads saved — validation pending,,,,https://steelsummit.com/careers/,Search results are unverified leads; no board added.,no_url_at_all
Stefanini North America and APAC,Search leads saved — validation pending,,,,https://www.linkedin.com/company/stefanini-na-apac/jobs,Search results are unverified leads; no board added.,no_url_at_all
Stellantis,Further adapter investigation required,,,,https://careers.stellantis.com,,no_board_found
Stelvio Inc.,Search leads saved — validation pending,,,,https://www.linkedin.com/company/stelvioinc,Search results are unverified leads; no board added.,no_url_at_all
Sterling Computers,Added and verified,https://workforcenow.adp.com/mascsr/default/mdf/recruitment/recruitment.html?cid=da76a366-c959-4b2c-a12e-7c294e0c1658&ccId=19000101_000001,adp,25,https://sterling.com/careers/,Board registration read back from live database.,board_resolved_but_unused
STI-TEC,Search leads saved — validation pending,,,,https://www.sti-tec.com/,Search results are unverified leads; no board added.,no_url_at_all
Stoa Group,Search leads saved — validation pending,,,,https://www.stoagroup.com/,Search results are unverified leads; no board added.,no_url_at_all
Stormont Vail Health,Search leads saved — validation pending,,,,https://www.stormontvail.org/careers/,Search results are unverified leads; no board added.,no_url_at_all
Stradley Ronon,Search leads saved — validation pending,,,,https://www.stradley.com/careers/lawyers,Search results are unverified leads; no board added.,no_url_at_all
StratasCorp Technologies,Search leads saved — validation pending,,,,https://stratascorp.com/,Search results are unverified leads; no board added.,no_url_at_all
Strategic Analysis Incorporated,Search leads saved — validation pending,,,,https://www.linkedin.com/company/strategic-analysis-incorporated,Search results are unverified leads; no board added.,no_url_at_all
Stratolaunch,Added and verified,https://job-boards.greenhouse.io/stratolaunch,greenhouse,55,https://www.stratolaunch.com/careers/5421422008/,Board registration read back from live database.,board_guessed_unverified
Strive Health Services LLC,Search leads saved — validation pending,,,,https://strivehs.com/our-team/,Search results are unverified leads; no board added.,no_url_at_all
STRS Ohio,Search leads saved — validation pending,,,,https://www.linkedin.com/company/strs-ohio/jobs,Search results are unverified leads; no board added.,no_url_at_all
Studio Museum in Harlem,Search leads saved — validation pending,,,,https://www.studiomuseum.org/careers,Search results are unverified leads; no board added.,no_url_at_all
Suddath,Search leads saved — validation pending,,,,https://suddath.com/about/careers/,Search results are unverified leads; no board added.,no_url_at_all
Sun Valley Landscaping,Fetch failed during check,,,,https://secure.ipsonline.net/ta/SUNVALLEY.careers?ShowJob=872611592,"SSLError: HTTPSConnectionPool(host='secure.ipsonline.net', port=443): Max retries exceeded with url: /ta/SUNVALLEY.careers?ShowJob=872611592 (Caused by SSLError(SSLCertVerificationError(1, '[SSL: CERTIFICATE_VE",needs_adapter
SundaySky,Further adapter investigation required,,,,https://sundaysky.com/careers/co/us/2C.27E/senior-full-stack-engineer/all/?coref=1.11.pD9_CC15,,needs_adapter
Superior Essex,Further adapter investigation required,,,,https://recruiting.adp.com/srccsh/public/RTI.home?r=5001223328106&c=1145111&d=ExternalEssexSolutions&rb=INDEED&idUnique=5001223328106,,needs_adapter
Supernova Technology™,Search leads saved — validation pending,,,,https://www.linkedin.com/company/supernova-companies/jobs,Search results are unverified leads; no board added.,no_url_at_all
Supreme Elite,Search leads saved — validation pending,,,,https://careercenter.unt.edu/companies/supreme-elite/jobs/,Search results are unverified leads; no board added.,no_url_at_all
Surgimate,Held for identity or scope review,,,,,Official Surgimate careers page returned HTTP403; Ashby tenant linkage unconfirmed.,board_guessed_unverified
Survivors of Abuse in Recovery Inc.,Search leads saved — validation pending,,,,https://www.survivorsofabuse.org/about-5,Search results are unverified leads; no board added.,no_url_at_all
Swan Electric Company,Search leads saved — validation pending,,,,https://www.swanelectric.com/,Search results are unverified leads; no board added.,no_url_at_all
SWBC,Search leads saved — validation pending,,,,https://swbc.jobs.net/,Search results are unverified leads; no board added.,no_url_at_all
Swire Coca-Cola,Further adapter investigation required,,,,https://jobs.dayforcehcm.com/en-US/swirecc/CANDIDATEPORTAL/jobs/117027,,needs_adapter
SwitchThink Solutions,Search leads saved — validation pending,,,,https://jobs.desertfinancial.com/switchthink/us/en/home,Search results are unverified leads; no board added.,no_url_at_all
Swooped,Search leads saved — validation pending,,,,https://help.swooped.co/en/articles/8500464-what-is-swooped,Search results are unverified leads; no board added.,no_url_at_all
Synapse Health,Added and verified,https://job-boards.greenhouse.io/synapsehealth,greenhouse,15,https://synapsehealth.com/job-postings/,Board registration read back from live database.,needs_adapter
Synectics Inc.,Search leads saved — validation pending,,,,https://www.synectics-solutions.com/about/careers,Search results are unverified leads; no board added.,no_url_at_all
Synergy BIS,Adapter validation unresolved,https://jobs.jobvite.com/synergy,jobvite,0,https://app.jobvite.com/CompanyJobs/Job.aspx?j=oIMNAfwB&s=Indeed,,needs_adapter
Synergy Staffing,Search leads saved — validation pending,,,,https://synergystaffing.org/,Search results are unverified leads; no board added.,staffing_firm
Synertex LLC,Search leads saved — validation pending,,,,https://synertex.com/careers/,Search results are unverified leads; no board added.,no_url_at_all
T12 Technologies,Further adapter investigation required,,,,https://t12-technologies-llc.careerplug.com/j/034r1zv,,needs_adapter
Tactile Medical,Held for identity or scope review,,,,,Official Tactile Medical careers page returned HTTP403; current Greenhouse tenant link unconfirmed.,board_guessed_unverified
TAKKION,Search leads saved — validation pending,,,,https://takkion.com/careers/,Search results are unverified leads; no board added.,no_url_at_all
Talentooze,Search leads saved — validation pending,,,,https://www.linkedin.com/jobs/view/lead-automotive-systems-engineer-at-talentooze-4463514233,Search results are unverified leads; no board added.,no_url_at_all
Tamarind Bio,Held for identity or scope review,,,,,Official Tamarind Bio careers URL redirects to Y Combinator jobs. Proposed Ashby tenant not linked in saved page.,board_guessed_unverified
Tapani Inc.,Further adapter investigation required,,,,https://secure7.saashr.com/ta/6204758.careers?ShowJob=638003288,,needs_adapter
Tate,Search leads saved — validation pending,,,,https://jobsearch.tate.org.uk/,Search results are unverified leads; no board added.,no_url_at_all
Tate Access Floors,Further adapter investigation required,,,,https://kingspan.rec.pro.ukg.net/KIN1011KIPI/JobBoard/33608bb1-3ee4-499d-ac64-5bf915a31ac4/OpportunityDetail?opportunityId=11f1684e-d0f3-4185-93c4-f5e86a77ec3e&postingId=566253cd-5adc-42af-b95e-797f80201257,,needs_adapter
Tec Pro Ltd,Further adapter investigation required,,,,https://www.koniagew.com/?gnk=job&gni=8a7887a8a03fc2be01a063d7263f0d11&gns=Indeed+Free,,needs_adapter
Tech Electronics,Provided URL unavailable,,,,https://careers.techelectronics.com,,no_board_found
Techfellow Limited,Search leads saved — validation pending,,,,https://www.techfellow.co.uk/,Search results are unverified leads; no board added.,no_url_at_all
Technica Corporation,Search leads saved — validation pending,,,,https://www.technica.com/careers,Search results are unverified leads; no board added.,no_url_at_all
TechOp Solutions International,Search leads saved — validation pending,,,,https://techopsolutions.net/careers/,Search results are unverified leads; no board added.,no_url_at_all
TechTree,Blocked — unchanged,,,,,Explicit live admin blocklist; skipped.,blocklisted
TECO Peoples Gas,Search leads saved — validation pending,,,,https://jobs.tecoenergy.com/PeoplesGasSystem,Search results are unverified leads; no board added.,no_url_at_all
Tectutor Incorporation,Search leads saved — validation pending,,,,https://www.tectutor.com/contact-us,Search results are unverified leads; no board added.,no_url_at_all
"Tekla Research, Inc.",Search leads saved — validation pending,,,,https://www.linkedin.com/company/tekla-research-inc,Search results are unverified leads; no board added.,no_url_at_all
Temple Health – Temple University Health System,Added and verified,https://careers.templehealth.org,phenom,499,https://www.templehealth.org/careers,Board registration read back from live database.,no_board_found
Temu,Public portal restricted during check,,,,https://careers.temu.com,,no_board_found
Tenth Ward Distilling Company,Search leads saved — validation pending,,,,https://www.tenthwarddistilling.com/,Search results are unverified leads; no board added.,no_url_at_all
Tepa Companies,Search leads saved — validation pending,,,,https://tepa.com/careers/,Search results are unverified leads; no board added.,no_url_at_all
Terminix,Further adapter investigation required,,,,https://careers.terminix.com,,no_board_found
Terra Contracting Inc,Search leads saved — validation pending,,,,https://terracontracting.com/employment/,Search results are unverified leads; no board added.,no_url_at_all
Tesla Government Inc,Further adapter investigation required,,,,https://theapplicantmanager.com/jobs?pos=tg428&src=Indeed,,needs_adapter
"Tesla Laboratories, Inc.",Held for identity or scope review,,,,,Guessed tesla-labs.com careers path returned404. Search found current branded Paylocity Tesla Laboratories tenant; proposed Workable tenant requires official confirmation.,needs_adapter
TEVISHR,Further adapter investigation required,,,,https://careers.hireology.com/tevishr/2879077/description?ref=indeed.com&source=indeed,,needs_adapter
Texas Higher Education Coordinating Board,Search leads saved — validation pending,,,,https://www.highered.texas.gov/careers/,Search results are unverified leads; no board added.,no_url_at_all
Texas Workforce Commission,Search leads saved — validation pending,,,,https://careers.smartrecruiters.com/TexasWorkforceCommission,Search results are unverified leads; no board added.,staffing_firm
Textron Specialized Vehicles,Search leads saved — validation pending,,,,https://careers.textron.com/,Search results are unverified leads; no board added.,no_url_at_all
TGW Logistics,Search leads saved — validation pending,,,,https://www.tgw-group.com/us/career/jobs/,Search results are unverified leads; no board added.,no_url_at_all
Thales Cybersecurity Products,Search leads saved — validation pending,,,,https://www.linkedin.com/company/thalescloudsec,Search results are unverified leads; no board added.,no_url_at_all
Tharp Consulting,Search leads saved — validation pending,,,,https://www.linkedin.com/jobs/view/customer-service-representative-at-tharp-consulting-4447431099,Search results are unverified leads; no board added.,no_url_at_all
tharros,Further adapter investigation required,,,,https://secure6.saashr.com/ta/6186809.careers?ShowJob=738614721,,needs_adapter
The Amatriot Group,Further adapter investigation required,,,,https://amatriot.hrmdirect.com/employment/view.php?req=3789171&jbsrc=1014&location=3b75a998-ec1c-e3bc-fa57-e5ea929822a4,,needs_adapter
The Austin Stone Counseling Center,Search leads saved — validation pending,,,,https://www.linkedin.com/company/austinstonecounseling,Search results are unverified leads; no board added.,no_url_at_all
The Best Job Board,Search leads saved — validation pending,,,,https://www.thebestjobboard.com/,Search results are unverified leads; no board added.,no_url_at_all
The Christman Company,Search leads saved — validation pending,,,,https://www.christmanco.com/,Search results are unverified leads; no board added.,no_url_at_all
The City University of New York,University follow-up required,,,,https://www.cuny.edu/employment/search-jobs/,"Officialsource retrieved, but no fully validated supported board behind it during this audit.",no_board_found
The Common Good Tulsa,Further adapter investigation required,,,,https://www.cgtulsa.org/_files/ugd/d4742d_59614f2d42bf41a2bece8a62200a204b.pdf,,needs_adapter
The Community Supports Network (NE),Further adapter investigation required,,,,https://recruitingbypaycor.com/career/JobIntroduction.action?id=8a78859fa064222601a083023ade3e88&source=Indeed+Free,,needs_adapter
The D. E. Shaw Group,Search leads saved — validation pending,,,,https://www.linkedin.com/jobs/d-e-shaw-jobs,Search results are unverified leads; no board added.,no_url_at_all
The Dolores State Bank,Search leads saved — validation pending,,,,https://mydsb.com/careers.html,Search results are unverified leads; no board added.,no_url_at_all
The Everest Search Group,Search leads saved — validation pending,,,,https://www.linkedin.com/company/the-everest-group/jobs,Search results are unverified leads; no board added.,no_url_at_all
The Federal Savings Bank,Search leads saved — validation pending,,,,https://www.thefederalsavingsbank.com/careers/,Search results are unverified leads; no board added.,no_url_at_all
"The G.S. Haly Company, Inc",Search leads saved — validation pending,,,,https://www.gshaly.com/,Search results are unverified leads; no board added.,no_url_at_all
The Global Institute for Health and Human Rights,Search leads saved — validation pending,,,,https://www.linkedin.com/company/gihhr,Search results are unverified leads; no board added.,no_url_at_all
The Health Plan (THP),Search leads saved — validation pending,,,,https://www.linkedin.com/company/the-health-plan-thp-/jobs,Search results are unverified leads; no board added.,no_url_at_all
The Kinsley Group,Search leads saved — validation pending,,,,https://www.kinsley-group.com/careers/,Search results are unverified leads; no board added.,no_url_at_all
The Mechanical Licensing Collective,Added and verified,https://job-boards.greenhouse.io/mechanicallicensingcollective,greenhouse,3,https://www.themlc.com/careers,Board registration read back from live database.,board_guessed_unverified
"The MetroHealth System (Cleveland, OH)",Search leads saved — validation pending,,,,https://www.linkedin.com/company/metrohealthcle/jobs,Search results are unverified leads; no board added.,no_url_at_all
"The National Academies of Sciences, Engineering, and Medicine",Search leads saved — validation pending,,,,https://careers.nationalacademies.org/us/en,Search results are unverified leads; no board added.,no_url_at_all
The National Literacy Institute,Search leads saved — validation pending,,,,https://www.thenationalliteracyinstitute.com/join-our-team,Search results are unverified leads; no board added.,no_url_at_all
The Office of Addiction Services and Supports,Search leads saved — validation pending,,,,https://www.linkedin.com/company/nys-oasas,Search results are unverified leads; no board added.,no_url_at_all
The Office of the Chief Financial Officer (OCFO),Search leads saved — validation pending,,,,https://www.linkedin.com/company/ocfo-dc/jobs,Search results are unverified leads; no board added.,no_url_at_all
The Ohio State University Wexner Medical Center,Already configured,https://osu.wd1.myworkdayjobs.com/OSUCareers,workday,1011,https://hr.osu.edu/careers/,Board registration read back from live database.,needs_adapter
The Old Dominion Group,Search leads saved — validation pending,,,,https://olddominion.group/careers/,Search results are unverified leads; no board added.,no_url_at_all
The Options Clearing Corporation (OCC),Search leads saved — validation pending,,,,https://www.theocc.com/careers,Search results are unverified leads; no board added.,no_url_at_all
"THE ORYZA GROUP, LLC",Further adapter investigation required,,,,https://www.appone.com/applinkportal.asp?r_id=7205165&AdCode=Indeed14248,,needs_adapter
The Pasha Group,Search leads saved — validation pending,,,,https://www.linkedin.com/company/the-pasha-group/jobs,Search results are unverified leads; no board added.,no_url_at_all
The Peer Company,Search leads saved — validation pending,,,,https://www.linkedin.com/company/thepeercompany,Search results are unverified leads; no board added.,no_url_at_all
The Phoenix Group,Held for identity or scope review,,,,,Identity ambiguity: Ashby phoenix reports Phoenix; no evidence distinguishes this from The Phoenix Group employer intended by the backlog.,board_guessed_unverified
The Poole and Kent Corporation,Search leads saved — validation pending,,,,https://pkcorp.com/,Search results are unverified leads; no board added.,no_url_at_all
The Shade Store,Search leads saved — validation pending,,,,https://www.theshadestore.com/corporate-info/careers,Search results are unverified leads; no board added.,no_url_at_all
The Strathmore Group,Search leads saved — validation pending,,,,https://strathmorehotels.com/work-with-us/,Search results are unverified leads; no board added.,no_url_at_all
The Travel Corporation,Search leads saved — validation pending,,,,https://ttc.com/careers/,Search results are unverified leads; no board added.,no_url_at_all
The Vomela Companies,Added and verified,https://apply.workable.com/vomela,workable,41,https://www.vomela.com/careers/,Board registration read back from live database.,needs_adapter
The Waldinger Corporation,Search leads saved — validation pending,,,,https://www.waldinger.com/careers,Search results are unverified leads; no board added.,no_url_at_all
The Wall Street Journal,Search leads saved — validation pending,,,,https://wsj.jobs/,Search results are unverified leads; no board added.,no_url_at_all
The Walt Disney Studios,Search leads saved — validation pending,,,,https://www.disneycareers.com/en/business/custom_fields.industrycustomfield/the%20walt%20disney%20studios/391/5,Search results are unverified leads; no board added.,no_url_at_all
Thermo Systems LLC,Further adapter investigation required,,,,https://thermo.hrmdirect.com/employment/view.php?req=3792285&jbsrc=1014&location=6856c839-7abe-eea7-5a2f-79fcad36ec1c,,no_board_found
Think and Ink Grant Consulting,Further adapter investigation required,,,,https://jobs.gusto.com/postings/think-and-ink-grant-consulting-operations-project-manager-30e1453a-623b-4213-89be-922101a3c7c6,,needs_adapter
Thomas & Hutton,Search leads saved — validation pending,,,,https://www.thomasandhutton.com/join-our-team/,Search results are unverified leads; no board added.,no_url_at_all
"Thompson Gray, Inc.",Search leads saved — validation pending,,,,https://thompson-gray.com/,Search results are unverified leads; no board added.,no_url_at_all
THUNDERYARD SOLUTIONS,Search leads saved — validation pending,,,,https://thunderyard.com/,Search results are unverified leads; no board added.,no_url_at_all
Tiello,Search leads saved — validation pending,,,,https://www.tiello.com/jobs,Search results are unverified leads; no board added.,no_url_at_all
TIENS,Search leads saved — validation pending,,,,https://www.tiens.com/,Search results are unverified leads; no board added.,no_url_at_all
"Tier Tech International, Inc.",Search leads saved — validation pending,,,,https://tier-tech.com/careers/,Search results are unverified leads; no board added.,no_url_at_all
Tier4 Group,Further adapter investigation required,,,,https://jobs.tier4group.com/,,no_board_found
"Timberline Construction Group, LLC",Search leads saved — validation pending,,,,https://timberlinecg.com/join-us/,Search results are unverified leads; no board added.,no_url_at_all
TJFACT LLC - Totally Joined for Achieving Collaborative Techniques,Search leads saved — validation pending,,,,https://www.linkedin.com/company/tjfact-llc---8-a-hubzone-and-sdvosb/jobs,Search results are unverified leads; no board added.,no_url_at_all
Toho Water Authority,Search leads saved — validation pending,,,,https://www.tohowater.com/careers,Search results are unverified leads; no board added.,no_url_at_all
Toll Brothers,Added and verified,https://jobs-tollbrothers.icims.com/jobs/search?ss=1&in_iframe=1,icims,149,https://www.tollcareercenter.com/jobs/operations-coordinator/25437/,Board registration read back from live database.,needs_adapter
TOMES & HANRATTY PC,Search leads saved — validation pending,,,,https://www.indeed.com/cmp/Tomes-%26-Hanratty-PC,Search results are unverified leads; no board added.,no_url_at_all
Tomorrow Water,Search leads saved — validation pending,,,,https://www.tomorrowwater.com/careers,Search results are unverified leads; no board added.,no_url_at_all
Top Prospect Group,Further adapter investigation required,,,,https://jobs.topprospectgroup.com/,,no_board_found
Top Stack,Search leads saved — validation pending,,,,https://www.topstack.com/eu,Search results are unverified leads; no board added.,no_url_at_all
Toshiba,Search leads saved — validation pending,,,,https://toshiba.com/tic/about-us/careers/,Search results are unverified leads; no board added.,no_url_at_all
TotalEnergies,Adapter validation unresolved,https://totalenergies.avature.net/en_US/SearchJobs,avature,0,https://careers.totalenergies.com/en,,no_board_found
Toyota Automated Logistics,Further adapter investigation required,,,,https://recruiting.adp.com/srccsh/public/RTI.home?r=5001218394800&c=1138141&d=TALSCareerSite&rb=INDEED&idUnique=5001218394800,,needs_adapter
TPG,Search leads saved — validation pending,,,,https://www.tpg.com/careers,Search results are unverified leads; no board added.,no_url_at_all
"TPM Group, LLC",Held for identity or scope review,,,,,TPM Group name has multiple employers. Search found Tyson PM Group and other TPM businesses; no saved official link proves Greenhouse tpm identity.,board_guessed_unverified
TraceGains,Search leads saved — validation pending,,,,https://tracegains.com/job-openings/,Search results are unverified leads; no board added.,no_url_at_all
Tractorbeam,Provided URL unavailable,,,,https://careers.tractorbeam.com,,no_board_found
"TRANCASA USA, INC",Further adapter investigation required,,,,https://trancasa.online/careers/?gnk=job&gni=8a78839e9fd3ba7b01a033fe37e170dc&gns=Indeed+Free,,needs_adapter
Transglobal Services LLC,Search leads saved — validation pending,,,,https://thetgs.com/career,Search results are unverified leads; no board added.,no_url_at_all
Transit & Flow,Search leads saved — validation pending,,,,https://transitflowplumbing.com/about/careers/,Search results are unverified leads; no board added.,no_url_at_all
TransMarket Group,Search leads saved — validation pending,,,,https://www.transmarketgroup.com/,Search results are unverified leads; no board added.,no_url_at_all
TRAX International Corporation,Search leads saved — validation pending,,,,https://www.traxintl.com/,Search results are unverified leads; no board added.,no_url_at_all
TreeHouse Foods,Search leads saved — validation pending,,,,https://www.treehousefoods.com/Careers/,Search results are unverified leads; no board added.,no_url_at_all
Trimont,Search leads saved — validation pending,,,,https://trimont.com/apac/careers/,Search results are unverified leads; no board added.,no_url_at_all
Trinity Life Sciences,Search leads saved — validation pending,,,,https://trinitylifesciences.com/company/careers/,Search results are unverified leads; no board added.,no_url_at_all
Trinity Lutheran Childcare & Preschool,Search leads saved — validation pending,,,,https://www.career.com/company/Trinity-Lutheran-Childcare-Preschool/jobs?cid=g202203251007368146205,Search results are unverified leads; no board added.,no_url_at_all
TriStar Health,Public portal restricted during check,,,,https://careers.hcahealthcare.com/en/jobs/18147552-plant-operations-coordinator?tm_job=1-INFOR-4834249&tm_event=view&tm_company=2537,,needs_adapter
"Tropical Assemblies, Inc.",Search leads saved — validation pending,,,,https://tropicalassemblies.com/contact/,Search results are unverified leads; no board added.,no_url_at_all
Truckstop.com,Search leads saved — validation pending,,,,https://www.linkedin.com/company/truckstop/jobs,Search results are unverified leads; no board added.,no_url_at_all
Trulieve,Blocked — unchanged,,,,,Explicit live admin blocklist; skipped.,blocklisted
Trusted Ally Home Care,Further adapter investigation required,,,,https://trustedally.com/careers?gnk=job&gni=8a7887a8a03fc2be01a059646fe92c4e&gns=Indeed+Free,,needs_adapter
"Trusted Concepts, Inc.",Search leads saved — validation pending,,,,https://www.linkedin.com/company/trusted-concepts-inc.,Search results are unverified leads; no board added.,no_url_at_all
Tucker Parker Smith Group (TPS Group),Search leads saved — validation pending,,,,https://www.linkedin.com/company/tps-group,Search results are unverified leads; no board added.,no_url_at_all
Tufts Medicine,Search leads saved — validation pending,,,,https://careers.tuftsmedicine.org/us/en,Search results are unverified leads; no board added.,no_url_at_all
"TW9, LLC",Search leads saved — validation pending,,,,https://www.jobs.service.gov.uk/jobs/6a5f36dc73b6d2660b88d342,Search results are unverified leads; no board added.,no_url_at_all
Twin Bridge Capital Partners,Search leads saved — validation pending,,,,https://twinbridgecapital.com/,Search results are unverified leads; no board added.,no_url_at_all
U-Haul,Added and verified,https://uhaul.wd1.myworkdayjobs.com/UhaulJobs,workday,471,https://jobs.uhaul.com/,Board registration read back from live database.,no_board_found
U.S. Army MWR,Search leads saved — validation pending,,,,https://www.armymwr.com/employee-portal/naf-personnel-services/office-locations,Search results are unverified leads; no board added.,no_url_at_all
U.S. Defense Intelligence Agency,Further adapter investigation required,,,,https://www.usajobs.gov:443/job/883780200,,government_portal
"U.S. Federal Solutions, Inc.",Search leads saved — validation pending,,,,https://usfederalsolutions.com/,Search results are unverified leads; no board added.,no_url_at_all
U.S. Navy Fleet and Family Readiness (FFR),Search leads saved — validation pending,,,,https://www.linkedin.com/company/us-navy-ffr/jobs,Search results are unverified leads; no board added.,no_url_at_all
U.S. Pacific Fleet,Search leads saved — validation pending,,,,https://www.surfpac.navy.mil/,Search results are unverified leads; no board added.,no_url_at_all
UC Davis Health,Search leads saved — validation pending,,,,https://health.ucdavis.edu/join-the-team/,Search results are unverified leads; no board added.,no_url_at_all
UCI-OC Alliance,Search leads saved — validation pending,,,,https://uciocalliance.uci.edu/,Search results are unverified leads; no board added.,no_url_at_all
UF Information Technology (UFIT),Search leads saved — validation pending,,,,https://explore.jobs.ufl.edu/en-us/Search/?search-keyword=14010000%2C+14020000%2C+14030000%2C+14040000%2C+1420%2C+14300000%2C+14400000%2C+1450%2C+1470%2C+14800000&subscribe=true,Search results are unverified leads; no board added.,no_url_at_all
UL Solutions,Search leads saved — validation pending,,,,https://www.ul.com/careers,Search results are unverified leads; no board added.,no_url_at_all
UNC Health,Search leads saved — validation pending,,,,https://jobs.unchealthcare.org/,Search results are unverified leads; no board added.,no_url_at_all
Underdog: Verified engineers. Interview-ready. Searching confidentially. And companies apply to you,Search leads saved — validation pending,,,,https://www.linkedin.com/jobs/view/software-engineer-at-underdog-io-the-curated-marketplace-where-tech-firms-meet-pre-vetted-engineers-confidential-roles-4464609241,Search results are unverified leads; no board added.,no_url_at_all
Uneek Global,Search leads saved — validation pending,,,,https://uneekglobal.com/jobs,Search results are unverified leads; no board added.,no_url_at_all
Unison Behavioral Health,Further adapter investigation required,,,,https://jobs.dayforcehcm.com/en-US/unison/CANDIDATEPORTAL/jobs/4957,,needs_adapter
United States Department Of Defense,Further adapter investigation required,,,,https://www.usajobs.gov:443/job/883808400,,government_portal
United Way,Adapter validation unresolved,https://app.trinethire.com/companies/812529-united-way-of-north-central-fl/jobs,trinethire,0,https://careers.unitedway.org/job/vita-program-manager-56673,,needs_adapter
UnitedHealthcare,Search leads saved — validation pending,,,,https://www.unitedhealthgroup.com/careers/en/ns/talent.html,Search results are unverified leads; no board added.,no_url_at_all
UnityPoint Health,Provided URL unavailable,,,,https://careers-unitypoint.icims.com/jobs/187024/job?utm_source=indeed_integration&iis=Job%20Board&iisn=Indeed&indeed-apply-token=73a2d2b2a8d6d5c0a62696875eaebd669103652d3f0c2cd5445d3e66b1592b0f,,board_resolved_but_unused
Univeristy Of Colorado Boulder,Readable — identity review pending,https://colorado.avature.net/jobs/SearchJobs,avature,87,https://jobs.colorado.edu/jobs/JobDetail/Senior-QA-Engineer/74869,,needs_adapter
Universal Engraving Inc,Further adapter investigation required,,,,https://recruiting.paylocity.com/Recruiting/Jobs/Details/4512813/Universal-Engraving-Inc/Marketing-Operations-Coordinator?source=Indeed_Feed,,needs_adapter
Universal Music Group,Search leads saved — validation pending,,,,https://www.universalmusic.com/careers/,Search results are unverified leads; no board added.,no_url_at_all
Universal Safe Guard,Search leads saved — validation pending,,,,https://www.indeed.com/q-graveyard-l-hurst%2C-tx-jobs.html,Search results are unverified leads; no board added.,no_url_at_all
University at Buffalo,Added and verified,https://www.ubjobs.buffalo.edu/postings/search,peopleadmin,273,https://www.ubjobs.buffalo.edu/,Board registration read back from live database.,no_board_found
University of Arizona College of Medicine – Tucson,Added and verified,https://arizona.csod.com/ux/ats/careersite/4/home,cornerstone,330,https://talent.arizona.edu/,Board registration read back from live database.,no_url_at_all
University of Colorado Colorado Springs,University follow-up required,,,,https://hr.uccs.edu/work-uccs,Official UCCS external source points CU Taleo shared board with location filter. Parent UniversityColorado system board covers openings; no inaccurate campus label.,no_board_found
University of Missouri-Columbia,Added and verified,https://erecruit.umsystem.edu/psc/tamext/COLUM/HRMS/c/HRS_HRAM_FL.HRS_CG_SEARCH_FL.GBL?SiteId=9,peoplesoft,154,https://hr.missouri.edu/job-openings,Board registration read back from live database.,no_board_found
University of Missouri-Saint Louis,Added and verified,https://erecruit.umsystem.edu/psc/tamext/STLOU/HRMS/c/HRS_HRAM_FL.HRS_CG_SEARCH_FL.GBL?SiteId=5,peoplesoft,33,https://www.umsl.edu/services/hrs/careers/staff.html,Board registration read back from live database.,no_url_at_all
University of Wisconsin-Madison,Added and verified,https://wisconsin.wd1.myworkdayjobs.com/UW_Madison,workday,362,https://wisconsin.wd1.myworkdayjobs.com/en-US/UW_Madison/job/Associate-Professor_JR10006354,Board registration read back from live database.,no_url_at_all
Univerze LLC,Search leads saved — validation pending,,,,https://www.linkedin.com/company/univerze,Search results are unverified leads; no board added.,no_url_at_all
UPS,Search leads saved — validation pending,,,,https://www.upsjobs.com/,Search results are unverified leads; no board added.,no_url_at_all
"Urban Strategies, Inc",Search leads saved — validation pending,,,,https://www.urbanstrategies.com/careers/,Search results are unverified leads; no board added.,no_url_at_all
US Army Corps of Engineers,Search leads saved — validation pending,,,,https://www.usace.army.mil/,Search results are unverified leads; no board added.,no_url_at_all
US HQ USAF and Support Elements,Further adapter investigation required,,,,https://www.usajobs.gov:443/job/883966000,,government_portal
US Military Treatment Facilities under DHA,Further adapter investigation required,,,,https://www.usajobs.gov:443/job/884077500,,government_portal
US National Institute of Standards and Technology,Further adapter investigation required,,,,https://www.usajobs.gov:443/job/883623300,,government_portal
US Office of Chief of Space Operations,Further adapter investigation required,,,,https://www.usajobs.gov:443/job/883757400,,government_portal
US United States Fleet Forces Command,Further adapter investigation required,,,,https://www.usajobs.gov:443/job/883018200,,government_portal
USA Compression,Further adapter investigation required,,,,https://energytransfer.referrals.selectminds.com/USAC/jobs/operations-data-analyst-19381,,needs_adapter
USA Legwear,Search leads saved — validation pending,,,,https://www.linkedin.com/company/usa-legwear,Search results are unverified leads; no board added.,no_url_at_all
USDA Farm Services Agency,Search leads saved — validation pending,,,,https://www.indeed.com/cmp/Usda-Farm-Services-Agency,Search results are unverified leads; no board added.,no_url_at_all
UT Health San Antonio,Search leads saved — validation pending,,,,https://www.utsa.edu/about/careers/,Search results are unverified leads; no board added.,no_url_at_all
Utah Mammoth,Search leads saved — validation pending,,,,https://www.nhl.com/utah/,Search results are unverified leads; no board added.,no_url_at_all
UVM Health - UVM Medical Center,Search leads saved — validation pending,,,,https://www.uvmhealthcareers.org/,Search results are unverified leads; no board added.,no_url_at_all
UW School of Medicine and Public Health,Added and verified,https://wisconsin.wd1.myworkdayjobs.com/UW_Madison,workday,362,https://wisconsin.wd1.myworkdayjobs.com/en-US/UW_Madison/job/Associate-Professor_JR10006354,Board registration read back from live database.,no_board_found
V2X,Adapter validation unresolved,https://careers-vectrus.icims.com/jobs/search?ss=1&in_iframe=1,icims,0,https://careers.gov2x.com/jobs/62861/job?utm_source=indeed_integration&iis=Job%20Board&iisn=Indeed&indeed-apply-token=73a2d2b2a8d6d5c0a62696875eaebd669103652d3f0c2cd5445d3e66b1592b0f,PartialScrapeError: iCIMS results or explicit empty state is absent,needs_adapter
VAI,Further adapter investigation required,,,,https://velis-associates-inc.careerplug.com/j/033r3rt,,needs_adapter
val's services,Search leads saved — validation pending,,,,https://www.linkedin.com/company/valsservices,Search results are unverified leads; no board added.,no_url_at_all
"Valiant Harbor International, LLC",Search leads saved — validation pending,,,,https://www.valiantharbor.com/careers,Search results are unverified leads; no board added.,no_url_at_all
Valkyrie Enterprises,Further adapter investigation required,,,,https://careers.valkyrieenterprises.com,,no_board_found
Valley Medical Center & Clinics,Search leads saved — validation pending,,,,https://www.valleymed.org/,Search results are unverified leads; no board added.,no_url_at_all
Valorem Reply,Search leads saved — validation pending,,,,https://www.consultancy.uk/firms/valorem-reply/careers,Search results are unverified leads; no board added.,no_url_at_all
Valsoft,Held for identity or scope review,,,,,Official Valsoft careers page links branded Workable jobs company i7bvgtD9zMBw8pksaJ6inV; exact mapping to valsoft-corp tenant remained unconfirmed when wrap-up stopped research.,needs_adapter
Value Innovation Labs,Search leads saved — validation pending,,,,https://www.valueinnovationlabs.com/,Search results are unverified leads; no board added.,no_url_at_all
VanderHouwen,Search leads saved — validation pending,,,,https://www.vanderhouwen.com/job-seekers/,Search results are unverified leads; no board added.,no_url_at_all
Vanguard University of Southern California,University follow-up required,,,,https://www.vanguard.edu/resources/human-resources/vu-careers,"Correct official /resources/human-resources/vu-careers publicly reachable, custom Finalsite vacancy cards/loadmore; no complete adapter.",no_board_found
Vanliner Insurance Company,Search leads saved — validation pending,,,,https://natl.com/careers,Search results are unverified leads; no board added.,no_url_at_all
Varda Space Industries,Added and verified,https://job-boards.greenhouse.io/vardaspace,greenhouse,95,https://www.varda.com/careers,Board registration read back from live database.,board_guessed_unverified
VAS,Search leads saved — validation pending,,,,https://vas.com.sa/careers/,Search results are unverified leads; no board added.,no_url_at_all
VCU Health,Search leads saved — validation pending,,,,https://careers.vcuhealth.org/us/en,Search results are unverified leads; no board added.,no_url_at_all
"Vector Resources, Inc.",Added and verified,https://vectorresources.isolvedhire.com/jobs/,applicantpro,4,https://vectorresources.isolvedhire.com/jobs/1857081-289092.html,Board registration read back from live database.,needs_adapter
VeeRteq Solutions Inc.,Further adapter investigation required,,,,https://candidateportal.ceipal.com/job-details/yw8ffXe40qfA6ju5MOforO9K3YjulcjtHO__8jXcsE8#.job_boards.Indeed,,needs_adapter
Veilant,Added and verified,https://jobs.smartrecruiters.com/Veilant,smartrecruiters,6,https://www.veilant.com/careers/,Board registration read back from live database.,board_guessed_unverified
VELCO - Vermont Electric Power Company,Search leads saved — validation pending,,,,https://www.velco.com/join-our-team,Search results are unverified leads; no board added.,no_url_at_all
Velera,Search leads saved — validation pending,,,,https://www.velera.com/careers,Search results are unverified leads; no board added.,no_url_at_all
Velvet Caviar,Search leads saved — validation pending,,,,https://velvetcaviar.com/pages/about-us,Search results are unverified leads; no board added.,no_url_at_all
Verda Healthcare,Search leads saved — validation pending,,,,https://verdahealthcare.com/category/careers/,Search results are unverified leads; no board added.,no_url_at_all
Vergys,Further adapter investigation required,,,,https://vergys.apscareerportal.com/j/034at1h,,needs_adapter
Verily Health,Search leads saved — validation pending,,,,https://verily.com/careers,Search results are unverified leads; no board added.,no_url_at_all
Verisk,Added and verified,https://fa-ewmy-saasfaprod1.fa.ocs.oraclecloud.com/hcmUI/CandidateExperience/en/sites/CX_1,oracle,153,https://www.verisk.com/company/careers/,Board registration read back from live database.,no_url_at_all
Vermont Mutual Insurance Group,Search leads saved — validation pending,,,,https://www.vermontmutual.com/category/career-opportunities/,Search results are unverified leads; no board added.,no_url_at_all
Vertisystem (A MOURI Tech Company),Search leads saved — validation pending,,,,https://vertisystem.com/careers/,Search results are unverified leads; no board added.,no_url_at_all
Vervint,Further adapter investigation required,,,,http://recruitingbypaycor.com/career/JobIntroduction.action?id=8a7887a1a064211201a0a6ef01605ab6&source=Indeed+Free,,needs_adapter
Vetegrity,Further adapter investigation required,,,,https://vetegrity.jobs.agile-ats.com/jobs/details/175,,needs_adapter
Veteran Hiring Solutions,Further adapter investigation required,,,,https://careers.veteranhiringsolutions.com,,no_board_found
Veterans Benefits Administration,Search leads saved — validation pending,,,,https://benefits.va.gov/BENEFITS/jobs/index.asp,Search results are unverified leads; no board added.,no_url_at_all
Viking,Search leads saved — validation pending,,,,https://www.vikingcareers.com/,Search results are unverified leads; no board added.,no_url_at_all
Village Green Landscapes,Public portal restricted during check,,,,https://www.villagegreenlandscapes.com/careers/?gnk=job&gni=8a78839ea06420ea01a0827358222004&gns=Indeed+Free,,needs_adapter
Virginia Department of Health,Further adapter investigation required,,,,https://www.jobs.virginia.gov/jobs/human-services-program-coordinator-richmond-virginia-united-states-f2a7161d-b59c-45a1-8dbb-48ea6c891ee0,,government_portal
Virginia Mason Franciscan Health,Search leads saved — validation pending,,,,https://www.vmfh.org/careers,Search results are unverified leads; no board added.,no_url_at_all
Visit Salt Lake,Search leads saved — validation pending,,,,https://www.visitsaltlake.com/about-us/employment-opportunities/,Search results are unverified leads; no board added.,no_url_at_all
Visual Connections,Further adapter investigation required,,,,https://www.visualconnections.net/project-analyst,,needs_adapter
Vixxo Facility Solutions,Search leads saved — validation pending,,,,https://www.vixxo.com/about-us/careers,Search results are unverified leads; no board added.,no_url_at_all
VOCAL Technologies,Search leads saved — validation pending,,,,https://vocal.com/about-us/careers/,Search results are unverified leads; no board added.,no_url_at_all
Volunteers of America,Further adapter investigation required,,,,https://voala.hrmdirect.com/employment/view.php?req=3810407&jbsrc=1014&location=8a8f08e6-bd1f-c576-b021-09d1a5da930e,,needs_adapter
"VOSS Automotive, Inc., USA",Search leads saved — validation pending,,,,https://www.linkedin.com/company/voss-automotive-inc-,Search results are unverified leads; no board added.,no_url_at_all
VTG Defense,Adapter validation unresolved,https://www.icims.com/jobs/search?ss=1&in_iframe=1,icims,0,https://careers.vtgdefense.com/jobs/9575/job?utm_source=indeed_integration&iis=Job%20Board&iisn=Indeed&indeed-apply-token=73a2d2b2a8d6d5c0a62696875eaebd669103652d3f0c2cd5445d3e66b1592b0f,PartialScrapeError: 404 Client Error: Not Found for url: https://www.icims.com/jobs/search?ss=1&in_iframe=1,needs_adapter
VyStar Credit Union,Search leads saved — validation pending,,,,https://vystarcu.org/work-with-us,Search results are unverified leads; no board added.,no_url_at_all
WAC Group,Search leads saved — validation pending,,,,https://wacgroup.com/,Search results are unverified leads; no board added.,no_url_at_all
Walker Art Center,Further adapter investigation required,,,,https://ht-jobs.net/a6ovpn8?s=in,,needs_adapter
Walmart Global Tech,Search leads saved — validation pending,,,,https://tech.walmart.com/,Search results are unverified leads; no board added.,staffing_firm
Wasatch Fleet Service,Search leads saved — validation pending,,,,https://www.indeed.com/cmp/Wasatch-Fleet-Service-1?campaignid=mobvjcmp&fromjk=888794cd12ff396b,Search results are unverified leads; no board added.,no_url_at_all
Way Mechanical,Provided URL unavailable,,,,https://waymech.com/careers.html?cjobid=AM597746820&rpid=1695491&postid=2m0aymXU49E&ref=indeed.com,,needs_adapter
Webologix Ltd/ INC,Search leads saved — validation pending,,,,https://www.linkedin.com/company/webologix,Search results are unverified leads; no board added.,no_url_at_all
WEITZ-ABITAT MISSION CRITICAL,Search leads saved — validation pending,,,,https://www.weitz.com/office/weitz-abitat-mission-critical/,Search results are unverified leads; no board added.,no_url_at_all
"WellRithms, Inc.",Further adapter investigation required,,,,https://secure7.saashr.com/ta/6216032.careers?ShowJob=638002645,,needs_adapter
Wellstar Health System,Provided URL unavailable,,,,https://careers.wellstar.org/us/en/job/WHWWHSUSJR75172EXTERNALENUS/Business-Operations-Coordinator-Augusta-Full-Time?utm_source=indeed&utm_medium=phenom-feeds,,needs_adapter
WES HEALTH SYSTEM,Search leads saved — validation pending,,,,https://weshealth.org/careers,Search results are unverified leads; no board added.,no_url_at_all
Wescom Financial,Search leads saved — validation pending,,,,https://www.linkedin.com/company/wescom-financial/jobs,Search results are unverified leads; no board added.,no_url_at_all
West Virginia Department of Health,Search leads saved — validation pending,,,,https://health.wv.gov/employment,Search results are unverified leads; no board added.,no_url_at_all
Western & Southern Financial Group,Search leads saved — validation pending,,,,https://www.westernsouthern.com/careers,Search results are unverified leads; no board added.,no_url_at_all
Westphal and Company,Further adapter investigation required,,,,https://jobs.ourcareerpages.com/job/1007280?source=Indeed,,needs_adapter
WestRock Company,Search leads saved — validation pending,,,,https://www.linkedin.com/company/westrockcompany/,Search results are unverified leads; no board added.,no_url_at_all
Whalen Search Group,Search leads saved — validation pending,,,,https://whalensearchgroup.com/,Search results are unverified leads; no board added.,no_url_at_all
Wheeler Clinic,Further adapter investigation required,,,,https://jobs.dayforcehcm.com/en-US/wheeler/CANDIDATEPORTAL/jobs/18771,,needs_adapter
White Sky Technologies LLC,Search leads saved — validation pending,,,,https://www.linkedin.com/company/white-sky-technologies-llc/jobs,Search results are unverified leads; no board added.,no_url_at_all
WHITFIELD SIGNS LLC,Search leads saved — validation pending,,,,https://www.linkedin.com/company/whitfield-signs-llc,Search results are unverified leads; no board added.,no_url_at_all
Wider Security LLC,Search leads saved — validation pending,,,,https://www.widersecurity.com/careers,Search results are unverified leads; no board added.,no_url_at_all
Wild Virginia,Search leads saved — validation pending,,,,https://wildvirginia.org/about-us/employment/,Search results are unverified leads; no board added.,no_url_at_all
Will Leather Goods,Search leads saved — validation pending,,,,https://www.linkedin.com/company/willleathergoods/jobs,Search results are unverified leads; no board added.,no_url_at_all
"Williams-Sonoma, Inc. Supply Chain",Search leads saved — validation pending,,,,https://wssupplychain.applicantstack.com/x/detail/a2xw2ed85al5?filter=&jobdate=&joblocation=MS&jobtitle=,Search results are unverified leads; no board added.,no_url_at_all
"Wilmot Modular Structures, Inc.",Search leads saved — validation pending,,,,https://www.wilmotmodular.com/careers,Search results are unverified leads; no board added.,no_url_at_all
Winchester Interconnect,Search leads saved — validation pending,,,,https://www.linkedin.com/company/winchester-interconnect/jobs,Search results are unverified leads; no board added.,no_url_at_all
Wingstop Restaurants Inc.,Search leads saved — validation pending,,,,https://www.linkedin.com/company/wingstop-restaurants-inc-/jobs,Search results are unverified leads; no board added.,no_url_at_all
Wisconsin Union,Search leads saved — validation pending,,,,https://union.wisc.edu/get-involved/jobs/apply-now,Search results are unverified leads; no board added.,no_url_at_all
Wise Australia Investments,Further adapter investigation required,,,,https://wise.jobs/job/lead-product-analyst-growth-in-austin-jid-4159,,needs_adapter
Wispr Flow,Search leads saved — validation pending,,,,https://wisprflow.ai/careers,Search results are unverified leads; no board added.,no_url_at_all
Withum,Search leads saved — validation pending,,,,https://www.withum.com/careers/,Search results are unverified leads; no board added.,no_url_at_all
WITRON Group,Public portal restricted during check,,,,https://careers.witron.com,,no_board_found
Women In Science,Search leads saved — validation pending,,,,https://womeninscience.com/,Search results are unverified leads; no board added.,no_url_at_all
Woodwright,Search leads saved — validation pending,,,,https://woodwright.net/careers/,Search results are unverified leads; no board added.,no_url_at_all
World Relief,Search leads saved — validation pending,,,,https://worldrelief.org/careers/,Search results are unverified leads; no board added.,no_url_at_all
Worldly,Held for identity or scope review,,,,,Official Worldly careers URLs returned HTTP403; Ashby tenant linkage not independently saved.,board_guessed_unverified
Woven by Toyota,Search leads saved — validation pending,,,,https://woven.toyota/en/careers,Search results are unverified leads; no board added.,no_url_at_all
"X, The Moonshot Factory",Search leads saved — validation pending,,,,https://www.linkedin.com/company/x/jobs,Search results are unverified leads; no board added.,no_url_at_all
Xanterra Travel Collection,Search leads saved — validation pending,,,,https://www.xanterrajobs.com/xanterra-home,Search results are unverified leads; no board added.,no_url_at_all
Xenith Solutions,Search leads saved — validation pending,,,,https://xenithsolutions.applytojob.com/apply,Search results are unverified leads; no board added.,no_url_at_all
Xenoss,Further adapter investigation required,,,,https://xenoss.io/careers/staff-ai-engineer-ai-architect,,needs_adapter
Xforia Global Talent  & Technology Solutions,Search leads saved — validation pending,,,,https://www.linkedin.com/company/xforiainc,Search results are unverified leads; no board added.,no_url_at_all
Y-12 National Security Complex,Search leads saved — validation pending,,,,https://www.y12.doe.gov/careers,Search results are unverified leads; no board added.,no_url_at_all
Yancey Bros. Co.,Provided URL unavailable,,,,https://careers.yanceybros.com,,no_board_found
Yaskawa Motoman,Search leads saved — validation pending,,,,https://www.yaskawa.com/?nexturl=%2Fmyworks,Search results are unverified leads; no board added.,no_url_at_all
Yazaki,Added and verified,https://careers.yazaki.com,successfactors,76,https://careers.yazaki.com/job/El-Paso-Lead-Product-Coordinator%2C-Warehousing-TX-79901/1345872255/,Board registration read back from live database.,needs_adapter
"Yellow Duck Technologies, Inc.",Further adapter investigation required,,,,https://gethired.com/job/cleared-junior-software-engineer-1?rcid=inply,,needs_adapter
YETI,Search leads saved — validation pending,,,,https://www.yeti.com/yeti-careers.html,Search results are unverified leads; no board added.,no_url_at_all
YIIU,Search leads saved — validation pending,,,,https://www.career.com/job/yiiu/catholic-religious-education-coordinator/j202607262110183527183,Search results are unverified leads; no board added.,no_url_at_all
YMCA of Metropolitan Atlanta,Search leads saved — validation pending,,,,https://www.ymca.org/get-involved/careers/opportunities/open-positions/24087,Search results are unverified leads; no board added.,no_url_at_all
Your Golf Travel,Further adapter investigation required,,,,https://premiergolf.teamtailor.com/jobs/8342703-product-coordinator,,needs_adapter
YQN Logistics,Search leads saved — validation pending,,,,https://job-boards.greenhouse.io/yqn?error=true,Search results are unverified leads; no board added.,no_url_at_all
Zac Culbreth Architecture,Search leads saved — validation pending,,,,https://zacculbreth.com/,Search results are unverified leads; no board added.,no_url_at_all
Zachary Piper Solutions,Further adapter investigation required,,,,https://careers.zacharypiper.com,,no_board_found
Zephan Parker | Parker Boot Company,Search leads saved — validation pending,,,,https://www.linkedin.com/company/zephanparker,Search results are unverified leads; no board added.,no_url_at_all
Ziglift Material Handling,Search leads saved — validation pending,,,,https://www.ziglift.com/blog/careers/,Search results are unverified leads; no board added.,no_url_at_all
"ZincFive, Inc.",Search leads saved — validation pending,,,,https://zincfive.com/,Search results are unverified leads; no board added.,no_url_at_all
ZT Systems,Search leads saved — validation pending,,,,https://ztsystems.com/careers/,Search results are unverified leads; no board added.,no_url_at_all
引力传媒股份有限公司,Search leads saved — validation pending,,,,https://m.zhipin.com/companys/1c5fb0cb575b64181nd53ty7.html,Search results are unverified leads; no board added.,no_url_at_all
Achieve,Further adapter investigation required,,,,https://careers.achieve.com,,no_board_found
AdaptHealth,Public portal restricted during check,,,,https://careers.adapthealth.com,,fetch_failed
ADM,Further adapter investigation required,,,,https://careers.adm.com,,no_board_found
Advanced Energy,Adapter validation unresolved,https://jobs.advanced-energy.com,successfactors,0,https://jobs.advanced-energy.com,,board_resolved_but_unused
AFRY,Readable — identity review pending,https://jobs.smartrecruiters.com/AFRY,smartrecruiters,920,https://jobs.smartrecruiters.com/AFRY,,not_attempted
AHOLD Delhaize,Further adapter investigation required,,,,https://careers.aholddelhaize.com,,no_board_found
AIM,Readable — identity review pending,https://jobs.ashbyhq.com/aim,ashby,21,https://jobs.ashbyhq.com/aim,,not_attempted
AIOS,Readable — identity review pending,https://jobs.ashbyhq.com/aios,ashby,14,https://jobs.ashbyhq.com/aios,,not_attempted
Air Products,Fetch failed during check,,,,https://jobs.air-products.com,"ConnectTimeout: HTTPSConnectionPool(host='jobs.air-products.com', port=443): Max retries exceeded with url: / (Caused by ConnectTimeoutError(<HTTPSConnection(host='jobs.air-products.com', port=443) at 0x1ebe531ae90>,",fetch_failed
ALSO.,Adapter validation unresolved,https://careers.also.com,successfactors,0,https://careers.also.com,,board_resolved_but_unused
American Battery Technology Company,Further adapter investigation required,,,,https://careers.americanbatterytechnology.com,,no_board_found
Amethyst Partners,Fetch failed during check,,,,https://careers.amethystpartners.com,"ConnectTimeout: HTTPSConnectionPool(host='careers.amethystpartners.com', port=443): Max retries exceeded with url: / (Caused by ConnectTimeoutError(<HTTPSConnection(host='careers.amethystpartners.com', port=443) at 0",fetch_failed
Ancestry,Further adapter investigation required,,,,https://careers.ancestry.com,,no_board_found
"Apogee Enterprises, Inc.",Fetch failed during check,,,,https://jobs.apogeeenterprises.com,"ConnectTimeout: HTTPSConnectionPool(host='jobs.apogeeenterprises.com', port=443): Max retries exceeded with url: / (Caused by ConnectTimeoutError(<HTTPSConnection(host='jobs.apogeeenterprises.com', port=443) at 0x20f",fetch_failed
Armison Tech,Further adapter investigation required,,,,https://jobs.armisontech.com,,no_board_found
ASSA ABLOY Group,Further adapter investigation required,,,,https://careers.assaabloy.com,,no_board_found
AstraZeneca,Added and verified,https://astrazeneca.eightfold.ai/careers?domain=astrazeneca.com,eightfold,348,https://careers.astrazeneca.com/,Board registration read back from live database.,no_board_found
Augusta University,University follow-up required,,,,https://www.augusta.edu/hr/jobs/,"SSLError: HTTPSConnectionPool(host='www.augusta.edu', port=443): Max retries exceeded with url: /hr/jobs/ (Caused by SSLError(SSLCertVerificationError(1, '[SSL: CERTIFICA",fetch_failed
Auntie Anne's,Further adapter investigation required,,,,https://careers.auntieannes.com,,no_board_found
Avalon Health Care Group,Further adapter investigation required,,,,https://careers.avalonhealthcare.com,,no_board_found
Averro,Further adapter investigation required,,,,https://jobs.averro.com,,fetch_failed
Axiologic Solutions,Further adapter investigation required,,,,https://careers.axiologicsolutions.com,,fetch_failed
B&A,Adapter validation unresolved,https://careers.ba.com/search-jobs?acm=59417&alrpm=2635167&ascf=%5B%7B%22key%22%3A%22ALL%22%2C%22value%22%3A%22%22%7D%5D,radancy,0,https://careers.ba.com,,fetch_failed
bartaco,Further adapter investigation required,,,,https://jobs.bartaco.com,,no_board_found
Benchmark Gensuite®,Public portal restricted during check,,,,https://careers.benchmarkgensuite.com,,fetch_failed
Best Egg,Public portal restricted during check,,,,https://careers.best-egg.com,,fetch_failed
Black Duck,Fetch failed during check,,,,https://job-boards.greenhouse.io/blackduck,"ReadTimeout: HTTPSConnectionPool(host='job-boards.greenhouse.io', port=443): Read timed out. (read timeout=8.0)",not_attempted
BMS CAT,Further adapter investigation required,,,,https://jobs.bmscat.com,,no_board_found
BOK Financial,Further adapter investigation required,,,,https://careers.bok-financial.com,,no_board_found
Boston University,University follow-up required,,,,https://jobs.silkroad.com/BU/External,Official bu.edu/hr/careers links https://jobs.silkroad.com/BU/External200. Silkroad adapter not implemented.,no_board_found
Buffalo Wild Wings,Further adapter investigation required,,,,https://careers.buffalowildwings.com,,no_board_found
Canopy Tax,Fetch failed during check,,,,https://job-boards.greenhouse.io/canopytax,"ReadTimeout: HTTPSConnectionPool(host='job-boards.greenhouse.io', port=443): Read timed out. (read timeout=8.0)",not_attempted
Cape,Readable — identity review pending,https://jobs.ashbyhq.com/cape,ashby,25,https://jobs.ashbyhq.com/cape,,not_attempted
Capital Vacations,Further adapter investigation required,,,,https://careers.capitalvacations.com,,no_board_found
CareSource,Adapter validation unresolved,https://careers.caresource.com/search-jobs,radancy,0,https://careers.caresource.com,,fetch_failed
"CESO, INC.",Readable — identity review pending,https://jobs.lever.co/ceso,lever,38,https://jobs.lever.co/ceso,,not_attempted
CFRA Research,Added and verified,https://cfra.pinpointhq.com,pinpoint,5,https://www.cfraresearch.com/careers/,Board registration read back from live database.,no_board_found
CHAMP,Fetch failed during check,,,,https://careers.champ.com,"ConnectionError: ('Connection aborted.', ConnectionResetError(10054, 'An existing connection was forcibly closed by the remote host', None, 10054, None))",no_board_found
Cielo Talent,Added and verified,https://jobs.smartrecruiters.com/Cielo2,smartrecruiters,75,https://careers.cielotalent.com/en/jobs,Board registration read back from live database.,no_board_found
CITY HOME,Added and verified,https://recruiting.ultipro.com/CIT1035CIFR/JobBoard/9230cd8b-3a93-4eec-9a9f-13cc158230a6,ultipro,91,https://jobs.cityhome.com/jobs,Board registration read back from live database.,no_board_found
City of Arvada,Fetch failed during check,,,,https://careers.cityofarvada.com,"ConnectTimeout: HTTPSConnectionPool(host='careers.cityofarvada.com', port=443): Max retries exceeded with url: / (Caused by ConnectTimeoutError(<HTTPSConnection(host='careers.cityofarvada.com', port=443) at 0x20fcbb2",fetch_failed
City of Morgantown,Fetch failed during check,,,,https://careers.cityofmorgantown.com,ValueError: blocked non-public URL: https://careers.cityofmorgantown.com,fetch_failed
Clarvida,Further adapter investigation required,,,,https://careers.clarvida.com,,no_board_found
Cloudforce,Further adapter investigation required,,,,https://careers.cloudforce.com,,no_board_found
Con Edison,Fetch failed during check,,,,https://careers.con-edison.com,"ConnectTimeout: HTTPSConnectionPool(host='careers.con-edison.com', port=443): Max retries exceeded with url: / (Caused by ConnectTimeoutError(<HTTPSConnection(host='careers.con-edison.com', port=443) at 0x1ebe531aad0",fetch_failed
Corient,Public portal restricted during check,,,,https://careers.corient.com,,fetch_failed
CoStar Group,Readable — identity review pending,https://job-boards.greenhouse.io/costar,greenhouse,8,https://job-boards.greenhouse.io/costar,,not_attempted
Crestwood Partners,Provided URL unavailable,,,,https://jobs.crestwood-partners.com,,fetch_failed
CRH,Further adapter investigation required,,,,https://jobs.crh.com,,no_board_found
DeAngelis Diamond,Further adapter investigation required,,,,https://careers.deangelisdiamond.com,,no_board_found
Delaware North,Further adapter investigation required,,,,https://careers.delawarenorth.com,,no_board_found
Delta Progress Group Inc,Fetch failed during check,,,,https://careers.deltaprogress.com,"ConnectTimeout: HTTPSConnectionPool(host='careers.deltaprogress.com', port=443): Max retries exceeded with url: / (Caused by ConnectTimeoutError(<HTTPSConnection(host='careers.deltaprogress.com', port=443) at 0x1bc0b",fetch_failed
DJ&A,Further adapter investigation required,,,,https://careers.dja.com,,fetch_failed
DwyerOmega,Fetch failed during check,,,,https://careers.dwyeromega.com,"SSLError: HTTPSConnectionPool(host='careers.dwyeromega.com', port=443): Max retries exceeded with url: / (Caused by SSLError(SSLCertVerificationError(1, '[SSL: CERTIFICATE_VERIFY_FAILED] certificate verify fail",no_board_found
Dynamo Technologies,Further adapter investigation required,,,,https://careers.dynamo.com,,no_board_found
EC Source,Search leads saved — validation pending,,,,https://ecsourceservices.com/careers/,Search results are unverified leads; no board added.,fetch_failed
Edgewater Federal Solutions,Further adapter investigation required,,,,https://careers.edgewaterfederalsolutions.com,,fetch_failed
EMERGING BLUE,Further adapter investigation required,,,,https://jobs.emergingblue.com,,fetch_failed
Enstall,Further adapter investigation required,,,,https://careers.enstall.com,,no_board_found
Equans,Public portal restricted during check,,,,https://jobs.equans.com,,no_board_found
EthosEnergy,Further adapter investigation required,,,,https://careers.ethosenergy.com,,fetch_failed
Fairbanks Scales,Fetch failed during check,,,,https://careers.fairbanksscales.com,"ConnectTimeout: HTTPSConnectionPool(host='careers.fairbanksscales.com', port=443): Max retries exceeded with url: / (Caused by ConnectTimeoutError(<HTTPSConnection(host='careers.fairbanksscales.com', port=443) at 0x1",fetch_failed
FBT Gibbons,Fetch failed during check,,,,https://careers.fbtgibbons.com,"SSLError: HTTPSConnectionPool(host='careers.fbtgibbons.com', port=443): Max retries exceeded with url: / (Caused by SSLError(SSLError(1, '[SSL: TLSV1_ALERT_INTERNAL_ERROR] tlsv1 alert internal error (_ssl.c:108",fetch_failed
finalsite,Provided URL unavailable,,,,https://careers.finalsite.com,,fetch_failed
"First cover, Inc",Fetch failed during check,,,,https://careers.firstver.com,"ConnectTimeout: HTTPSConnectionPool(host='careers.firstver.com', port=443): Max retries exceeded with url: / (Caused by ConnectTimeoutError(<HTTPSConnection(host='careers.firstver.com', port=443) at 0x20fcbb2a490>, '",fetch_failed
Florida National University,University follow-up required,,,,https://workforcenow.adp.com/mascsr/default/mdf/recruitment/recruitment.html?cid=0bb81b61-1bb5-4110-a562-39e04c9b9598,Official fnu.edu/employment redirects ADP cid0bb81b61-1bb5-4110-a562-39e04c9b9598 withoutccId; center identity must be resolved instead of guessing.,no_board_found
Flowco Holdings,Fetch failed during check,,,,https://careers.flowco.com,"ConnectTimeout: HTTPSConnectionPool(host='careers.flowco.com', port=443): Max retries exceeded with url: / (Caused by ConnectTimeoutError(<HTTPSConnection(host='careers.flowco.com', port=443) at 0x1ebe547b250>, 'Conn",fetch_failed
Fora Travel,Readable — identity review pending,https://job-boards.greenhouse.io/foratravel,greenhouse,41,https://job-boards.greenhouse.io/foratravel,,not_attempted
Frontwave Credit Union,Further adapter investigation required,,,,https://careers.frontwavecreditunion.com,,no_board_found
Fulfil,Readable — identity review pending,https://job-boards.greenhouse.io/fulfil,greenhouse,9,https://job-boards.greenhouse.io/fulfil,,not_attempted
Galaxy,Readable — identity review pending,https://job-boards.greenhouse.io/galaxy,greenhouse,3,https://job-boards.greenhouse.io/galaxy,,not_attempted
Genworth,Added and verified,https://gnw.wd1.myworkdayjobs.com/GNW,workday,68,https://www.genworth.com/about-us/building-careers,Board registration read back from live database.,no_board_found
GM Financial,Provided URL unavailable,,,,https://careers.gmfinancial.com,,fetch_failed
Gravity IT Resources,Fetch failed during check,,,,https://careers.gravityitresources.com,ValueError: blocked non-public URL: https://careers.gravityitresources.com,fetch_failed
Great Clips,Further adapter investigation required,,,,https://jobs.greatclips.com,,no_board_found
"Greenpoint Technolgies, Inc.",Search leads saved — validation pending,,,,https://www.indeed.com/cmp/Greenpoint-Technolgies%2C-Inc.?campaignid=mobvjcmp&fromjk=ca37d933e98fa99d,Search results are unverified leads; no board added.,fetch_failed
gWorks,Further adapter investigation required,,,,https://careers.gworks.com,,no_board_found
Harvard Maintenance,Fetch failed during check,,,,https://careers.harvardmaintenance.com,"ConnectTimeout: HTTPSConnectionPool(host='careers.harvardmaintenance.com', port=443): Max retries exceeded with url: / (Caused by ConnectTimeoutError(<HTTPSConnection(host='careers.harvardmaintenance.com', port=443) ",no_board_found
Hilltop Holdings,Added and verified,https://ejlu.fa.us2.oraclecloud.com/hcmUI/CandidateExperience/en/sites/HilltopHoldingsAllJobs,oracle,266,https://hilltop.com/careers/,Board registration read back from live database.,no_board_found
HUD,Readable — identity review pending,https://jobs.ashbyhq.com/hud,ashby,17,https://jobs.ashbyhq.com/hud,,not_attempted
Husco,Further adapter investigation required,,,,https://careers.husco.com,,no_board_found
ifm,Adapter validation unresolved,https://jobs.ifm.com,successfactors,0,https://jobs.ifm.com,,board_resolved_but_unused
Indiana University Bloomington,Added and verified,https://hrms.iu.edu/psc/PH1PRD_PUB/EMPLOYEE/HRMS/c/HRS_HRAM_FL.HRS_CG_SEARCH_FL.GBL,peoplesoft,324,https://hr.iu.edu/working-at-iu/job-search/index.html,Board registration read back from live database.,fetch_failed
infraSource,Search leads saved — validation pending,,,,https://www.infrasourceus.com/careers/,Search results are unverified leads; no board added.,fetch_failed
Inspire Brands,Added and verified,https://inspirebrands.wd5.myworkdayjobs.com/InspireCareers,workday,88,https://careers.inspirebrands.com/early-careers,Board registration read back from live database.,no_board_found
IntelliGenesis LLC®,Further adapter investigation required,,,,https://careers.intelligenesisllc.com,,no_board_found
IPSEN,Adapter validation unresolved,https://ipsen.wd103.myworkdayjobs.com/fr-FR,workday,0,https://careers.ipsen.com,RuntimeError: Workday ipsen/fr-FR unreadable (HTTP 404 S21),fetch_failed
ITS Logistics,Fetch failed during check,,,,https://careers.its-logistics.com,"ConnectTimeout: HTTPSConnectionPool(host='careers.its-logistics.com', port=443): Max retries exceeded with url: / (Caused by ConnectTimeoutError(<HTTPSConnection(host='careers.its-logistics.com', port=443) at 0x1bc0a",fetch_failed
J.Hilburn,Public portal restricted during check,,,,https://careers.jhilburn.com,,fetch_failed
JD.COM,Further adapter investigation required,,,,https://careers.jdcom.com,,no_board_found
JLG,Further adapter investigation required,,,,https://jobs.jlg.com,,no_board_found
Knife River Corporation,Further adapter investigation required,,,,https://jobs.kniferiver.com,,no_board_found
Kraken,Added and verified,https://jobs.ashbyhq.com/kraken.com,ashby,75,https://www.kraken.com/careers,Board registration read back from live database.,board_resolved_but_unused
Lazer Logistics,Further adapter investigation required,,,,https://jobs.lazerlogistics.com,,no_board_found
Ledcor,Public portal restricted during check,,,,https://jobs.ledcor.com,,fetch_failed
Loomis US,Fetch failed during check,,,,https://careers.loomisus.com,"ConnectTimeout: HTTPSConnectionPool(host='careers.loomisus.com', port=443): Max retries exceeded with url: / (Caused by ConnectTimeoutError(<HTTPSConnection(host='careers.loomisus.com', port=443) at 0x1ebe5478e10>, '",fetch_failed
Lucasfilm,Readable — identity review pending,https://www.disneycareers.com/en/search-jobs?acm=ALL&alrpm=ALL&ascf=%5B%7B%22key%22%3A%22custom_fields.IndustryCustomField%22%2C%22value%22%3A%22Lucasfilm%22%7D%2C%7B%22key%22%3A%22custom_fields.IndustryCustomField%22%2C%22value%22%3A%22Industrial+Light+%26+Magic%22%7D%5D,radancy,819,https://jobs.lucasfilm.com,,no_board_found
Magnera,Public portal restricted during check,,,,https://careers.magnera.com,,fetch_failed
Marco's Pizza,Further adapter investigation required,,,,https://careers.marcospizza.com,,no_board_found
MedPro Group,Added and verified,https://medprou.csod.com/ux/ats/careersite/5/home,cornerstone,18,https://careers.medpro.com/,Board registration read back from live database.,no_board_found
Melaleuca: The Wellness Company,Fetch failed during check,,,,https://careers.melaleucawellness.com,"ConnectTimeout: HTTPSConnectionPool(host='careers.melaleucawellness.com', port=443): Max retries exceeded with url: / (Caused by ConnectTimeoutError(<HTTPSConnection(host='careers.melaleucawellness.com', port=443) at",fetch_failed
Merakey,Further adapter investigation required,,,,https://careers.merakey.com,,no_board_found
MGMA,Further adapter investigation required,,,,https://careers.mgma.com,,no_board_found
Millennial Software,Fetch failed during check,,,,https://careers.millennialsoftware.com,"ConnectTimeout: HTTPSConnectionPool(host='careers.millennialsoftware.com', port=443): Max retries exceeded with url: / (Caused by ConnectTimeoutError(<HTTPSConnection(host='careers.millennialsoftware.com', port=443) ",fetch_failed
Mimecast,Further adapter investigation required,,,,https://careers.mimecast.com,,no_board_found
Mister Car Wash,Further adapter investigation required,,,,https://careers.mistercarwash.com,,no_board_found
Mobility Global,Further adapter investigation required,,,,https://careers.mobilityglobal.com,,no_board_found
Modernize,Readable — identity review pending,https://job-boards.greenhouse.io/modernize,greenhouse,10,https://job-boards.greenhouse.io/modernize,,not_attempted
MONK,Readable — identity review pending,https://jobs.ashbyhq.com/monk,ashby,16,https://jobs.ashbyhq.com/monk,,not_attempted
Moss,Readable — identity review pending,https://jobs.ashbyhq.com/moss,ashby,31,https://jobs.ashbyhq.com/moss,,not_attempted
MTN Global,Fetch failed during check,,,,https://careers.mtnglobal.com,"ConnectTimeout: HTTPSConnectionPool(host='careers.mtnglobal.com', port=443): Max retries exceeded with url: / (Caused by ConnectTimeoutError(<HTTPSConnection(host='careers.mtnglobal.com', port=443) at 0x1bc0afb6d50>,",fetch_failed
Mutual of Omaha,Further adapter investigation required,,,,https://careers.mutualofomaha.com,,no_board_found
"Naval Systems, Inc.",Fetch failed during check,,,,https://careers.navalsystems.com,"ConnectTimeout: HTTPSConnectionPool(host='careers.navalsystems.com', port=443): Max retries exceeded with url: / (Caused by ConnectTimeoutError(<HTTPSConnection(host='careers.navalsystems.com', port=443) at 0x16eeec9",fetch_failed
NESN,Added and verified,https://workforcenow.adp.com/mascsr/default/mdf/recruitment/recruitment.html?cid=67a92006-fb4d-4c36-b69b-1c13bf1bf63e&ccId=19000101_000001,adp,4,https://careers.nesn.com/,Board registration read back from live database.,no_board_found
Netfor,Further adapter investigation required,,,,https://careers.netfor.com,,no_board_found
North Highland,Further adapter investigation required,,,,https://careers.northhighland.com,,no_board_found
Northern VA Community College,University follow-up required,,,,https://jobs.vccs.edu/postings/search,Official VCCS PeopleAdmin posting search filters organizational tiers7469-7484. Existing PeopleAdmin feed discards filters; cannot label system jobs as NOVA.,fetch_failed
Novartis,Further adapter investigation required,,,,https://careers.novartis.com,,no_board_found
Nutreco,Further adapter investigation required,,,,https://careers.nutreco.com,,no_board_found
Nuuly,Search leads saved — validation pending,,,,https://www.nuuly.com/,Search results are unverified leads; no board added.,fetch_failed
Oatly Inc.,Further adapter investigation required,,,,https://careers.oatly.com,,no_board_found
OCEAN COUNTY COLLEGE,Added and verified,https://www.schooljobs.com/careers/ocean,schooljobs,31,https://www.ocean.edu/about/human-resources/,Board registration read back from live database.,fetch_failed
Old Republic International,Further adapter investigation required,,,,https://careers.oldrepublicinternational.com,,fetch_failed
Osaic,Further adapter investigation required,,,,https://careers.osaic.com,,no_board_found
Owens & Minor,Further adapter investigation required,,,,https://careers.owensminor.com,,no_board_found
Pacific Guardian Life,Fetch failed during check,,,,https://jobs.pacificguardianlife.com,"ConnectTimeout: HTTPSConnectionPool(host='jobs.pacificguardianlife.com', port=443): Max retries exceeded with url: / (Caused by ConnectTimeoutError(<HTTPSConnection(host='jobs.pacificguardianlife.com', port=443) at 0",fetch_failed
Passion,Further adapter investigation required,,,,https://careers.passion.com,,no_board_found
PathLabs,Further adapter investigation required,,,,https://jobs.pathlabs.com,,no_board_found
Philips,Added and verified,https://philips.wd3.myworkdayjobs.com/jobs-and-careers,workday,831,https://www.careers.philips.com/na/en/search-results,Board registration read back from live database.,no_board_found
Posh,Held for identity or scope review,,,,,"Official Posh AI careers page embeds Ashby posh-ai, not proposed posh tenant. Posh backlog name ambiguous; do not adopt guessed tenant.",not_attempted
PSEG,Adapter validation unresolved,https://jobs.pseg.com,successfactors,0,https://jobs.pseg.com,,board_resolved_but_unused
PUMA,Further adapter investigation required,,,,https://jobs.puma.com,,no_board_found
QTS,Search leads saved — validation pending,,,,https://www.qtsgroup.com/vacancy/,Search results are unverified leads; no board added.,identity_unproven
Qualis LLC,Fetch failed during check,,,,https://careers.qualisllc.com,"ConnectTimeout: HTTPSConnectionPool(host='careers.qualisllc.com', port=443): Max retries exceeded with url: / (Caused by ConnectTimeoutError(<HTTPSConnection(host='careers.qualisllc.com', port=443) at 0x1bc0b2dda90>,",fetch_failed
Quality Custom Distribution,Public portal restricted during check,,,,https://careers.qualitycustomdistribution.com,,fetch_failed
Quantum Space,Fetch failed during check,,,,https://careers.quantum-space.com,"ConnectTimeout: HTTPSConnectionPool(host='careers.quantum-space.com', port=443): Max retries exceeded with url: / (Caused by ConnectTimeoutError(<HTTPSConnection(host='careers.quantum-space.com', port=443) at 0x16eee",fetch_failed
Que Technology Group,Fetch failed during check,,,,https://jobs.quetechnology.com,"ConnectTimeout: HTTPSConnectionPool(host='jobs.quetechnology.com', port=443): Max retries exceeded with url: / (Caused by ConnectTimeoutError(<HTTPSConnection(host='jobs.quetechnology.com', port=443) at 0x20fce4d4550",fetch_failed
Quoreka,Further adapter investigation required,,,,https://careers.quoreka.com,,no_board_found
RADcube,Further adapter investigation required,,,,https://jobs.radcube.com,,no_board_found
"Radeus Labs, Inc.",Provided URL unavailable,,,,https://careers.radeuslabs.com,,fetch_failed
Rapid Cycle Solutions,Further adapter investigation required,,,,https://careers.rapidcyclesolutions.com,,no_board_found
Red 6,Held for identity or scope review,,,,,Official Red6 careers page returnedHTTP403; Ashby red6 tenant linkage not independently saved.,not_attempted
Redwire Space,Further adapter investigation required,,,,https://careers.redwirespace.com,,fetch_failed
Refresco,Further adapter investigation required,,,,https://careers.refresco.com,,no_board_found
REH Services,Further adapter investigation required,,,,https://careers.rehservices.com,,no_board_found
Reverb,Public portal restricted during check,,,,https://jobs.reverb.com,,fetch_failed
Rio Tinto,Further adapter investigation required,,,,https://jobs.riotinto.com,,no_board_found
Rooms To Go,Further adapter investigation required,,,,https://careers.roomstogo.com,,no_board_found
SAB,Further adapter investigation required,,,,https://careers.sab.com,,no_board_found
SAS,Held for identity or scope review,,,,,"Identity mismatch: Greenhouse sas is Superior Alarm Systems, not SAS.",not_attempted
Sasol,Adapter validation unresolved,https://jobs.sasol.com,successfactors,0,https://jobs.sasol.com,,board_resolved_but_unused
Save A Lot,Further adapter investigation required,,,,https://careers.savealot.com,,no_board_found
Shearer's Foods,Fetch failed during check,,,,https://careers.shearersfoods.com,"ConnectTimeout: HTTPSConnectionPool(host='careers.shearersfoods.com', port=443): Max retries exceeded with url: / (Caused by ConnectTimeoutError(<HTTPSConnection(host='careers.shearersfoods.com', port=443) at 0x16eee",fetch_failed
SmartStyle,Further adapter investigation required,,,,https://jobs.smartstyle.com,,no_board_found
Sobi,Held for identity or scope review,,,,,Official Sobi careers page returnedHTTP403 Cloudflare; old small SmartRecruiters tenant linkage unconfirmed.,not_attempted
Soulful Seeds,Further adapter investigation required,,,,https://careers.soulful-seeds.com,,no_board_found
Sound Decisions,Fetch failed during check,,,,https://careers.sound-decisions.com,"ConnectTimeout: HTTPSConnectionPool(host='careers.sound-decisions.com', port=443): Max retries exceeded with url: / (Caused by ConnectTimeoutError(<HTTPSConnection(host='careers.sound-decisions.com', port=443) at 0x1",fetch_failed
Speedrack West,Further adapter investigation required,,,,https://careers.speedrack-west.com,,no_board_found
State of Maine,Fetch failed during check,,,,https://careers.stateofmaine.com,"SSLError: HTTPSConnectionPool(host='careers.stateofmaine.com', port=443): Max retries exceeded with url: / (Caused by SSLError(SSLError(1, '[SSL: TLSV1_UNRECOGNIZED_NAME] tlsv1 unrecognized name (_ssl.c:1081)')",fetch_failed
State of Montana,Fetch failed during check,,,,https://careers.stateofmontana.com,"SSLError: HTTPSConnectionPool(host='careers.stateofmontana.com', port=443): Max retries exceeded with url: / (Caused by SSLError(SSLEOFError(8, '[SSL: UNEXPECTED_EOF_WHILE_READING] EOF occurred in violation of ",fetch_failed
Sterling,Readable — identity review pending,https://job-boards.greenhouse.io/sterling,greenhouse,2,https://job-boards.greenhouse.io/sterling,,not_attempted
Suburban Propane,Readable — identity review pending,https://careers-suburbanpropane.icims.com/jobs/search?ss=1&in_iframe=1,icims,1,https://jobs.suburbanpropane.com,,no_board_found
swipejobs,Further adapter investigation required,,,,https://careers.swipejobs.com,,no_board_found
Tableau,Public portal restricted during check,,,,https://careers.tableau.com,,fetch_failed
Talent Edge Recruiting,Further adapter investigation required,,,,https://jobs.talentedgerecruiting.com,,staffing_firm
TDS Telecom,Readable — identity review pending,https://external-telecom-teldta.icims.com/jobs/search?ss=1&in_iframe=1,icims,18,https://jobs.tdstelecom.com,,no_board_found
Tecumseh,Further adapter investigation required,,,,https://careers.tecumseh.com,,no_board_found
Teknoluxion,Provided URL unavailable,,,,https://jobs.teknoluxion.com,,fetch_failed
TELUS Digital,Public portal restricted during check,,,,https://careers.telusdigital.com,,no_board_found
The Cure Starts Now,Further adapter investigation required,,,,https://careers.thecurestartsnow.com,,no_board_found
The Garrett Group,Fetch failed during check,,,,https://careers.thegarrett.com,"ConnectTimeout: HTTPSConnectionPool(host='careers.thegarrett.com', port=443): Max retries exceeded with url: / (Caused by ConnectTimeoutError(<HTTPSConnection(host='careers.thegarrett.com', port=443) at 0x16eeec97ed0",fetch_failed
The Gideons International,Fetch failed during check,,,,https://careers.thegideonsinternational.com,"ConnectTimeout: HTTPSConnectionPool(host='careers.thegideonsinternational.com', port=443): Max retries exceeded with url: / (Caused by ConnectTimeoutError(<HTTPSConnection(host='careers.thegideonsinternational.com', ",fetch_failed
Tiny Health,Provided URL unavailable,,,,https://careers.tinyhealth.com,,fetch_failed
Tomorrow.io,Fetch failed during check,,,,https://careers.tomorrow-io.com,ValueError: blocked non-public URL: https://careers.tomorrow-io.com,fetch_failed
Touro University New York,Added and verified,https://tcnycareers-touro.icims.com/jobs/search?ss=1&in_iframe=1,icims,242,https://www.touro.edu/careers/,Board registration read back from live database.,no_board_found
Trilogy Health Services,Further adapter investigation required,,,,https://careers.trilogyhealthservices.com,,fetch_failed
Ultra Maritime,Further adapter investigation required,,,,https://careers.ultramaritime.com,,no_board_found
University of Alabama,Added and verified,https://careers.pageuppeople.com/669/cw/en-us/listing/,pageup,157,https://careers.ua.edu/,Board registration read back from live database.,no_board_found
University of Arizona,Added and verified,https://arizona.csod.com/ux/ats/careersite/4/home,cornerstone,330,https://talent.arizona.edu/,Board registration read back from live database.,no_board_found
University of Hawaii system,Added and verified,https://www.schooljobs.com/careers/hawaiiedu,schooljobs,606,https://www.hawaii.edu/ohr/jobs/,Board registration read back from live database.,no_board_found
University of Missouri-Kansas City,University follow-up required,,,,https://www.umkc.edu/hr/careers/how-to-apply.html,Corrected officialsource returned HTTP404,fetch_failed
University of Tennessee Health Science Center,University follow-up required,,,,https://www.uthsc.edu/hr/employment/,Official Oracle CX_1 returns504 jobs but shared UniversityTennessee system tenant. Requires UTHSC scope before adoption.,fetch_failed
University Yacht Club,No official portal confirmed,,,,,No validated public source established in this pass.,fetch_failed
Vanderbilt Health,Search leads saved — validation pending,,,,https://www.vumc.org/careers,Search results are unverified leads; no board added.,identity_unproven
Varonis,Further adapter investigation required,,,,https://careers.varonis.com,,no_board_found
Venteon,Further adapter investigation required,,,,https://jobs.venteon.com,,fetch_failed
Veolia,Further adapter investigation required,,,,https://jobs.veolia.com,,no_board_found
Versant Media,Adapter validation unresolved,https://jobs.smartrecruiters.com/my-applications,smartrecruiters,0,https://careers.versantmedia.com,,fetch_failed
Victoria's Secret,Adapter validation unresolved,https://vs.avature.net/en_US/SearchJobs,avature,0,https://careers.victoriassecret.com,,fetch_failed
"Vigor, LLC",Fetch failed during check,,,,https://careers.vigorllc.com,"ConnectTimeout: HTTPSConnectionPool(host='careers.vigorllc.com', port=443): Max retries exceeded with url: / (Caused by ConnectTimeoutError(<HTTPSConnection(host='careers.vigorllc.com', port=443) at 0x20fc9a1bed0>, '",fetch_failed
VIRTEX,Further adapter investigation required,,,,https://careers.virtex.com,,no_board_found
voestalpine,Further adapter investigation required,,,,https://jobs.voestalpine.com,,no_board_found
Webcreek,Further adapter investigation required,,,,https://careers.webcreek.com,,no_board_found
West Shore Home,Further adapter investigation required,,,,https://careers.westshorehome.com,,no_board_found
WILD ADVENTURES,Further adapter investigation required,,,,https://careers.wild-adventures.com,,no_board_found
Wilshire Lane Capital,Further adapter investigation required,,,,https://jobs.wilshirelanecapital.com,,no_board_found
WinCo Foods,Readable — identity review pending,https://careers-winco.icims.com/jobs/search?ss=1&in_iframe=1,icims,152,https://careers.wincofoods.com,,no_board_found
WTW,Readable — identity review pending,https://jobs.smartrecruiters.com/WTW,smartrecruiters,7,https://jobs.smartrecruiters.com/WTW,,not_attempted
YMCA,Search leads saved — validation pending,,,,https://www.ymca.org/get-involved/careers/opportunities/open-positions,Search results are unverified leads; no board added.,fetch_failed
Zions Bancorporation,Further adapter investigation required,,,,https://careers.zionsbancorporation.com,,no_board_found
